serial_no,exam_name,question,options/A,options/B,options/C,options/D,answer,explanation
1,MAT 2024-2025,মস্তিষ্কের কোন অংশ মানুষের ক্ষুধা নিয়ন্ত্রণ করে?,মেডুলা অবলংগাটা,সেরিবেলাম,হাইপোথ্যালামাস,সেরিব্রাম,C,"হাইপোথ্যালামাস → ক্ষুধা, তৃষ্ণা, ঘাম, ঘুম, রাগ, পীড়ন, ভালোলাগা, ঘৃণা, উদ্বেগ প্রভৃতির কেন্দ্র হিসেবে কাজ করে; স্বয়ংক্রিয় স্নায়ুকেন্দ্রের কেন্দ্র হিসেবে কাজ করে; দেহতাপ নিয়ন্ত্রণ করে; অন্তঃক্ষরা গ্রন্থির ক্ষরণ এবং রক্তচাপ নিয়ন্ত্রণ করে।"
2,MAT 2024-2025,ডেলটয়েড টিউবারসিটি কোন অস্থির অংশ?,আলনা,স্ক্যাপুলা,রেডিয়াস,হিউমেরাস,D,"হিউমেরাস → ঊর্ধ্ববাহুর প্রথম অস্থি, টিউবার্কলের নিচে সার্জিকাল গ্রীবা থেকে মূল দেহ গঠিত হয়, মূল দেহের মধ্যভাগে পেশি সংযুক্তির জন্য খসখসে ডেলটয়েড রিজ রয়েছে।"
3,MAT 2024-2025,ফুসফুসের আবরণকে কি বলে?,গ্লিসন ক্যাপসুল,পেরিকার্ডিয়াম,ডায়াফ্রাম,প্লিওরা,D,ফুসফুসের আবরণ → প্লিউরা; হৃৎপিন্ডের আবরণ → পেরিকার্ডিয়াম; যকৃতের আবরণ→ গ্লিসন'স ক্যাপসুল।
4,MAT 2024-2025,নিচের কোনটি মানুষের দ্বিতীয় মস্তিষ্ক হিসাবে পরিচিত?,সুষুম্না কাণ্ড,এন্টেরিক স্নায়ুতন্ত্র,এক্সট্রিনসিক স্নায়ুতন্ত্র,মেডুলা অবলংগাটা,B,"দুটি ভিন্ন ধরনের স্নায়ুজালক মানুষের খাদ্য পরিপাক নিয়ন্ত্রণ করে-
(i) এক্সট্রিনসিক প্লেক্সাস
(ii) ইনট্রিনসিক প্রেক্সাস / অন্ত্রীয় (Enteric) স্নায়ুতন্ত্রঃ বিজ্ঞানীরা মানুষের দ্বিতীয় মস্তিষ্ক হিসেবে আখ্যায়িত করেছেন।"
5,MAT 2024-2025,কানের কোন অংশ ভারসাম্য রক্ষায় কাজ করে?,কর্ণাস্থি,ভেস্টিবুলার যন্ত্র,টিমপেনিক পর্দা,ককলিয়ার বডি,B,"মানুষের ভারসাম্যের অঙ্গকে ভেস্টিবুলার অ্যাপারেটাস / ভেস্টিবুলার যন্ত্র বলে। ইউট্রিকুলাস, স্যাকুলাস ও অর্ধবৃত্তাকার নালিগুলো ভেস্টিবুলার যন্ত্র গঠন করে।"
6,MAT 2024-2025,নিচের কোন হরমোনটি মানুষের ডিম্বাশয় থেকে নিঃসৃত হয়??,অক্সিটোসিন,প্রোল্যাকটিন,প্রজেস্টেরন,থাইরোনিন,C,"ডিম্বাশয় নিঃসৃত হরমোন → ইস্ট্রোজেন ও প্রজেস্টেরন;
থাইরোনিন → থাইরয়েড নিঃসৃত হরমোন;
প্রোল্যাকটিন → অগ্র পিটুইটারি নিঃসৃত হরমোন;
অক্সিটোসিন → পশ্চাৎ পিটুইটারি নিঃসৃত হরমোন।"
7,MAT 2024-2025,কোন চক্রের মাধ্যমে যকৃতে ইউরিয়া তৈরী হয়?,কার্বন চক্র,অরনিথিন চক্র,ক্রেবস চক্র,নাইট্রোজেন চক্র,B,"অরনিথিন চক্র এ প্রক্রিয়ায় যকৃত অত্যন্ত বিষাক্ত NH3 কে শর্করা বিপাকে সৃষ্ট CO2 এর সাথে যুক্ত করে ইউরিয়া তৈরি করে, যা মূত্ররূপে দেহ হতে নিষ্কাশিত হয়। NH3 + CO2 → ইউরিয়া।"
8,MAT 2024-2025,কোন এন্টিবডি প্রধানত এলার্জির সাথে সংশ্লিষ্ট?,IgA,IgM,IgG,IgE,D,"IgE → এটি দুর্লভ Ig, প্রদাহ সাড়া সক্রিয় করে, অ্যালার্জিক সাড়াদানে নেতিবাচক ভূমিকা রাখে।
IgG → গর্ভাবস্থায় অমরা অতিক্রম করে।
IgA → মায়ের বুকের দুধের মাধ্যমে শিশুতে স্থানান্তরিত হয়।"
9,MAT 2024-2025,মানবদেহে সপ্তম করোটিক স্নায়ুর নাম কি?,ট্রকলিয়ার স্নায়ু,ফেসিয়াল স্নায়ু,ভেগাস স্নায়ু,অপটিক স্নায়ু,B,"সপ্তম করোটিক স্নায়ু → ফেসিয়াল স্নায়ু
দ্বিতীয় করোটিক স্নায়ু → অপটিক স্নায়ু
চতুর্থ করোটিক স্নায়ু → ট্রকলিয়ার স্নায়ু
দশম করোটিক স্নায়ু → ভেগাস স্নায়ু"
10,MAT 2024-2025,এনজিওপ্লাস্টি করলে কি হয়?,হৃদস্পন্দন বৃদ্ধি পায়,সরু ধমনী প্রশস্ত হয়,হৃদস্পন্দনের গতি ধীর হয়,রক্ত সঞ্চালনের গতি বৃদ্ধি পায়,B,বড় ধরণের অস্ত্রোপচার না করে সংকীর্ণ লুমেনযুক্ত বা রুদ্ধ হয়ে যাওয়া করোনারি ধমনি পুনরায় প্রশস্ত লুমেনযুক্ত করা বা উন্মুক্ত করার পদ্ধতিকে এনজিওপ্লাস্টি বলে। এনজিওপ্লাস্টির উদ্দেশ্য হচ্ছে সরু বা বন্ধ হয়ে যাওয়া লুমেনের ভিতর দিয়ে হৃৎপিন্ডে পর্যাপ্ত O₂ সরবরাহ নিশ্চিত করে হৃৎপিন্ড ও দেহকে সচল রাখা।
11,MAT 2024-2025,কোন কোষ হেপারিন তৈরী ও নিঃসরণ করে?,নিউট্রোফিল,লিম্ফোসাইট,মোনোসাইট,বেসোফিল,D,"বেসোফিল → হেপারিন উৎপন্ন ও নিঃসরণ করে যা রক্তনালির অভ্যন্তরে রক্তজমাট রোধ করে।
ইওসিনোফিল → রক্তে প্রবেশকৃত কৃমির লার্ভা ধ্বংস করে এবং অ্যালার্জিতে সাড়া দেয়।"
12,MAT 2024-2025,ডাক্টাস ক্যুভেইরি রুই মাছের কোন তন্ত্রের অংশ?,শ্বসনতন্ত্র,শিরাতন্ত্র,রেচনতন্ত্র,ধমনিতন্ত্র,B,রুইমাছের দেহের সামনের অংশ থেকে সম্মুখ কার্ডিনাল শিরা ও জুগুলার শিরা রক্ত সংগ্রহ করে ডাক্টাস ক্যুভিয়েরি (ductus cuvieris) তে উন্মুক্ত হয়।
13,MAT 2024-2025,পেসমেকারের কাজ কি?,রক্তকে তরল রাখে,রক্ত সঞ্চালন বৃদ্ধি করে,হৃদরোগ প্রতিরোধ করে,হৃদস্পন্দনের ধীরগতি নিয়ন্ত্রণ করে,D,হার্ট এটাক ঘটতে পারে এমন ধীর হৃৎস্পন্দন কিংবা হার্ট সার্জারির সময় জরুরী ভিত্তিতে অস্থায়ী পেসমেকার ব্যবহার করা হয়। পেসমেকার ব্যবহারে সব ধরণের অ্যারিথমিয়ার হাত থেকে রক্ষা পাওয়া যায়।
14,MAT 2024-2025,"পূর্ণবয়স্ক সুস্থ মানুষের দুই বৃক্কে প্রতি মিনিটে মোট রক্ত সঞ্চালনের
পরিমাণ-",২৫০ মিঃ লিঃ,১২৫ মিঃ লিঃ,৩৭৫ মিঃ লিঃ,১২০০ মিঃ লিঃ,D,মানবদেহে দুটি বৃক্কের মাধ্যমে প্রতি মিনিটে প্রায় 1200 ml রক্ত প্রবাহিত হয়। এ রক্ত থেকে প্রায় 125 ml গ্লোমেরুলার ফিলট্রেট উৎপন্ন হয়ে বোম্যানস ক্যাপসুলে জমা হয় এবং মাত্র 1 ml মূত্র সৃষ্টি হয়।
15,MAT 2024-2025,কোনটির উপস্থিতিতে স্নেহ পদার্থের ইমালসিফিকেশন হয়?,বাইল সল্ট,এনজাইম,ভিটামিন,হরমোন,A,"পিত্তরসে অবস্থিত পিত্তলবণ (bile salt) যেমন- সোডিয়াম dm গ্লাইকোকোলেট, সোডিয়াম টরোকোলেট, পটাসিয়াম গ্লাইকোকোলেট ও পটাশিয়াম টারোকোলেট স্নেহজাতীয় খাদ্যকে ভেঙ্গে ক্ষুদ্র ক্ষুদ্র কণায় পরিণত করে। এ প্রক্রিয়াকে অবদ্রবণ বা ইমাসিফিকেশন বলে।"
16,MAT 2024-2025,নিচের কোনটি নাইট্রোজেনবিহীন পদার্থ?,ল্যাকটিক এসিড,ক্রিয়েটিনিন,এমোনিয়া,ইউরিয়া,A,"প্রোটিনবিহীন নাইট্রোজেনঘটিত রেচন পদার্থ ইউরিয়া, ইউরিক এসিড, ক্রিয়েটিনিন, জ্যানথিন, হাইপোজ্যানথিন, অ্যামোনিয়া।"
17,MAT 2022-2023,মুখে খাওয়ার পোলিও ভ্যাকসিনটি কোন ধরনের ভ্যাকসিন?,নিষ্ক্রিয় টিকা,জীবনস্মৃত জীবন্ত টিকা,উপএকক টিকা,অনুবন্ধী টিকা,B,"মৃত বা নিষ্ক্রিয় ভ্যাক্সিনের উদাহরণ: ইনফ্লুয়েঞ্জা, কলেরা, পোলিও (IPV Inactivated Polio Vaccine যেটি injectable), হেপাটাইটিস-এ।
জীবনমৃত জীবন্ত টিকা (Live Attenuated Vaccine) এর উদাহরণ: মুখে খাওয়ার পোলিও ভ্যাক্সিন, (OPV→Oral Polio Vaccine), মাম্পস, জলাতঙ্ক, যক্ষ্মা, প্লেগ, টাইফয়েড।"
18,MAT 2022-2023,নিচের কোনটি ম্যাক্রোফেজের কাজ নয়?,বিভিন্ন ধরনের কোষবিষ তৈরি করা,বিভিন্ন ধরনের এন্টিবডি তৈরি করা,জীর্ণ কোষকে অপসারন করা,রিঅ্যাকটিভ অক্সিজেন ইন্টারমিডিয়েট তৈরি করা,B,অ্যান্টিবডি তৈরি করা লিম্ফোসাইটের কাজ।
19,MAT 2022-2023,অন্তঃশ্বসন-,কোষ ও রক্তে সংঘটিত হয়,নির্দিষ্ট পরিমাণ শক্তি উৎপন্ন করে,এনজাইম দ্বারা প্রভাবিত হয় না,একটি ভৌত রাসায়নিক প্রক্রিয়া,"A,B","অন্তঃশ্বসন দেহকোষ ও রক্তে সংগঠিত হয়, নির্দিষ্ট পরিমাণ শক্তি উৎপন্ন করে, এনজাইম দ্বারা প্রভাবিত হয়। এবংএটি একটি জৈব রাসায়নিক প্রক্রিয়া"
20,MAT 2022-2023,Mollusca এর ক্ষেত্রে কোনটি সঠিক?,নরম কিউটিকুলার এপিডার্মিস দ্বারা আবৃত,নরম ও অখন্ডায়িত,প্রতি খন্ডে নেফ্রিডিয়া বিদ্যমান থাকে,দেহাভ্যন্তরে কেন্দ্রীয় গহ্বর বিদ্যমান,B,"Mollusca নরম মাংসল, অখন্ডকায়িত Annelida নরম কিউটিকলে আবৃত এবং এর প্রতিটি খণ্ডে নেফ্রিডিয়া থাকে।"
21,MAT 2022-2023,গ্লুকাগন-,রক্তে সুগার কমায়,অগ্ন্যাশয়ের ডেলটা কোষ থেকে নিঃসৃত হয়,একটি পলিপেপটাইড এনজাইম,ইনসুলিনের সাথে বিপরীতভাবে সম্পর্কিত,D,"গ্লুকাগন একটি পলিপেপটাইড হরমোন, অগ্ন্যাশয়ের a কোষ থেকে নিঃসৃত হয়, রক্তে সুগার বৃদ্ধি করে।"
22,MAT 2022-2023,মানবদেহে কোনটি লুপ্তপ্রায় অংগ?,থাইরয়েড গ্ল্যান্ড,থাইমাস,স্ক্যাপুলা,ক্যানাইন দাঁত,B,"মানবদেহের লুপ্তপ্রায় অঙ্গগুলো হলো থাইমাস গ্রন্থি, আক্কেল দাঁত, কর্তন দাঁত, পুচ্ছাস্থি, গায়ের লোম, উপপল্লব ইত্যাদি।"
23,MAT 2022-2023,কোন উদ্দীপনা অ্যানিমোট্যাক্সিসকে প্রভাবিত করে?,বায়ুপ্রবাহ,আর্দ্রতা,মাধ্যাকর্ষণ,তাপ,A,বায়ু প্রবাহের প্রতি প্রাণীর সাড়া অ্যানিমোট্যাক্সিস
24,MAT 2022-2023,মায়োফাইব্রিলে কি ধরনের আমিষ থাকে?,অ্যাকটিন এবং মায়োসিন,অ্যাকটিন এবং জিলাটিন,মায়োসিন এবং ইলাস্টিন,কোলাজেন এবং মায়োসিন,A,মায়োফাইব্রিলে গুলো অ্যাকটিন ও মায়োসিন নামক প্রোটিন দিয়ে নির্মিত।
25,MAT 2022-2023,অন্ত্রের প্রথম প্রতিরক্ষার স্তর কোনটি?,"পাকস্থলির অ্যাসিড, মাইক্রোবায়োম ও মলত্যাগ","সিলিয়া, কমপ্লিমেন্ট তন্ত্র ও সাইটোকাইনস","ত্বক, ফ্যাগোসাইটস ও কমপ্লিমেন্ট তন্ত্র","লালা, পাকস্থলির এনজাইম ও ফ্যাগোসাইটস",A,"অস্ত্রের প্রথম প্রতিরক্ষা স্তর এর উপাদান পাকস্থলির অ্যাসিড ও এনজাইম, মাইক্রোবায়োম, মলত্যাগ ও বমি।"
26,MAT 2022-2023,বুকের দুধের কোন উপাদানটি নবজাতকের প্রতিরক্ষায় কার্যকর?,সহজপাচ্য আমিষ,ইমিউনোগ্লোবুলিন-এ,পলিআনস্যাচুরেটেড ফ্যাটি অ্যাসিড,গ্যালাকটোজ,B,ইমিউনোগ্লোবুলিন-এ মায়ের দুধের মাধ্যমে শিশুদেহে প্রবেশ করে এবং প্রাকৃতিক অক্রিয় প্রতিরক্ষা দান করে।
27,DAT 2021-2022,নিচের কোন স্তন্যপায়ী প্রাণী ডিম পাড়ে?,বাদুর (Bat),ক্যাঙ্গারু (Kangaroo),প্লাটিপাস (Platypus),সীল (Seal),C,প্লাটিপাস স্তন্যপায়ী প্রাণীর Prototheria উপশ্রেণীভুক্ত। এরা ডিম পাড়ে এবং ডিম থেকে অপরিণত নবজাতকের জন্ম হয়।
29,DAT 2021-2022,নিচের চার প্রকোষ্ঠ বিশিষ্ট হৃদপিন্ড কোন প্রাণীতে দেখা যায়?,কুমীর,কচ্ছপ,টিকটিকি,সাপ,A,"কচ্ছপ, টিকটিকি (উভচর) → হৃৎপিণ্ড তিন প্রকোষ্ঠবিশিষ্ট,
সাপ (সরীসৃপ) → হৃৎপিণ্ড অসম্পূর্ণভাবে চার প্রকোষ্ঠবিশিষ্ট,
সরীসৃপে ব্যতিক্রম কুমীর → হৃৎপিণ্ড সম্পূর্ণভাবে চার প্রকোষ্ঠবিশিষ্ট।"
30,DAT 2021-2022,কোন hormone পাকস্থলির এসিড নিঃসরণ নিয়ন্ত্রণ করে?,কোলোসিস্টোকাইনিন,সিক্রেটিন,এন্টেরোকাইনিন,গ্যাস্ট্রিন,D,গ্যাস্ট্রিন হরমোন পাকস্থলি থেকে নিঃসৃত HCI এসিডের নিঃসরণ নিয়ন্ত্রণ করে।
31,DAT 2021-2022,কোন কোষ বিভাজন পদ্ধতিতে RBC তৈরি হয়?,synopsis,mitosis,meiosis,amitiosis,B,মাইটোসিস পদ্ধতিতে লোহিত রক্তকণিকা তৈরী হয়।
32,DAT 2021-2022,কোন hormone রক্তে Na+ এবং K+ এর সমতা রক্ষা করে?,ইনসুলিন,থাইরোক্সিন,এলডোস্টেরন,এড্রেনালিন,C,অ্যাড্রেনাল কর্টেক্স থেকে ক্ষরিত অ্যালডোস্টেরন হরমোন Na+ ও K+ আয়নের সমতা রক্ষা করে।
33,DAT 2021-2022,স্বাভাবিক অবস্থায় হৃদপিন্ডের পেসমেকার কোনটি?,Bundle of His,SA node,AV node,Purkinje fiber,B,"স্বাভাবিক অবস্থায় হৃৎপিণ্ডের পেসমেকার → SA node,
সংরক্ষিত বা রিজার্ভ পেসমেকার → AV node."
34,DAT 2021-2022,নিচের কোন রক্তকণিকাটি স্মৃতিকোষ?,বেসোফিল,মনোসাইট,নিউট্রোফিল,লিম্ফোসাইট,D,স্মৃতিকোষ হলো লিম্ফোসাইট নামক অদানাদার শ্বেত রক্তকণিকা। এগুলো অ্যান্টিজেনকে চিহ্নিত ও মোকাবেলা করে।
35,DAT 2021-2022,যকৃতে অবস্থিত ম্যাক্রোফেজকে কি কোষ বলে?,অস্টিওব্লাস্ট,কুফার কোষ,মাইক্রোগ্লিয়া,ডেনড্রাইটিক কোষ,B,"ম্যাক্রোফেজ:
কুফার কোষ → যকৃত,
অস্টিওব্লাস্ট → অস্থি,
মাইক্রোগ্লিয়া → মস্তিষ্ক"
36,DAT 2021-2022,পূর্ণবয়স্ক সুস্থ মানুষের দেহের ওজনের কত শতাংশ রক্ত থাকে?,৭-৮%,১৫-১৯%,১৯-২০%,১০-১৫%,A,পূর্ণবয়স্ক সুস্থ মানবদেহে প্রায় ৫-৬ লিটার রক্ত থাকে যা দেহের মোট ওজনের ৭-৮%
37,MAT 2024-2025,নিচের কোনটিতে হাইড্রার বহিঃকোষীয় পরিপাক সংঘটিত হয়?,গ্যাসট্রোডার্মিস,হাইপোস্টোম,সিলেন্টেরন,কর্ষিকা,C,সিলেন্টেরন / পরিপাক-সংবহন গহ্বর / গ্যাস্ট্রোভাস্কুলার গহ্বর / ব্লাইন্ড গাট/ব্লাইন্ড স্যাক → এর মধ্যে খাদ্যবস্তু ফ্লাজেলীয় কোষের ক্রিয়ায় ক্ষুদ্র কণায় পরিণত হয় এবং পরে বহিঃকোষীয় পরিপাক ঘটে।
38,DAT 2021-2022,ব্লাড গ্রুপ AB তে প্লাজমায়-,কোন antibody থাকে না,A antibody থাকে,A ও B antibody থাকে,B antibody থাকে,A,A ব্লাড গ্রুপবিশিষ্ট ব্যক্তির রক্তরসে কোন অ্যান্টিবডি থাকে না কিন্তু লোহিত রক্তকণিকার ঝিল্লিতে অ্যান্টিজেন A ও B উভয়ই থাকে।
39,DAT 2021-2022,কোনটি প্লাজমা প্রোটিন নয়?,ক্রিয়েটিনিন,ফাইব্রিনোজেন,অ্যালবুমিন,গ্লোবুলিন,A,"ক্রিয়েটিনিন → নাইট্রোজেনঘটিত রেচন পদার্থ,
ফাইব্রিনোজেন, অ্যালবুমিন, গ্লোবুলিন → প্লাজমা প্রোটিন।"
40,DAT 2021-2022,কোন রক্তকণিকা দেহে antibody তৈরি করে?,নিউট্রোফিল,বেসোফিল,অনুচক্রিকা,বি-লিম্ফোসাইট,D,B-লিম্ফোসাইট দেহে অ্যান্টিবডি তৈরি করে। অ্যান্টিবডি রক্তে প্রবাহিত অ্যান্টিজেনকে ঘিরে ফেলে এবং ধ্বংশ করে।
41,DAT 2021-2022,কোনটি Live attenuated ভ্যাক্সিন?,হাম,হেপাটাইটিস বি,টিটেনাস,ইনফ্লুয়েঞ্জা,A,"মিজলজ (হাম) → Live attenuated vaccine,
হেপাটাইটিস বি → Subunut vaccine,
টিটেনাস → Toxoid vaccine,
ইনফ্লুয়েঞ্জা → Killed or Inactivated vaccine."
42,DAT 2021-2022,আমাদের জাতীয় পাখির বৈজ্ঞানিক নাম কি?,Gracula religiosa,Copsychus saularis,Passer domesticus,Columba livia,B,আমাদের জাতীয় পাখি দোয়েলের বৈজ্ঞানিক নাম Copsychus saularis
43,MAT 2021-2022,মানবদেহের কোন অঙ্গে সবচেয়ে বেশি মাত্রায় রক্ত প্রবাহিত হয়?,বৃক্ক,মস্তিষ্ক,যকৃত,অস্ত্র,C,দেহে রক্ত প্রবাহের মাত্রা বিভিন্ন কলায় ভিন্ন রকম হয়। যকৃতে সবচেয়ে বেশি মাত্রায় (1350 ml/min) রক্ত প্রবাহিত হয়। বৃক্কে (1100 ml/min) রক্ত প্রবাহিত হয়। মস্তিষ্কে (700 ml/min) রক্ত প্রবাহিত হয়।
44,MAT 2021-2022,ক্ষুদ্রান্ত্রের কোন স্তরে গবলেট কোষ থাকে?,সেরোসা,মিউকোসা,মাসকুলারিস মিউকোসা,সাবমিউকোসা,B,ক্ষুদ্রান্ত্রের মিউকোসা স্তরে গবলেট কোষ থাকে।
45,MAT 2021-2022,ভ্রুণ অবস্থায় মাতৃগর্ভে কখন প্রথম হৃদস্পন্দন শুরু হয়?,দশম সপ্তাহ,অষ্টম সপ্তাহ,ষষ্ঠ সপ্তাহ,দ্বাদশ সপ্তাহ,C,ভ্রুণ অবস্থায় মাতৃগর্ভে ষষ্ঠ সপ্তাহে প্রথম হৃদস্পন্দন শুরু হয়।
46,MAT 2021-2022,মাতৃদুগ্ধে কোন ধরনের immunoglobulin থাকে?,IgM,IgE,IgD,IgA,D,মাতৃদুগ্ধে IgA immunoglobulin থাকে।
47,MAT 2021-2022,মানুষের হৃদপিন্ডের কোন প্রকোষ্ঠের প্রাচীর সবচেয়ে পুরু?,বাম অলিন্দ,ডান নিলয়,ডান অলিন্দ,বাম নিলয়,D,মানুষের হৃদপিন্ডের বাম নিলয়ের প্রাচীর সবচেয়ে পুরু।
48,MAT 2021-2022,প্রজাপতি' এর প্রতিসাম্যতা কোন ধরনের?,অরীয়,দ্বি-অরীয়,দ্বিপার্শ্বীয়,অপ্রতিসাম্য,C,প্রজাপতি' এর প্রতিসাম্যতা 'দ্বিপার্শ্বীয়' ধরনের।
49,MAT 2021-2022,ঘাসফড়িং এর কোন গ্রন্থি থেকে জুভেনাইল হরমোন ক্ষরিত হয়?,প্রোথোরাসিক গ্রন্থি,কর্পোরা কার্ডিয়াকা,ইন্ট্রাসেরিব্রাল গ্রন্থিকোষ,কর্পোরা অ্যালাটা,D,ঘাসফড়িং এর কর্পোরা অ্যালাটা গ্রন্থি থেকে জুভেনাইল হরমোন ক্ষরিত হয়।
50,MAT 2021-2022,রক্তে অক্সিজেনের মাত্রা (O₂ saturation) ও হৃদস্পন্দন পরিমাপক যন্ত্রের নাম হল-,পালস অক্সিমিটার,থার্মোমিটার,স্ফিগমোম্যানোমিটার,ব্যারোমিটার,A,"থার্মোমিটার তাপমাত্রা পরিমাপক যন্ত্র, ব্যারোমিটার বায়ুচাপ পরিমাপক যন্ত্র, স্ফিগমোম্যানোমিটার রক্তচাপ পরিমাপক যন্ত্র, রক্তে অক্সিজেনের মাত্রা (O2 saturation) ও হৃদস্পন্দন পরিমাপক যন্ত্রের নাম পালস অক্সিমিটার।"
51,MAT 2021-2022,কেঁচো কোন অঙ্গের মাধ্যমে শ্বাসপ্রশ্বাস নেয়?,হৃদপিন্ড,ফুলকা,ত্বক,ফুসফুস,C,Annelida (কেঁচো)- সিক্ত দেহত্বক দ্বারা শ্বসন সম্পন্ন হয়।
52,MAT 2021-2022,কোন এনজাইম লালা গ্রন্থিতে পাওয়া যায়?,ট্রিপসিন,অ্যামাইলেজ,পেপসিন,টায়ালিন,D,"ট্রিপসিন এবং অ্যামাইলেজ অগ্ন্যাশয় গ্রন্থিতে পাওয়া যায়, পেপসিন গ্যাস্ট্রিক গ্রন্থিতে পাওয়া যায়, টায়ালিন এনজাইম লালা গ্রন্থিতে পাওয়া যায়।"
53,MAT 2021-2022,"কোন রক্ত কনিকা ""cell-mediated immunity” এর সাথে সম্পৃক্ত?",ইওসিনোফিল (Eosinophil),টি-লিম্ফোসাইট (T-lymphocyte),নিউট্রোফিল (Neutrophil),বেসোফিল (Basophil),B,T-lymphocyte cell mediated immunity প্রদান করে।
54,MAT 2021-2022,কোনটি autosomal recessive disorder?,থ্যালাসেমিয়া,লাল-সবুজ বর্ণান্ধতা,রাতকানা,হিমোফিলিয়া,A,"লাল-সবুজ বর্ণান্ধতা, রাতকানা, হিমোফিলিয়া- Sex-linked disorder. থ্যালাসেমিয়া- autosomal recessive disorder."
55,MAT 2021-2022,কোন এনজাইম আমিষ পরিপাকে সাহায্য করে?,ল্যাকটেজ,ট্রিপসিন,অ্যামাইলেজ,লাইপেজ,B,"ট্রিপসিন এনজাইম আমিষ পরিপাকে সাহায্য করে। ল্যাকটেজ, অ্যামাইলেজ এনজাইম শর্করা পরিপাকে সাহায্যে করে। লাইপেজ ফ্যাট পরিপাকে সাহায্য করে।"
56,MAT 2021-2022,কোন পদ্ধতিতে কোভিড ১৯ ভ্যাক্সিন প্রস্তুত করা হয় না?,উপএকক (Subunit vaccine),নিষ্ক্রিয় (Inactivated),এমআরএনএ (mRNA),বিষভিত্তিক (Toxoid),D,"উপএকক, নিষ্ক্রিয়, এমআরএনএ, প্রতিলিপিহীন ভাইরাল ভেক্টর, প্রোটিনের অংশ, ডিএনএ, ভাইরাসের ন্যায় বস্তু, প্রতিলিপি সক্ষম ভাইরাল ভেক্টর, অবনমিত ভাইরাস পদ্ধতিতে কোভিড ১৯ ভ্যাক্সিন প্রস্তুত করা হয়। বিষভিত্তিক (Toxoid) পদ্ধতিতে - Diptheria, Pertusis, Tetanus (DPT) ভ্যাক্সিন প্রস্তুত করা হয়।"
57,MAT 2020-2021,কোনটি ভাইরাস বৃদ্ধিতে বাঁধা দেয়?,Interferon,Lactorine,Lysozyme,Defensin,A,ইন্টারফেরন হলো প্রতিরক্ষামূলক প্রোটিন যা ভাইরাস আক্রান্ত কোষে উৎপন্ন হয়ে ভাইরাসের সংখ্যাবৃদ্ধিতে বাঁধা দেয়। এটি ক্যান্সার আক্রান্ত কোষের বৃদ্ধিতেও বাঁধা দিয়ে থাকে।
58,MAT 2020-2021,Alveolus থেকে অক্সিজেন রক্তে কিভাবে প্রবেশ করে?,Osmosis,Respiration,Transpiration,Diffusion,D,Diffusion বা ব্যাপন প্রক্রিয়ায় Alveolus এ ০₂ ও CO₂ গ্যাসের বিনিময় ঘটে।
59,MAT 2020-2021,কোনটি Exocrine গ্রন্থি নয়?,Thyroid gland,Pancreas,Liver,Salivary gland,A,"Thyroid gland থেকে শুধুমাত্র হরমোন (T3, T4 & Calcitonin) নিঃসৃত হয়। তাই এটি Endocrine gland."
60,MAT 2020-2021,কোনটি হাড়ের সাথে পেশি সংযুক্ত করে?,Myofibril,Ligament,Synovium,Tendon,D,"কন্ডরা/টেনডন (Tendon) - অস্থি ও পেশির মধ্যে সংযোগ স্থাপন করে।
লিগামেন্ট (Ligament) - দুটি অস্থিকে সংযুক্ত করে।
মায়োফাইব্রিল (Myofibril) - পেশি কোষের অভ্যন্তরে বিদ্যমান অতি সূক্ষ্ম তন্তু।
সাইনোভিয়াম (Synovium) - সাইনোভিয়াল অস্থিসন্ধির একটি আবরণী।"
61,MAT 2020-2021,মানবদেহের রক্তে কোন বাফার দ্রবণ (buffer solution) থাকে?,NaHCO3 and H2CO3,NH4Cl and NH4OH,CH3COONa and CH3COOH,Na2HPO4 and H3PO4,A,"মানবদেহের রক্তে তিন ধরনের বাফার সিস্টেম থাকে। যথা- বাইকার্বোনেট বাফার, ফসফেট বাফার ও
প্রোটিন বাফার। হিমোগ্লোবিন উৎকৃষ্ট বাফাররূপে রক্তের 'বাইকার্বনেট-কার্বনিক এসিড বাফার'-এর সামান্য (2%) নিয়ন্ত্রণ করে। ফসফেট বাফার সিস্টেম হলো আন্তঃকোষীয় বাফার। আর, প্রোটিন বাফার সিস্টেমটি প্লাজমা প্রোটিন ও হিমোগ্লোবিন প্রোটিন সমন্বয়ে গঠিত।"
62,MAT 2020-2021,কোনটি আমিষ পরিপাককারী (digesting) এনজাইম?,Lipase,Pepsin,Lactase,Isomaltase,B,"Lipase → স্নেহ পরিপাককারী এনজাইম।
Isomaltase, Lactase → শর্করা পরিপাককারী এনজাইম।
Pepsin, Trypsin, Chymotrypsin, Aminopeptidase, Carboxypeptidase, Tri/Di-peptidase প্রভৃতি → আমিষ পরিপাককারী এনজাইম।"
63,MAT 2020-2021,নেমাটোসিস্টের (Nematocyst) ভিতরে বিষাক্ত তরল পদার্থের নাম কী?,Hypnotoxin,Toxin,Hemocyanin,Hemozoin,A,নেমাটোসিস্টের ভেতর হিপনোটক্সিন (Hypnotoxin) নামক বিষাক্ত তরল থাকে যা প্রোটিন ও ফেনল দ্বারা গঠিত।
64,MAT 2020-2021,ঘাসফড়িং এর রক্ত কণিকার নাম কী?,Leukocyte,Erythrocyte,Thrombocyte,Hemocyte,D,"মানুষ - Leukocyte, Erythrocyte,Thrombocyte
রুইমাছ - Leukocyte, Erythrocyte
ঘাসফড়িং - Hemocyte"
65,MAT 2020-2021,ক্ষুদ্রান্ত্রের কোন স্তরে পানপাত্র সেল (Goblet cell) পাওয়া যায়?,Serosa,Muscularis mucosa,Mucosa,Submucosa,C,"ক্ষুদ্রান্ত্রে ৫টি স্তর বিদ্যমান। যথা- সেরোসা, পেশিস্তর, সাবমিউকোসা, মাসকিউলারিস মিউকোসা ও মিউকোসা। সাবমিউকোসা অ্যারিওলার যোজক টিস্যুতে নির্মিত এবং রক্তনালি ও স্নায়ু সমৃদ্ধ। আর, মিউকোসাতে গবলেট কোষ ও শোষণক্ষম কোষ রয়েছে।"
66,MAT 2020-2021,মাথার খুলিতে কয়টি হাড় রয়েছে?,23,33,29,17,C,
67,MAT 2020-2021,কোনটি attenuated টিকা?,Diphtheria vaccine,BCG vaccine,Hepatitis B vaccine,Tetanus vaccine,B,"Diphtheria - টক্সোয়ড (Toxoid)
BCG - শক্তি হ্রাস (Attenuated)
Hepatitis B - উপএকক (Sub-unit)
Tetanus - টক্সোয়ড (Toxoid)"
68,MAT 2020-2021,কোন কোষ ম্যাক্রোফেজে (macrophages) রূপান্তরিত হয়?,Eosinophil,Monocyte,Basophil,Lymphocyte,B,পরিণত মনোসাইটকে ম্যাক্রোফেজ বলে যা ফ্যাগোসাইটোসিস এ সহায়তা করে।
69,MAT 2020-2021,কোন পদ্ধতিতে Hydra লম্বা দূরত্ব অতিক্রম করে?,ডিগবাজি (somersaulting),হামাগুড়ি (looping),সাঁতার,গ্লাইডিং (gliding),B,"ডিগবাজি (Somersaulting): এটি Hydra -এর সাধারণ ও দ্রুত চলন প্রক্রিয়া।
হামাগুড়ি (Looping): এটি জোঁকা চলন বা শুঁয়াপোকা চলন নামে পরিচিত। এ পদ্ধতিতে হাইড্রা লম্বা দূরত্ব অতিক্রম করে।"
70,MAT 2020-2021,কোষের কোথায় ক্রেবস চক্র (Krebs cycle) সংঘটিত হয়?,Cytoplasm,Ribosome,Mitochondria,Chloroplast,C,"ক্রেবস চক্র সবাত শ্বসনের একটি ধাপ যা মাইটোকন্ড্রিয়ার ম্যাট্রিক্সে সংঘটিত হয়। Sir Hans Adolf
Krebs এটি আবিষ্কার করেন। গ্লাইকোলাইসিস ছাড়া শ্বসনের সবকটি বিক্রিয়া (ক্রেবস চক্র, ETS/ অক্সিডেটিভ ফসফোরাইলেশন) মাইটোকন্ড্রিয়ায় ঘটে থাকে।"
71,MAT 2020-2021,কোন এনজাইম অগ্ন্যাশয়ে নাই?,Ptyalin,Maltase,Trypsin,Amylase,A,"Ptyalin এনজাইম লালায় পাওয়া যায়। অপরদিকে অগ্ন্যাশয়ে যে সব enzyme পাওয়া যায় সেগুলো হলো-
প্রোটিন পরিপাককারী - ১. ট্রিপসিন, ২. কাইমোট্রিপসিন, ৩. কার্বোক্সিপেপটাইডেজ, ৪. অ্যামিনোপেপটাইডেজ, ৫. ট্রাইপেপটাইডেজ, ৬.ডাইপেপটাইডেজ, ৭. কোলাজিনেজ
শর্করা পরিপাককারী - ১. অ্যামাইলেজ ২. মল্টেজ
লিপিড পরিপাককারী - ১. লাইপেজ ২. ফসফোলাইপেজ ৩. কোলেস্টেরল এস্টারেজ"
72,MAT 2020-2021,ভ্রূণে লোহিত কণিকাসমূহ নিম্নের কোথায় তৈরি হয়?,থাইমাস,অগ্ন্যাশয়,প্লীহা,অস্থি মজ্জা,"A,C","ভ্রূণীয় জীবনে লোহিত কণিকাসমূহ কুসুম থলি (৩ সপ্তাহ বয়সে) যকৃত, প্লীহা ও থাইমাস (৬ মাস বয়স পর্যন্ত) থেকে উৎপন্ন হয়। আর, ভূমিষ্ট হওয়ার সময় থেকে পশুকা, কশেরুকা, স্টার্নাম ও শ্রোণিচক্রের লাল অস্থিমজ্জায় অবস্থিত বড় নিউক্লিয়াসযুক্ত এরিথ্রোব্লাস্ট নামক স্টেমকোষ থেকে অবিরাম লোহিত কণিকা সৃষ্টি হয়।"
73,MAT 2020-2021,প্রাণিজগতের বৃহত্তম Phylum কোনটি?,Arthropoda,Porifera,Mollusca,Annelida,A,"প্রাণিজগতের বৃহত্তম পর্ব Arthropoda। এ পর্বে 12,57,040 প্রজাতির প্রাণী রয়েছে। আর দ্বিতীয় বৃহত্তম পর্ব হলো মলাস্কা। এ পর্বে 84,977 প্রজাতির প্রাণী রয়েছে।"
74,MAT 2020-2021,লিভারের কোন লোবটি পিত্তথলির সাথে সংযুক্ত থাকে?,Right lobe,Quadrate lobe,Left lobe,Caudate lobe,A,
75,MAT 2020-2021,মানুষের সোমাটিক কোষে কয়টি অটোসোম থাকে?,23,22,44,46,C,"সোমাটিক কোষ - 44
জনন কোষ - 22"
76,MAT 2020-2021,গ্রোথ হরমোন কোথায় তৈরি হয়?,Thalamus,Hypothalamus,Adrenal gland,Pituitary gland,D,"অগ্র পিটুইটারি গ্রন্থি থেকে বৃদ্ধিপোষক হরমোন (STH) বা Growth hormone তৈরি ও নিঃসৃত হয়। অগ্র পিটুইটারি গ্রন্থি থেকে আর যে সব হরমোন নিঃসৃত হয়- Prolactin, LH, ACTH, TSH, FSH ।"
77,MAT 2020-2021,Golgi complex কোনটি সংশ্লেষ (synthesis) করে না?,Sperm,Ribosome,Lysosome,Enzyme,B,"Golgi complex থেকে যা যা তৈরি বা সংশ্লেষিত (synthesis) হয়-
i. লাইসোসোম ও ভিটামিন
ii. অ-প্রোটিন জাতীয় পদার্থ
iii. প্রোটিন, হেমিসেলুলোেজ, মাইক্রোফাইব্রিল
iv. কোষপ্লেট
v. শুক্রাণু (Sperm) এর অ্যাক্রোসোম
vi. এনজাইম ও হরমোন/প্রাণরস (ক্ষরণ)"
78,AFMC 2019-2020,পেসমেকারে কোন ব্যাটারি ব্যবহৃত হয়?,লিথিয়াম,লেড,পটাশিয়াম,কার্বনিয়াম,A,"একটি লিথিয়াম ব্যাটারি, কম্পিউটারাইজড জেনারেটর ও শীর্ষেসেন্সরযুক্ত কতগুলো তার নিয়ে একটি পেসমেকার গঠিত হয়।"
79,AFMC 2019-2020,দ্বিপদ নামকরণের জনক কে?,ক্যারোলাস লিনিয়াস,বেন্থাম হুকার,থিওফ্রাস্টাস,মেন্ডেল,A,"দ্বি-পদ নামকরণের জনক: ১৭৫৮ সালে সুইডিস বিজ্ঞানী ক্যারোলাস লিনিয়াস
প্রাণিদের দ্বিপদ নামকরণের নীতি প্রবর্তন করেন। এ জন্য তাকে দ্বি-পদ নামকরনের
জনক বলা হয়।"
80,AFMC 2019-2020,অন্তঃশ্বসন প্রধানত কোষের কোথায় সংঘটিত হয়?,রাইবোজোম,মাইটোকন্ড্রিয়া,প্রোটপ্লাজম,প্লাস্টিক,B,সবাত শ্বসনের দ্বিতীয় পর্যায় ক্রেবস চক্র ও ইলেক্ট্রন ট্রান্সপোর্টচেইনের বিক্রিয়া সমূহ মাইটোকন্ড্রিয়াতে সংঘটিত হয়। এর মাধ্যমে ATP(Adenosine Triphosphate) অণুসংশ্লেষ করে যা সকল শক্তির উৎস বলে মাইটোকন্ড্রিয়াকে Powerhouse of Cell বা কোষের শক্তিঘর বলে।
81,AFMC 2019-2020,নিচের কোনটি হিমোসিলোমেট?,কর্ডাটা,অ্যানিলিডা,আর্থ্রোপোডা,কোনটিই নয়,C,"আবার যখন প্রাণীদেহের প্রকৃত সিলোমটি প্রবাহমান তরল পূর্ণথাকে,তখন তাকে হিমোসিল বলে। এ ধরনের প্রাণীদের হিমোসিলোমেট বলা হয়। যেমন-তেলাপোকা,শামুক ইত্যাদি। অপ্রতিসমতা বা
অপ্রতিসাম্য[Asymmetry] যখন কোন প্রাণীদেহকে দুই বা ততোধিক সদৃশ অংশে ভাগ করা যায় না,তখন তাকে অপ্রতিসাম্য বলে।"
82,AFMC 2019-2020,কোনটির 6 টি কোডন আছে?,লিউসিন,পাইসিন,GCU,অ্যাডেনিন,A,লিউসিনে ৬ টি কোডন আছে।
83,AFMC 2019-2020,অত্যাবশ্যকীয় অ্যামিনো এসিড নয় কোনটি?,হিস্টিডিন,আইসোলিউসিন,লাইসিন,অ্যালানিন,C,"খাদ্যে উপস্থিতির প্রয়োজনীয়তার ভিত্তিতে অ্যামিনো অ্যাসিড দুই ভাগে বিভক্ত। যথা-
১। অত্যাবশ্যকীয় অ্যামিনো অ্যাসিড। এরা দেহাভ্যন্তরে সংশ্লেষিত হয় না। উদাহরণ- লিউসিন, আইসোলিউসিন, লাইসিন, থ্রিওনিন, ভ্যালিন, মেথিওনিন, ফিনাইল অ্যালানিন এবং ট্রিপটোফ্যান (৮টি)। শিশুদের জন্য অত্যাবশ্যকীয় অ্যামিনো অ্যাসিড ১০টি। অতিরিক্ত- আরজিনিন ও হিস্টিডিন।
২। অনাত্যাবশ্যকীয় অ্যামিনো অ্যাসিড: এরা দেহাভ্যন্তরে সংশ্লেষিত হতে পারে। সংখ্যায় ১২টি এবং শিশুদের ক্ষেত্রে ১০টি।"
84,AFMC 2019-2020,ইনসুলিন কোথা থেকে নিঃসৃত হয়?,বিটা কোষ থেকে,আলফা কোষ থেকে,লিভার হতে,পিটুইটারী গ্ল্যান্ড হতে,A,ইনসুলিন অগ্ন্যাশয়ের ইনসুলিন নিঃসরণকারী কোষগুলো (আইল্যেটস অব ল্যাঙ্গারহেন্স-এর বিটা কোষ) থেকে নিঃসৃত হয়।
85,AFMC 2019-2020,মৎস্যখনি বলা হয়?,পালা,হালদা,পেরেক,কালামা,B,"হালদা নদী বাংলাদেশের পূর্ব-পাহাড়ি অঞ্চলের খাগড়াছড়ি ও চট্টগ্রাম জেলার একটি নদী। নদীটির দৈর্ঘ্য ১০৬ কিলোমিটার, গড় প্রস্থ ১৩৪ মিটার এবং নদীটির প্রকৃতি সর্পিলাকার। বাংলাদেশ পানি উন্নয়ন বোর্ডবা ""পাউবো"" কর্তৃক হালদা নদীর প্রদত্ত পরিচিতি নম্বর পূর্ব-পাহাড়ি অঞ্চলের নদী নং ১৬।এক মৎস্যখনি বলা হয়।"
86,AFMC 2019-2020,অ্যাপেন্ডিক্স কোথায় থাকে?,ক্ষুদ্রান্ত্র,সিকোমে,পাকস্থলি,লিভার,B,বৃহদান্ত্র ও ক্ষুদ্রান্ত্রের সংযোগস্থলে বৃহদান্ত্রের সঙ্গে যুক্ত একটি ছোট থলির মতো অঙ্গ থাকে। যাকে অ্যাপেন্ডিক্স বলা হয়। আমাদের দেহে এই অঙ্গের তেমন কোনো কাজ নেই। তবে বিশ্বের প্রায় ৫ শতাংশ মানুষের ক্ষেত্রে এই অঙ্গটি প্রাণঘাতী।
87,AFMC 2019-2020,পিত্তথলি কোথায় উন্মুক্ত হয়?,ক্ষুদ্রান্ত্রে,বৃহদ্রান্ত্রে,ডিওডেনামে,অগ্নাশয়ে,C,যকৃতের নিচের অংশে পিত্তথলি সংযুক্ত থাকে। এখানে পিত্তরস জমা হয়। পিত্তরস গাঢ় সবুজ বর্ণের এবং তিক্ত স্বাদ বিশিষ্ট। পিত্তরস প্রয়োজনে ডিউডেনামে এসে পরোক্ষভাবে পরিপাকে অংশ নেয়।
88,AFMC 2019-2020,কত BMI কে স্বাভাবিক ওজন হিসেবে ধরা হয়?,25.2-29.1,21.5-23.9,18.5-24.9,10.1-14.8,C,"ওজন (কি.গ্রা.) / উচ্চতা (মিটার) → শ্রেনী
< ১৮.৫০→ওজনহীনতা
১৮.৫০ – ২৪.৯ → স্বাভাবিক
২৫.০০ – ২৯.৯ → ওজনাধিক্য
৩০.০০ – ৩৪.৯ → গ্রেড-১ স্থুলতা
৩৫.০০ – ৩৯.৯→ গ্রেড-২ স্থুলতা
> ৪০.০০ →গ্রেড-৩ স্থুলতা/ রোগ গ্রস্থ চূড়ান্ত পর্যায়ের স্থুলতা"
89,AFMC 2019-2020,লোহিত রক্তকণিকার সাথে সম্পৃক্ত নয় কোনটি?,অক্সিজেন পরিবহন,কার্বন ডাই-অক্সাইড পরিবহন,ফ্যাগোসাইটোসিস,রক্তের সান্দ্রতা রক্ষা,C,"লোহিত কণিকার কাজ: (i) হিমোগ্লোবিনের মাধ্যমে ফুসফুস থেকে দেহকোষে অধিকাংশ O₂, ও সামান্য পরিমাণ CO₂, সরবরাহ করে। (ii) রক্তের ঘনত্ব ও আঠালো ভাব রক্ষা করে। (iii) হিমোগ্লোবিন বাফার হিসেবে রক্তে অম্ল-ক্ষারের সমতা রক্ষা করে এবং রক্তের সাধারণ ক্রিয়া বজায় রাখতে সাহায্য করে। (iv) রক্তের আয়নিক ভারসাম্য অব্যাহত রাখে। (v) রক্তরসের সাথে অভিস্রবণিক সম্পর্ক রক্ষা করে। (vi) প্লাজমাঝিল্লিতে সংযুক্ত অ্যান্টিজেন রক্তের গ্রুপিংয়ে সাহায্য করে। (vii) এসব কণিকা রক্তে বিলিভার্ডিন ও বিলিরুবিন উৎপন্ন করে।"
90,AFMC 2019-2020,কোনটি O₂ যুক্ত রক্ত পরিবহন করে?,পালমোনারি শিরা,পালমোনারি ধমনী,ফুসফুসীয় শিরা,ফুসফুসীয় ধমনী,A,সাধারনত শিরা অপরিশোধিত রক্ত (অক্সিজেন বিহীন বা ডিঅক্সিজিনেটেড রক্ত) বহন করে। ব্যতিক্রম ফুসফুসীয় শিরা যা অক্সিজেন যুক্ত রক্ত বা অক্সিজিনেটেড রক্ত বহন করে।
91,AFMC 2019-2020,কোনটি লালাগ্রন্থি নয়?,প্যারোটিড,সাবিন্ডিবুলার,সিবলিংউয়াল,ম্যাক্সিলারি,D,"স্তন্যপায়ী প্রাণীগুলির মধ্যে লালা গ্রন্থিগুলি এক্সোক্রাইন গ্রন্থি যা নলগুলির একটি সিস্টেমের মাধ্যমে লালা তৈরি করে। মানুষের তিনটি প্রধান প্রধান লালাগ্রন্থি (প্যারোটিড, সাবিন্ডিবুলার, এবং সিবলিংউয়াল) পাশাপাশি শত শত ক্ষতিকারক লালা গ্রন্থিও রয়েছে"
92,AFMC 2019-2020,স্বরযন্ত্রের তরুণাস্থি নয় কোনটি?,হাইওয়েড,থাইরয়েড,এরিটিনয়েড,এপিগ্লটিস,A,"হাইওয়েড হাড় একটি মাঝারি টুকরা, কর্পাস ওসিস হায়োইডি এবং চারটি তথাকথিত হাইয়েড হাড়ের শিং দিয়েগঠিত। দুটি শিং, মেডিক্যালি কর্নু মজুস , পিছনের দিকে নির্দেশ করে এবং একটি ছোট ঘন হওয়ার সাথে শেষ হয়।এটা স্বরযন্ত্রের নয়।"
93,AFMC 2019-2020,শ্রোণী অস্থি নয় কোনটি?,ইলিয়াম,ইশ্চিয়াম,পিউবিস,ভোমার,D,"নিতম্বাস্থি (ইনোমিনেট অস্থি, পেলভিক অস্থি) একটি বড় সমতল অস্থি,যা দেহের কেন্দ্রে থাকে এবং উপর ও নিচের দিকে প্রসারিত। এটি তিনটি অংশ নিয়ে গঠিতঃ ইলিয়াম,ইশ্চিয়াম ও পিউবিস।"
94,AFMC 2019-2020,দেহের ভারসাম্য রক্ষা করে কোনটি?,বহিঃকর্ণ,অন্তঃকর্ণ,মধ্যাকর্ণ,কোনটিই নয়,B,
95,AFMC 2019-2020,বয়ঃসন্ধিকালে জরায়ু বৃদ্ধি নিয়ন্ত্রণে ভূমিকা নেই কার?,কাইনিন,থাইরক্সিন,অক্সিন,টেস্টোস্টেরন,D,"টেস্টোস্টেরন পুরুষত্বের জন্য দায়ী প্রধান স্টেরয়েড হরমোন যা এন্ড্রোজেন গ্রুপের। মানুষ সহ সকল স্তন্যপায়ী,পাখি সরীসৃপ প্রাণীর শুক্রাশয়ে এটি উৎপন্ন হয়। স্তন্যপায়ী প্রাণীর ক্ষেত্রে পুরুষের শুক্রাশয় এবং নারীর ডিম্বাশয় থেকে উৎপন্ন হয়,যদিও স্বল্প পরিমাণ অ্যাড্রেনাল গ্রন্থি থেকে ক্ষরিত হয়।"
96,AFMC 2019-2020,গ্রন্থিরাজ বলা হয় কোনটিকে?,শুক্রাশয়,অগ্নাশয়,পিটুইটারি,লালা,C,"পিটুইটারি গ্রন্থি মস্তিষ্কের নিচের অংশে অবস্থিত। দেহের সবচেয়ে বেশি গুরুত্বপূর্ণনালিবিহীন গ্রন্থি হলেও এটি আকারে সবচেয়ে ক্ষুদ্র। এই গ্রন্থি থেকে গোনাডোট্রপিক, সোমাটোট্রপিক, থাইরয়েড উদ্দীপকে হরমোন, এডরেনোকর্টিকোট্রপিন ইত্যাদি হরমোন নিঃসৃতসৃ হয়। এই গ্রন্থি থেকে নিঃসৃতসৃ হরমোন সংখ্যায় যেমন বেশি, অপরদিকে অন্যান্য গ্রন্থির ওপর এসব হরমোনের প্রভাবও বেশি। এজন্য পিটুইটারি গ্রন্থিকে প্রধান/প্রভু গ্রন্থি বলা হয়।"
97,AFMC 2019-2020,মানবদেহে কোন ইউমিউনোগ্লোবিউলিন অনুপস্থিত?,IgB,IgM,IgD,IgA,A,"ইংরেজি শব্দ ইমিউনোগ্লোবিন (Immunoglobulin)-এর সংক্ষিপ্ত রূপ Ig-এর সাথে একটি ইংরেজি বর্ণযোগ করে একেকটি শ্রেণীকে নির্দেশ করা হয়। এই ৫টি শ্রেণী হল IgG, IgM, IgA, IgD, এবং IgE। এই পাঁচ শ্রেণীর প্রতিরক্ষিকা কেবল এদের কাঠামোর অপরিবর্তনশীল অঞ্চলের গঠনেই নয়, বরং কর্মস্থল অনুযায়ীও ভিন্ন হয়।"
98,AFMC 2019-2020,সেক্স লিঙ্কড জিন নয় কোনটি?,XY,ডাইবেটিস মেলাইটাস,XX,XYY,B,সেক্স লিঙ্কড জিনের ইনহেরিট্যান্স বা বংশগতি হলো এক ধরনের বিশেষ পদ্ধতি যার মাধ্যমে সেক্স লিঙ্কড জিন বা সেক্স ক্রোমোজোমাল বৈশিষ্ট্য সর্বদা পিতা হতে কন্যা এবং মাতা হতে পুত্রে সঞ্চারিত হয়। সকল একলিঙ্গিক প্রাণীতে দুই প্রকার ক্রোমোজোম দেখা যায়। অটোসোমাল ক্রোমোসোম বা অটোসোম ও সেক্স ক্রোমোসোম বা হেটারোসোম। প্রাণির লিঙ্গ নির্ধারণের ক্ষেত্রে অটোসোমগুলোর কোন ভুমিকা থাকে না। কিন্তু সেক্স ক্রোমোসোম লিঙ্গ নির্ধারণে সুস্পষ্ট ভূমিকা পালন করে। জীববিজ্ঞানীরা সেক্স ক্রোমোসোমকে X ক্রোমোসোম নামে অভিহিত করেন। এই X ক্রোমোসোমে অবস্থিত জিনগুলোকে সেক্স লিঙ্কড জিন বলে।
99,AFMC 2019-2020,রক্ত জমাট বাধার ফ্যাক্টর নয় কোনটি?,ফাইব্রিনোজেন,ফাইব্রিন,K,থ্রম্বিন,C,
100,AFMC 2018-2019,নিচের কোন প্রাণীটি ত্রিস্তরী?,অ্যামিবা,কেঁচো,হাইড্রা,ম্যালেরিয়া জীবাণু,B,"ত্রিস্তরী প্রাণীর উদাহরণ: কৃমি, শামুক, অক্টোপাস, কেঁচো,
জোঁক, চিংড়ি, মৌমাছি, ব্যাঙ, হাতি, মানুষ সবাই ত্রিস্তরী প্রাণী।"
101,AFMC 2018-2019,রক্তে গ্লুকোজের মাত্রা নিয়ন্ত্রণে কোন সংবহনতন্ত্রের ভূমিকা রয়েছে?,পালমোনারি,সিস্টেমিক,যকৃত পোর্টালতন্ত্র,বৃক্কীয় পোর্টালতন্ত্র,C,"যকৃত পোর্টাল তন্ত্রের তাৎপর্য বা কাজ:
১. পরিপাককৃত ও রক্ত কর্তৃক শোষিত খাদ্যসার পোর্টালতন্ত্রের মাধ্যমে
যকৃতে পৌছালে ইনসুলিন নামক হরমোনের প্রভাবে রক্ত থেকে
অতিরিক্ত গ্লুকোজ যকৃত শোষণ করে এবং জমা রাখে।
২. আবার রক্তে গ্লুকোজের মাত্রা কমে গেলে হরমোনের প্রভাবে যকৃত
কোষ থেকে সঞ্চিত গ্লুকোজ পোর্টালতন্ত্রের কৈশিকনালির মাধ্যমে
রক্তস্রোতে আসে। এভাবে যকৃত পোর্টালতন্ত্র রক্তে গ্লুকোজের মাত্রা
নিয়ন্ত্রণ করে।"
102,AFMC 2018-2019,মূত্রে অস্বাভাবিক হারে অ্যালবুমিন নির্গত হওয়াকে কী বলে?,নেফ্রাইটিস,নেফ্রসিস,পলিইউরিয়া,গ্লাইকোসুরিয়া,B,"রেচনতন্ত্র সম্পর্কিত কিছু অস্বাভাবিক অবস্থা:
নেফ্রসিস (Nephrosis): মূত্রে অস্বাভাবিক অধিক হারে অ্যালবুমিন নির্গত
হওয়া। এটিকে নেফ্রোটিক সিনড্রোমও বলা হয়।
নেফ্রাইটিস (Nephritis): বৃক্কের অস্বাভাবিক কার্যকারিতায় প্রদাহযুক্ত রোগ।"
103,AFMC 2018-2019,কোনটি মুখমন্ডলের অস্থি নয়?,নাসিকা অস্থি,ল্যাক্রিমাল,ভোমার,এথময়েড,D,"করোটির অস্থির শ্রেণীবিভাগ: মানুষের করোটির ২৯টি অস্থিকে দুইভাগে ভাগ করা হয়েছে। যথা- (i) করোটিকা অস্থি ও (ii) মুখমন্ডলীর অস্থি।করোটিকার অস্থিসমূহ (মোট ৮টি):
১. ফ্রন্টাল অস্থি ২. প্যারাইটাল অস্থি (জোড়া) ৩. টেমপোরাল অস্থি (জোড়া) ৪. অক্সিপিটাল অস্থি ৫. স্ফেনয়েড অস্থি ৬. এথময়েড অস্থি
মুখমণ্ডলীর অস্থিসমূহ:
১. ম্যাক্সিলা (জোড়া) ২. ম্যান্ডিবল বা নিম্ন চোয়াল (১টি) ৩. জাইগোম্যাটিক অস্থি (জোড়া) ৪. ন্যাসাল অস্থি (জোড়া) ৫. ল্যাক্রিমাল অস্থি (জোড়া) ৬. ইনফিরিয়র ন্যাসাল কংকা (জোড়া) ৭. ভোমার (১টি) ৮. প্যালেটযাইন অস্থি (জোড়া)"
104,AFMC 2018-2019,উদরীয় টনসিল নামে পরিচিত কোনটি?,অ্যাপেনডিক্স,কোলন,মলাশয়,স্প্লীন,A,"বৃহদন্ত্রের প্রথম, বড়, স্ফীতি ও গোলাকার থলের মতো অংশের নাম সিকাম। সিকাম থেকে একটি ক্ষুদ্র আঙ্গুলের মতো ও বদ্ধ থলে প্রসারিত হয় একে অ্যাপেনডিক্স /উদরীয় টনসিল বলা হয়। একটি একটি নিষ্ক্রিয় অঙ্গ।"
105,AFMC 2018-2019,পরিপাক সংবহনের কাজ দুটি সম্পাদন করে-,হিমোসিল,লসিকা,সিলেন্টেরণ,রক্তরস,C,"সিলেন্টেরণ বা পরিপাক সংবহন গহ্বর: Hydra এর দেহের কেন্দ্রীয় ভাগে লম্বালম্বিভাবে অবস্থিত ফাঁকা গহ্বরটিকে সিলেন্টেরণ (Coelenteron Cr. koilos = hollow বা ফাঁপা + Enteron = Gut বা পৌষ্টিকনালি
গহ্বর) বলে। সিলেন্টেরণের চারদিক দেহপ্রাচীর দ্বারা বেষ্টিত থাকে। মুখছিদ্রটি সিলেন্টেরণের অগ্রভাগে অবস্থান করে এবং এরই মাধ্যমে। সিলেন্টেরণ বাইরে উন্মুক্ত হয়। সিলেন্টেরণের শাখা কর্ষিকার ভেতরে লুমেন হিসেবে প্রসারিত থাকে। এতে পায়ু এবং রেচন ছিদ্র থাকে না। কাজ: সিলেন্টেরণের ভেতরে খাদ্যবস্তুর বহিঃকোষীয় পরিপাক ঘটে। এর মাধ্যমে খাদ্যসার, রেচন পদার্থ এবং অক্সিজেন ও কার্বন-ডাই-অক্সাইড পরিবাহিত হয়। এ কারণে সিলেন্টেরণকে পরিপাক ও সংবহন গহ্বর বা গ্যাস্ট্রোভাস্কুলার গহ্বর বলে।"
106,AFMC 2018-2019,নাইট্রোজেন সংবন্ধন করে নিচের কোনটি?,Azotobacter,Pseudomonas,Clostridium,সবগুলো,D,"নাইট্রোজেন সংবন্ধনে: Azotobacter, Pseudomonas, Clostridium প্রভৃতি ব্যাকটেরিয়া সরাসরি বায়ু হতে নাইট্রোজেন গ্রহণ করে নাইট্রোজেন যৌগ পদার্থ হিসেবে মটিতে স্থাপন করে, ফলে মাটির উর্বরতা বৃদ্ধি পায়। Rhizobium ব্যাকটেরিয়া সিম জাতীয় উদ্ভিদের মূলের নডিউলে নাইট্রোজেন সংবন্ধন করে থাকে।"
107,AFMC 2018-2019,কোনটি বহুরূপী ব্যাকটেরিয়া?,Vibrio cholerae,Bacills albus,Rhizobium,Stella,C,"বহুরূপী (Pleomorphic) ব্যাকটেরিয়া: বহুরূপী ব্যাকটেরিয়া পরিবেশে বিভিন্ন আকৃতি ধারণ করতে পারে। যেমন গোলাকার, ডিম্বাকার, দন্ডাকার অথবা V, L, T প্রভৃতি আকৃতি। যেমন: Rhizobium।"
108,AFMC 2018-2019,রুই মাছের আঁশের বৃদ্ধি কোন সময়ে বেশি হয়?,বসন্তকালে,শীতকালে,শরৎকালে,বর্ষাকালে,A,রুই মাছের আঁইশ বৃদ্ধিকাল: সাধারণত বসন্তকালে ও গ্রীষ্মে রুই মাছের আঁইশের বৃদ্ধি বেশি হয়।
109,AFMC 2018-2019,কোন গ্রন্থির ক্ষরণকাল আজীবন নয়?,সুপ্রারেনাল,পিনিয়াল,থাইমাস,টেসটিস,C,"থাইমাস গ্রন্থি: শ্বাসনালীর সম্মুখে মেডিয়াস্টিনাম গহ্বরে থাইরয়েড গ্রন্থির নিম্নপ্রান্তে ও বক্ষের উরঃফলকের (Sternum) পিছনে মোটামুটি যে তলে শ্বাসনালী দ্বিশাখায় বিভক্ত হয়েছে সেখানে যে গ্রন্থি অবস্থিত, তাকে থাইমাস গ্রন্থি বলে। এই গ্রন্থি দুটি চ্যাপ্টা ও সমআকৃতির খণ্ডাংশে বিভক্ত। বয়স বাড়ার সাথে সাথে এই গ্রন্থি প্রথমে কিছুটা বড় হয় ও পরে ক্রমশ ছোট হয়ে যায় এবং পরিশেষে বিলুপ্ত হয়। তাই থাইমাস গ্রন্থি আজীবন হরমোন ক্ষরণ করতে পারে না।"
110,AFMC 2018-2019,প্রতিবর্তী ক্রিয়া নিয়ন্ত্রিত হয় কোন অঙ্গ দ্বারা?,মস্তিষ্ক,বুদ্ধি,জিন,সুষুম্নাকান্ড,D,"প্রতিবর্তী ক্রিয়া (Reflex action): কোন সংবেদী উদ্দীপনার প্রতি স্বয়ংক্রিয় ও আকস্মিক সাড়া দেয়াকে প্রতিবর্ত ক্রিয়া বলে। জীবনের জরুরী অবস্থার সাথে মোকাবেলা করার জন্য প্রাণী বিচার বিবেচনা না করে বাহ্য উদ্দীপকের ক্রিয়ার ফলে স্বতঃস্ফূর্তভাবে এ ধরনের প্রতিক্রিয়া দৃষ্টি করে। এ ধরনের ক্রিয়া মস্তিষ্ক নিয়ন্ত্রিত না হয়ে স্নায়ুতন্ত্রের সুষুম্নাকাণ্ড (spinal cord) দ্বারা নিয়ন্ত্রিত করে। যেমন- আগুনে হাত পড়লে সঙ্গে সঙ্গে হাত সরে আসা, চোখে কিছু পড়লে আপনা চোখ বন্ধ হয়ে যাওয়া, পায়ে কাঁটা ফুটলে অতি ক্ষিপ্রতার সাথে পা সরিয়ে নেয়া ইত্যাদি।"
111,AFMC 2018-2019,রেচনতন্ত্র শিখাকোষ নিয়ে গঠিত কোন পর্বের প্রাণীর?,নিডারিয়া,প্লাটিহেলমেনথিস,আর্থোপোডা,নেমাটোডা,B,"পর্ব Platyhelminthes-এর বৈশিষ্ট্য:
১. ত্রিস্তরী এবং অ্যাসিলোমেট।
২. রক্ত সংবহন ও শ্বসনতন্ত্র অনুপস্থিত; রেচনতন্ত্রশিখা কোষ (flame cell) নিয়ে গঠিত।
৩. অধিকাংশ পরজীবী।
৪. প্রাণীরা উভলিঙ্গ; নিষেক অভ্যন্তরীণ।
৫. চ্যাপ্টাকৃমির জীবনচক্রে অনেক ধরনের লার্ভাদশা থাকে।"
112,AFMC 2018-2019,নিচের কোনটি শ্বাসরঞ্জক নয়?,হিমোগ্লোবিন,হিমোসায়ানিন,ক্লোরোসায়ানিন,ক্লোরোক্রুরিন,C,"প্রাণিজগতের প্রধান চার ধরনের শ্বসনরঞ্জক হলো- হিমোগ্লোবিন (hemoglobin in Vertebrates), হিমোসায়ানিন (haemocyanin in Mollusca and Arthropoda), হিমিইরিথ্রিন (haemerythrin in Sipunculids, Brachiopods), ক্লোরোজুরিন (chlorocruorin in Polychaetes)।"
113,AFMC 2018-2019,Erythoprotein কোথায় তৈরি হয়?,ফুসফুস,কিডনি,যকৃত,কোনোটিই নয়,B,কিডনিতে Erythropoietin তৈরি হয়
114,AFMC 2018-2019,এন্টিবডির গড়ন দেখতে কোন প্রকৃতির?,X- আকৃতির,I- আকৃতির,M- আকৃতির,Y- আকৃতির,D,"An antibody (Ab), also known as an immunoglobulin (Ig), is a large, Y-shaped protein used by the immune system to identify and neutralize foreign objects such as pathogenic bacteria and viruses."
115,MAT 2023-2024,কোন এনজাইম ব্যাকটেরিয়া ধ্বংস করে?,পেপসিন,মল্টেজ,টায়ালিন,লাইসোজাইম,D,লাইসোজাইম এনজাইম গৃহীত খাদ্যের ব্যাকটেরিয়া ধ্বংসের মাধ্যমে রোগ প্রতিরোধ করে। পেপসিন আমিষের আর্দ্র বিশ্লেষণ ঘটিয়ে প্রোটিওজ ও পেপটোন-এ পরিণত করে।
116,MAT 2023-2024,হিমোগ্লোবিনের কোন অংশে CO₂ যুক্ত হয়?,-OH,-COOH,-HCO,-NH:,D,লোহিত কণিকার মধ্যে যে হিমোগ্লোবিন থাকে তার গ্লোবিন অংশের আমিনো গ্রুপের (NH:) সাথে CO: যুক্ত হয়ে কার্বামিনোহিমোগ্লোবিন যৌগ গঠন করে।
117,MAT 2023-2024,সরিসৃপের যুগ কোনটি?,প্যালিওজয়িক,সিনোজয়িক,মেসোজয়িক,আরকিওজয়িক,C,"সরিসৃপের যুগ -> মেসোজয়িক, জন্যপায়ীর যুগ -> সিনোজয়িক, উভচরের যুগ -> প্যালিওজয়িক"
118,MAT 2023-2024,কোন প্রাণীর ক্ষেত্রে পুরুষ অপেক্ষা স্ত্রীতে একটি ক্রোমোজোম বেশী থাকে?,মানুষ,কবুতর,ঘাসফড়িং,মুরগী,C,ঘাসফড়িং এর স্ত্রী ক্রোমোজোমে 2A + XX এবং পুরুষের ক্রোমোজোম 2A + XO (Y না থাকায় '' শূন্য লেখা হয়) ঘাসফড়িং এর ক্ষেত্রে পুরুষ অপেক্ষা স্ত্রীতে একটি ক্রোমোজোম বেশী থাকে।
119,MAT 2023-2024,সবচেয়ে বেশি খাদ্যসার শ্যোবত হয়-,ডিউডেনাম,ইলিয়াম,জেজুনাম,পাকস্থলী,C,সবচেয়ে বেশী খাদ্যসার শোষিত হয় ক্ষুদ্রান্ত্রের জেজুনামে। ক্ষুদ্রান্ত্রের জেজুনাম অংশের ভিলাই প্রাচীরের এপিথেলিয়াম কোষে সক্রিয় শোষণ বা ব্যাপন প্রক্রিয়ায় গ্লুকোজ ও অন্যান্য সরল শর্করা শোষিত হয়ে রক্তজালকের মাধ্যমে পোর্টাল সংবহনতন্ত্রে প্রবেশ করে।
120,MAT 2023-2024,নিচের কোন কোষ যেকোনো ধরনের কোষে পরিণত হতে পারে?,নিডোরাস্ট কোষ,ইন্টারস্টিশিয়ান কোষ,সংবেদী কোষ,আবরণী কোষ,B,ইন্টারস্টিশিয়াল কোষ অন্য যেকোনো ধরনের বহিঃত্বকীয় কোষে পরিণত হতে পারে। পরিস্ফুটনরত নিডোসাইটকে নিডোরাস্ট বলে।
121,MAT 2023-2024,প্লাজমার কোন উপাদান রক্তক্ষরণ বন্ধে সহায়তা করে?,সেরোটোনিন,আলবুমিন,ফাইব্রিনোজেন,গ্লোবিউলিন,C,"প্লাজমা প্রোটিনের মধ্যে অ্যালবুমিন, প্রোথ্রমিন,ফাইব্রিনোজেন প্রভৃতি উল্লেখযোগ্য। এদের মধ্যে ফাইব্রিনোজেন রক্ত অঞ্চনে সহায়তা করে।"
122,MAT 2023-2024,বর্ণান্ধ বাবা ও স্বাভাবিক দৃষ্টির মায়ের (বাহক নয়) কন্যা সন্তানের স্বাভাবিক দৃষ্টির সম্ভাব্য হার কত?,75%,50%,25%,100%,D,"বর্ণান্ধ বাবা (XcY) ও স্বাভাবিক দৃষ্টির মা (XCXC) এর F₁ জনুর পুত্র, কন্যা সকলেই স্বাভাবিক দৃষ্টি সম্পন্ন হবে। সুতরাং, কন্যা সন্তানের স্বাভাবিক দৃষ্টির সম্ভাব্য হার ১০০%"
123,MAT 2023-2024,রাইবোজ-,বিভিন্ন কো-এনজাইম তৈরিতে ব্যবহৃত হয়,60°C তাপে গলে,ডিএনএ (DNA) এর মূল উপাদান,অ্যানডোহেক্সোজ নামে পরিচিত,A,"রাইবোজের ক্ষেত্রে (i) ATP, NAD, NADP' ইত্যাদি কো-এনজাইমের সাথে যুক্ত থাকে
(ii) গলনাঙ্ক ৯৫°C
(iii) RNA এর মূল উপাদান
(iv) এটি অ্যালডোপেন্টোজ"
124,MAT 2023-2024,নিচের কোনটি লাইসোসোম (Lysosome) এর বৈশিষ্ট্য?,বিক্ষিপ্তভাবে সাইটোপ্লাজমে থাকে,বাহ্যিক আবরণী দ্বারা আবৃত থাকে না,প্রোটিন সংশ্লেষণ প্রধান কাজ,বিভিন্ন ধরনের এনজাইম থাকে,D,নাইসোসোমের বৈশিষ্টা: (i) আবরণী দিয়ে আবৃত থাকে (ii) সাইটোপ্লাজমের সর্বত্র সমানভাবে সাজানো থাকে (iii) বিভিন্ন এনজাইম থাকে প্রোটিন সংশ্লেষণ করা রাইবোসোমের কাজ।
125,MAT 2023-2024,কোন পর্বের প্রাণীতে র ্যাবডিটিফর্ম লার্ভা দশা দেখা যায়?,Nematoda,Platyhelminthes,Echinodermata,Arthropoda,A,নেমাটোডা পর্ব -> প্রাণীতে র‍্যাবডিটিফর্ম লার্ভা দশা। নিডারিয়া পর্ব -> প্রানুলা লার্ভা দশা। অ্যানিলিডা পর্ব -> ট্রোকোফোর লার্ভা দশা
126,MAT 2023-2024,নিচের কোনটিতে অরীয় প্রতিসাম্য দেখা যায়?,শামুক,জেলিফিস,মানুষ,প্রজাপতি,B,"হাইড্রা, জেলিফিস, সী অ্যানিমন ও সম্পর্কিত গোষ্ঠিভুক্ত প্রাণীদের মধ্যে অরীয় প্রতিসাম্যতা দেখা যায়। শামুক অপ্রতিসম প্রাণী। মানুষ ও প্রজাপতি দ্বিপার্শ্বীয় প্রতিসম প্রাণী।"
127,AFMC 2017-2018,মুখমন্ডলীয় অস্থিতে প্যালেটিন এর সংখ্যা কত?,৫,২,১,৮,B,মুখমন্ডলীয় অস্থিতে প্যালেটিন আছে-২টি
128,AFMC 2017-2018,রেটিনার কোন ধরনের কোষ থেকে অপটিক স্নায়ু তৈরী হয়?,রড কোষ,কোণ কোষ,বাইপোলার নিউরন,গাংগ্লিওন কোষ,D,"রেটিনা রড কোষ ও কোণ কোষ নামক দুই ধরনের কোষ নিয়ে গঠিত। রেটিনার দশটি উপস্তর রয়েছে। রেটিনায় বস্তুর প্রতিবিম্ব তৈরী হয়। রেটিনা থেকে অপটিক স্নায়ু তৈরী হয়, যা দর্শন অনুভূতি মস্তিষ্কে প্রেরণ করে। রেটিনার গাংগ্লিওন কোষ থেকে অপটিক স্নায়ু তৈরী হয়।"
129,AFMC 2017-2018,নিচের কোন দুইটি অস্থি । আকৃতির?,"হাইওয়েড, ভোমার","ম্যাক্সিলা, ম্যান্ডিবল","হাইওয়েড, ম্যাক্সিলা","ম্যাক্সিলা, হাইওয়েড",B,"ম্যাক্সিলা, ম্যান্ডিবল দুইটি । আকৃতির অস্থি"
130,AFMC 2017-2018,হাইড্রা সামারসল্টিং চলনে একবার চললে কয়টি লুপ তৈরী করে?,৩টি,১টি,৪টি,২টি,D,সমারসল্টিং একবার চলনে দুটি লুপ তৈরি হয়।
131,AFMC 2017-2018,অগ্রবক্ষের বড় এবং চওড়া অংশের নাম কি?,এলিট্রা,টারসাল,প্রোটোনাম,টেগমিনা,C,"অগ্রবক্ষের টার্গাম অংশটি বেশ বড়, একে প্রোটোনাম বলে।"
132,AFMC 2017-2018,রুই মাছের ক্ষেত্রে নিচের কোনটি সঠিক নয়?,রক্তের বর্ণ লাল,নিউক্লিয়াসযুক্ত লোহিত রক্তকণিকা,অ্যামিবয়েড লিউকোসাইট,রক্ত কণিকা ৩ ধরনের,D,"রুই মাছের রক্তকণিকা ২ ধরনের - নিউক্লিয়াসযুক্ত লোহিত রক্ত কণিকা, অ্যামিবয়েড লিউকোসাইট।"
133,AFMC 2017-2018,পোডোসাইট কোথায় পাওয়া যায়?,PCT,DCT,রেনাল করপাসল,হেনলির লুপ,C,পোডোসাইট (ভিসেরাল স্তর) রেনাল করপাসলে পাওয়া যায়।
134,AFMC 2017-2018,হাইড্রার দেহের Life Playing Guest বলা হয় কাকে?,Zoochlorellae,Penicillium,Chlorohydra,Lichen,A,হাইড্রার দেহের Life Playing Guest বলা হয় Zoochorella।
135,AFMC 2017-2018,কোনটির অভাবে টিটেনি হয়?,প্যারাধরমোন,থাইরক্সিন,ইনসুলিন,পিটুইটারি গ্রন্থি,A,প্যারা-থাইরয়েড থেকে নিঃসৃত প্যারা-হরমোন নামক হরমোনের অভাবে এ রোগ হয়।
136,AFMC 2017-2018,ইঁদুর এর ক্ষেত্রে কোনটি ফিনাইল এলানিন কোড করে?,UUA,UUG,UUU,UGA,C,ইঁদুরের ক্ষেত্রে UUU ফিনাইল এলানিন কোড করে।
137,AFMC 2017-2018,Tidal Volume এর মান কত?,500 ml,400 mL,200 mL,300 mL,A,Tidal Volume এর মান - ৫০০ mL
138,AFMC 2017-2018,New Born Baby এর ক্ষেত্রে প্রতি মিনিটে হৃদস্পন্দন হার কত?,১১০-১৫০,১৩০-১৪০,৭০-৮০,১৪০-১৫০,D,সদ্যজাত ভ্রুণের হৃদস্পন্দন প্রতি মিনিটে ১৪০-১৫০ বার।
139,AFMC 2017-2018,সুপারফিশিয়াল কটিক্যাল নেফ্রন কত শতাংশ?,85%,25%,10%,70%,A,সুপারফিশিয়াল কর্টিকেল নেফ্রন এর ৮৫%
140,AFMC 2017-2018,ক্ল্যাভিকল অ্যারোমিয়াল প্রান্ত দিয়ে কার সাথে যুক্ত হয়?,স্টার্নাম,স্ক্যাপুলা,হিউমেরাস,ম্যানুব্রিয়াম,B,ক্ল্যাভিকল অ্যাক্রোমিয়াল প্রান্ত দিয়ে স্ক্যাপুলায় যুক্ত থাকে।
141,AFMC 2017-2018,নিম্নের কোনটি ভ্রূণের এক্টোডার্ম থেকে তৈরি হয়?,কঙ্কালতন্ত্র,রক্ত সংবহনতন্ত্র,স্নায়ুতন্ত্র,শ্বসনতন্ত্র,C,"ভ্রূণীয় স্তর এক্টোডার্ম পরিণত মানুষের গঠিত কলা
১. ত্বকের এপিডার্মিস; ত্বকোদ্ভূত গ্রন্থি, চুল, নখ। ২. পরিপাকনালীর অন্তঃআবরণ; পিটুইটারি গ্রন্থি। ৩. চোখের রেটিনা, লেন্স ও অন্তঃকর্ণের মেমব্রেনাস ল্যাবিরিন্থ। ৪. স্নায়ুতন্ত্র ও সংবেদী অঙ্গসমূহ; দাঁতের এনামেল।"
142,AFMC 2017-2018,এনজাইনার ব্যাথা কতক্ষণ স্থায়ী হয়?,১০-১৫ মিনিট,৫-৩০ মিনিট,১৫-৩০ মিনিট,৫-১০ মিনিট,B,এনজাইনার ব্যাথা ৫-৩০ মিনিট দীর্ঘস্থায়ী হয়।
143,AFMC 2017-2018,ক্লোরোকুইন ওষুধ কোথায় শোষিত হয়?,পাকস্থলী,ক্ষুদ্রান্ত্র,বৃহদান্ত্র,অন্ননালি,B,ক্লোরোকুইন ওষুধ ক্ষুদ্রান্তে শোষিত হয়।
144,AFMC 2017-2018,শ্বাসনালি কোন ধরনের তরুনাস্থি নির্মিত?,ক্যালসিফাইট,হায়ালিন,শ্বেত তন্তুময়,স্থিতিস্থাপক,B,শ্বাসনালি হায়ালিন তরুনাস্থি নির্মিত।
145,DAT 2024-2025,মানবদেহের দীর্ঘতম কোষ কোনটি?,মায়োসাইট,স্পারম্যাটোসাইট,নিউরন,ওভাম,C,মানবদেহে সবচেয়ে লম্বা বা দীর্ঘতম কোষ মটর নিউরন। যা প্রায় 1.37 মিটার লম্বা। আবার মানবদেহের ক্ষুদ্রতম কোষ অণুচক্রিকা
146,DAT 2024-2025,কোন ভিটামিন কোলেস্টেরল থেকে উৎপন্ন হয়?,ভিটামিন-ই,ভিটামিন-এ,বায়োটিন,ভিটামিন-ডি,D,"কোলেস্টেরল সকল প্রাণীর চর্বিতে বিদ্যমান সাধারণ স্টেরল যা প্লাজমামেমব্রেনের অতিপ্রয়োজনীয় উপাদান, পিত্তের প্রধান উপাদান ও ভিটামিন-ডি এর পূর্ব সূচক। সূর্যের UV রশ্মির উপস্থিতিতে আর্গোস্টেরল থেকে মানবদেহে ভিটামিন-ডি তৈরি হয়।"
147,DAT 2024-2025,প্রাণীর নখে কোন ধরনের প্রোটিন থাকে?,কোলাজেন,কেরাটিন,ফাইব্রিন,টেলিন,B,"ক্রেরোপ্রোটিন প্রাণি দেহের হাড়, চুল, নখ, ত্বক ও সংযোগ টিস্যুতে এই প্রোটিন বেশি থাকে। যেমন- শিং, নখ, খুর ও চুলে কেরাটিন, চামড়ায় কোলাজেন ও হাড়ে টেনডন এ জাতীয় প্রোটিন।"
148,DAT 2024-2025,কোন ব্যাকটেরিয়া ভিটামিন উৎপন্ন করে?,Pseudomonas,Agrobacterium,Rhizobium,Escherichia,D,"মানুষের অস্ত্রের Escherichia coli (E. coli) ব্যাকটেরিয়া ভিটামিন-বি, ভিটামিন-কে, ভিটামিন-বি,, ফোলিক এসিড ও বায়োটিন প্রভৃতি পদার্থ প্রস্তুত ও সরবরাহ করে।"
149,DAT 2024-2025,05. দেহের জন্যে ভালো কোলোস্টেরল কোনটি?,HDL,LDL,VLDL,Chylomicron,A,মানুষের রক্তে HDL এর মাত্রা বেশি থাকা ভালো। এর জন্য HDL কে Good Cholesterol বলে। পুরুষের তুলনায় মহিলাদের রক্তে বেশি HDL থাকে। তাই মহিলাদের হৃদরোগ কম হয়।
150,DAT 2024-2025,মানবদেহের সুনির্দিষ্ট প্রতিরক্ষায় তৃতীয় জ্বরে কাজ করে কোনটি?,সাইটোকাইনস,লিম্ফোসাইটস,ফ্যাগোসাইটস,ইন্টারফেরন,B,"মানবদেহের দ্বিতীয় প্রতিরক্ষা স্তরের উপাদান ফ্যাগোসাইটস, প্রাকৃতিক মারণ কোষ, কমপ্লিমেন্টতন্ত্র, সাইটোকাইনস, ইন্টারফেরন, জ্বর, প্রদাহ। তৃতীয় প্রতিরক্ষা জ্বরের উপাদান লিম্ফোসাইট, অ্যান্টিবডি, স্মৃতিকোষ।"
151,DAT 2024-2025,কোন লালাগ্রন্থির ভাইরাসজনিত সংক্রমণকে মাম্পস বলে?,সাবমেন্টাল,সাবম্যান্ডিবুলার,প্যারোটিড,সাবলিঙ্গুয়াল,C,"প্যারোটিড লালাগ্রন্থি সবচেয়ে বড় লালাগ্রন্থি। এই গ্রন্থিতে ভাইরাসের আক্রান্ত হলে যে প্রদাহ হয়, তাকে মাম্পস বলে।"
152,DAT 2024-2025,মেরুদন্ডের কোন অংশে সবচেয়ে বেশি কশেরুকা থাকে?,লাম্বার,স্যাক্রনল,সারভাইকাল,থোরাসিক,D,"সারভাইকাল কশেরুকা -> ৭ টি, ঘোরাসিক কশেরুকা -> ১২ টি, লাম্বার কশেরুকা -> ১ টি, কন্ধিজিয়াল কশেরুকা -> ৫ টি, স্যাক্রাল কশেরুকা -> ১টি।"
153,DAT 2024-2025,ট্রিপসিন জারকের জন্যে সঠিক কোনটি?,এন্টারোকাইনেজের উপস্থিতিতে সক্রিয় হয়,লিপিডের উপর কাজ করে,হাইড্রোক্লোরিক এসিডের মাধ্যমে সক্রিয় হয়,পাকস্থলিতে নিঃসৃত হয়,A,"ট্রিপসিন অগ্ন্যাশয় থেকে নিঃসৃত হয়, এন্টারোকাইনেজের উপস্থিতিতে সক্রিয় হয়, প্রোটিনের উপর কাজ করে, কাইমোট্রিপসিনোজেনকে সক্রিয় করে।"
154,DAT 2024-2025,পূর্ণবয়স্ক সুস্থ মানুষের দু'টি ফুসফুসে আলভিওলাসের সংখ্যা কত?,২৫০ মিলিয়ন,৫০০ মিলিয়ন,৩০০ মিলিয়ন,৭০০ মিলিয়ন,D,"নবজাতক শিশুর ফুসফুসে ২০ মিলিয়ন, ৮ বছরের শিশুর ৩০০ মিলিয়ন এবং একজন পূর্ণবয়স্ক মানুষের ফুসফুসে প্রায় ৭০০ মিলিয়ন অ্যালভিওলাই থাকে।"
155,DAT 2024-2025,নিচের কোনটিতে রেনাল পোর্টাল সিস্টেম উন্নত ধরণের?,মানুষ,সরীসৃপ,বানর,পাথি,B,"রেনাল পোর্টাল সিস্টেম সরীসৃপে উন্নত, পাখিতে ক্ষয়প্রাপ্ত এবং স্তন্যপায়ীতে অনুপস্থিত।"
156,DAT 2024-2025,মানবদেহের সবচেয়ে ছোট অস্থি কোনটি?,ইনকাস,ম্যালিয়াস,স্টেপিস,ট্যালাস,C,স্টেপিস -> মানবদেহের ক্ষুদ্রতম অস্থি; ফিমার -> মানবদেহের বৃহত্তম অস্থি।
157,DAT 2024-2025,মানবদেহে অক্সিজেন পরিবহনে কোনটি সঠিক?,চার অণু হিমোগ্লোবিনের সাথে এক অণু অক্সিজেন মিলিত হয়,ব্যাপন প্রক্রিয়ায় অক্সিজেন কোষাভ্যন্তরে প্রবেশ করে,pH এর মাত্রা কমলে হিমোগ্লোবিনের আকর্ষণ বাড়ে,২% রাসায়নিক যৌগ হিসেবে পরিবাহিত হয়,B,O2 ব্যাপন প্রক্রিয়ায় রক্তজালকের রক্ত থেকে প্রথমে কলারসে (tissue fluid) এবং পরে কোষে প্রবেশ করে।
158,DAT 2024-2025,কোন রক্তকণিকা হিস্টামিন নিঃসরণ করে?,বেসোফিল,অণুচক্রিকা,নিউট্রোফিল,মনোসাইট,A,বেসোফিল -> হেপারিন ও হিস্টামিন ক্ষরণ করে। ইওসিনোফিল -> রক্তে প্রবেশকৃত কৃমির লার্ভা ও অ্যালার্জিক অ্যান্টিবডি ধ্বংস করে।
159,DAT 2024-2025,রক্ততঞ্চনের কোন ফ্যাক্টরকে স্ট্যাবল ফ্যাক্টর বলে?,ফ্যাক্টর IX,ফ্যাক্টর VII,ফ্যাক্টর VIII,ফ্যাক্টর IV,B,ফ্যাক্টর VII বা প্রোকনভারটিনকে স্ট্যাবল ফ্যাক্টর বলা হয়। ফ্যাক্টর VI বা অ্যাকসেলারিনকে আনস্টেবল ফ্যাক্টর বলা হয়। ফ্যাক্টর VIII অ্যান্টিহিমোফিলিক ফ্যাক্টর।
160,DAT 2024-2025,করোনারী হৃদরোগ নির্ণয়ে প্রথম পরীক্ষা কোনটি?,লিপিড প্রোফাইল,ই. টি. টি,ই. সি. জি,এনজিওগ্রাম,C,E. C. G -> প্রাথমিকভাবে করোনারী হৃৎরোগ নির্ণয়ে ব্যবহৃত হয়। E.T.T -> হৃৎপিন্ডের অবস্থা বা কার্যক্ষমতা ভালোভাবে জানা যায়। এনজিওগ্রাম -> হৃৎপিন্ডের রক্তনালিতে কোন ব্লক আছে কিনা তা নির্ণয় করা যায়।
161,DAT 2024-2025,বি এম আই (BMI) 37 kg/m² হলে তা স্থূলতার কোন স্তর?,অতিরিক্ত ওজন,দ্বিতীয় স্তর,প্রথম স্তর,তৃতীয় স্তর,B,"BMI 18.5-24.9 kg/m²: স্বাভাবিক ওজন
BMI 25.0-29.9 kg/m²: অতিরিক্ত ওজন
BMI 30.0-34.9 kg/m²: ১ম স্তরের স্থূলতা
BMI 35.0-39.9 kg/m²: ২য় স্তরের স্থূলতা
BMI ≥ 40.0 kg/m²: ৩য় স্তরের স্থূলতা"
162,DAT 2024-2025,এপিগ্লটিসে কোন ধরনের তরুণাস্থি থাকে?,হায়ালিন,শ্বেততন্ত্রময়,চুনময়,পীত তত্ত্বময়,D,"এপিগ্লটিস, বহিঃকর্ণ বা পিনা, এবং ইউস্টেশিয়ান নালিতে স্থিতিস্থাপক বা পীত-তত্ত্বময় তরুণাস্থি পাওয়া যায়। এই তরুণাস্থি নমনীয়তা এবং স্থিতিস্থাপকতা প্রদান করে।
Mnemonic: Elastic cartilage → EEE
E → External ear (বহিঃকর্ণ)
E → Eustachian tube (ইউস্টেশিয়ান নালি)
E → Epiglottis (এপিগ্লটিস)"
163,DAT 2024-2025,মানবদেহে খনিজ লবণ (mineral) এর কাজ কি?,রোগ প্রতিরোধশক্তি বৃদ্ধি,তাপ শক্তি উৎপাদন,পুষ্টি ও বৃদ্ধিতে সহায়তা,তাপ নিয়ন্ত্রণ,C,"রোগ প্রতিরোধশক্তি বৃদ্ধি করে ভিটামিন।
তাপ শক্তি উৎপাদনে সহায়ক শর্করা।
তাপ নিয়ন্ত্রণে ভূমিকা রাখে স্নেহদ্রব্য।
পুষ্টি ও বৃদ্ধিতে সহায়তা করে খনিজ লবণ।"
164,DAT 2024-2025,একজন প্রাপ্তবয়স্ক মানুষের উপরের পাটির দন্ত-সংকেত কোনটি?,I2C2PM3M1,I2C2PM2M1,I2C1PM3M2,I2C1PM2M3,D,পাঁচ-ছয় বছরের শিশুর উপরের পাটির দন্ত সংকেত →I2C1P0M2 প্রাপ্ত বয়স্ক মানুষের উপরের পাটির দন্ত সংকেত → I2C1P2M3
165,DAT 2024-2025,মানুষের হৃৎপিন্ডের বৈশিষ্ট্য কোনটি?,শরীরে CO₂ সমৃদ্ধ রক্ত সঞ্চালন করে,হৃৎপেশির নিঃসাড় কাল দীর্ঘ,সাইনাস ভেনোসাস আছে,একটি অ্যাট্রিয়াম ও দুটি ভেন্ট্রিকল থাকে,B,হৃৎপিন্ড শরীরে ₂ সমৃদ্ধ রক্ত সঞ্চালন করে। • মানুষের হৃৎপিন্ডে সাইনাস ভেনোসাস নেই। • হৃৎপিন্ডে দুইটি অ্যাট্রিয়াম ও দুইটি ভেন্ট্রিকল থাকে। • হৃৎপেশির নিঃসাড়কাল সবচেয়ে দীর্ঘস্থায়ী।
166,DAT 2024-2025,"মানুষ সর্বভুক প্রাণি। কারণ, মানুষের-","কর্তন, ছেদন ও পেষণ দাঁত আছে",পেষণ ও কর্তন দাঁত আছে,অগ্রপেষণ ও পেষণ দাঁত আছে,ছেদন ও পেষণ দাঁত আছে,A,"মানুষের ক্ষেত্রে কর্তন, ছেদন ও পেষণ - সব ধরনের দাঁত থাকে যার কারণে মানুষ উদ্দিজ্জ ও প্রাণিজ - সব ধরনের খাবার গ্রহণ করতে পারে। এ জন্য মানুষকে সর্বভুক প্রাণি বলা হয়।"
167,DAT 2024-2025,লসিকার (lymph) বৈশিষ্ট্য কোনটি?,শর্করা ও আমিষ পরিবহন করে,ছোট ছোট শিরা দ্বারা বাহিত হয়,অধিক পরিমাণে ফাইব্রিনোজেন থাকে,লিপিড পরিবহন করে,D,"লসিকার বৈশিষ্ট্য: • বর্ণ -> স্বচ্ছ হলুদ থেকে সাদা বর্ণের। • প্রবাহ -> লসিকানালীতে চাপবিহীন প্রবাহিত হয়।
• গঠন উপাদান -> প্লাজমা এবং শ্বেত রক্তকণিকা। • হিমোগ্লোবিন -> অনুপস্থিত। • পরিবহন -> বর্জ্য পদার্থ এবং লিপিড পরিবাহিত হয়। • প্রোটিন -> অল্প পরিমাণ।"
168,DAT 2024-2025,নিঃশ্বাস প্রক্রিয়ায় কোনটি সঠিক?,ডায়াফ্রাম নিচের দিকে নামে,বক্ষ-গহ্বর ও ফুসফুসের আয়তন হ্রাস পায়,স্নায়ু কার্যকলাপ দ্বারা পরিচালিত হয়,সক্রিয় পদ্ধতি,B,"নিঃশ্বাস-
• ফুসফুস থেকে বায়ু পরিবেশে নির্গত হয়। • নিষ্ক্রিয় পদ্ধতি। • ডায়াফ্রাম উপরের দিকে বেঁকে ধনুকের মতো হয়ে যায়। • বক্ষগহ্বর ও ফুসফুসের আয়তন হ্রাস পায়।"
169,DAT 2024-2025,মানুষের দাঁত কোন ধরণের?,লোফোডন্ট,সেলেনোডন্ট,ডিফায়োডন্ট,ট্রাইকেনোডন্ট,C,"মানুষের দাঁতের বৈশিষ্ট্য
• ডাইফায়োডন্ট -> মানুষের দাঁত দুবার উঠে।
• থেকোডন্ট ->মানুষের দাঁতগুলো চোয়ালের অস্থির গর্তে প্রোথিত থাকে। • হেটারোডন্ট -> চার ধরনের দাঁত থাকে।"
170,DAT 2024-2025,কোন গ্রন্থি আমিষ শোষণ নিয়ন্ত্রণ করে?,যকৃত,অগ্ন্যাশয়,থাইমাস,থাইরয়েড,D,কার্বোহাইড্রেট শোষণ নিয়ন্ত্রণ করে -> ইনসুলিন এবং গ্লুকোকটিকয়েড হরমোন। আমিষ এবং লিপিড শোষণ নিয়ন্ত্রণ করে -> থাইরক্সিন হরমোন যা থাইরয়েড গ্রন্থি থেকে নিঃসৃত হয়।
171,DAT 2024-2025,খাদ্যের ব্যাকটেরিয়া ধ্বংস করে দাঁতকে রক্ষা করে কোনটি?,অ্যামাইলেজ,মিউসিন,টায়ালিন,লাইসোজাইম,D,"লালায় বিদ্যমান উপাদানগুলোর কাজ-
• লাইসোজাইম এবং IgA -> ব্যাকটেরিয়া এবং জীবাণু ফাংস করে।
• মিউসিন -> বাফার হিসেবে কাজ করে। • টায়ালিন, অ্যামাইলেজ -> জটিল শর্করা বিপাক করে সরল শর্করায় পরিণত করে।"
172,DAT 2024-2025,ধমনি বিষয়ে কোনটি সঠিক?,রক্ত প্রবাহ দেহের প্রান্ত থেকে হৃদপিন্ডের দিকে,প্রাচীর অস্থিতিস্থাপক,কপাটিকা থাকে,কৈশিক জালিকায় সমাপ্ত হয়,D,ধমনি: প্রকৃতি -> হৃৎপিন্ড থেকে শুরু হয়ে কৈশিক জালিকায় সমাপ্ত হয়। প্রাচীর -> বেশ পুরু এবং স্থিতিস্থাপক। লুমেন -> সরু এবং কপাটিকাবিহীন। রক্তের ধরণ -> O2 সমৃদ্ধ (পালমোনারী ধমনি ব্যতীত)। রক্তচাপ উচ্চ চাপে প্রবাহিত হয়।
173,AFMC 2021-2022,নিচের কোনটি সেক্স লিংকড (Sex-linked) রোগ নয়?,সবগুলো,বর্ণান্ধতা,হিমোফিলিয়া,এ্যানিমিয়া,D,অ্যানিমিয়া Sex linked রোগ নয়।
174,AFMC 2021-2022,নিচের কোন প্রক্রিয়াটি কোষের জেনেটিক্যালি নিয়ন্ত্রিত মৃত্যু?,Epistasis,Apoptosis,Hypostasis,Necrosis,B,Apoptosis: কোষের জেনেটিক্যালি নিয়ন্ত্রিত মৃত্যু। Necrosis: পুষ্টির অভাবে বা বিষাক্ত দ্রব্যের কারণে কোষের মৃত্যু
175,AFMC 2021-2022,জিহ্বার কোন অংশে লবণাক্ত স্বাদ অনুভূত হয়?,পশ্চাৎদেশ,মধ্যভাগ,শীর্ষভাগ,পার্শ্বদেশ,D,"জিহ্বার অগ্রভাগে মিষ্টতা, পার্শ্বদেশে লবণণক্ষতা পশ্চাৎভাগের দুইপাশে অম্লতা ও পিছনে তিক্ততা অনুভূত হয়।"
176,AFMC 2021-2022,"চিকিৎসা বিদ্যার কোন শাখায় স্থূলতার কারণ, প্রতিরোধ ও চিকিৎসা সম্বন্ধে আলোচনা করা হয়?",Obesity,Geriatrics,Bariatrics,Pediatrics,C,"ভুলতার কারণ, প্রতিরোধ ও চিকিৎসা সম্বন্ধে আলোচনা করা হয় Bariatrics শাখায়।"
177,AFMC 2021-2022,নিচের কোনটি হ্যাগফিশ (Hagfish) নামে পরিচিত?,Agnatha,Larvacea,Myxini,Thaliacea,C,Myxini শ্রেনিভূক্ত প্রানীগুলোকে হ্যাগফিশ বলে।
178,AFMC 2021-2022,"চিকিৎসা বিদ্যার কোন শাখায় স্থূলতার কারণ, প্রতিরোধ ও চিকিৎসা সম্বন্ধে আলোচনা করা হয়?",Obesity,Geriatrics,Bariatrics,Pediatrics,C,"ভুলতার কারণ, প্রতিরোধ ও চিকিৎসা সম্বন্ধে আলোচনা করা হয় Bariatrics শাখায়।"
179,AFMC 2021-2022,নিচের কোনটি মেগাক্যারিওসাইট (Megakaryocytes) থেকে উৎপত্তি লাভ করে?,মনোসাইট,লিম্ফোসাইট,থ্রোম্বোসাইট,লিউকোসাইট,C,অস্থিমজ্জার (Megakaryocytes) উৎপত্তি লাভ করে। মেগাক্যারিওসাইট থেকে থ্রোম্বোসাইট
180,AFMC 2021-2022,গলগণ্ড রোগ হয় কোনটির অভাবে?,Zink,Iron,lodin,Calcium,C,আয়োডিনের অভাবে গলগন্ড রোগ হয়।
181,AFMC 2021-2022,একটি জিন অন্য জিনের কার্যকারিতা প্রকাশে বাধা দেয়ার প্রক্রিয়াকে কি বলে?,Hypostasis,Codominance,Homologous,Epistasis,D,একটি জিন অন্য জিনের কার্যকরিতা প্রকাশে বাধা দেয়ার প্রক্রিয়াকে এপিস্ট্যাসিস বলে।
182,AFMC 2021-2022,কোন প্রানির হৃৎপিন্ডকে ভেনাস হার্ট বলে?,মানুষ,হাইড্রা,রুই মাছ,ঘাস ফড়িং,C,কেবল CO₂ সমৃদ্ধ রক্ত পরিবহন করে বলে রুই মাছের হৃৎপিন্ডকে ভেনাস হার্ট বলে।
183,AFMC 2021-2022,কোন ভিটামিন কোলেস্টেরল থেকে উৎপন্ন হয়?,Vit-D,Vit-A,biotin.,Vit-E,A,কোলেস্টেরল থেকে Vit-D উৎপন্ন হয়।
184,AFMC 2021-2022,নিচের কোনটি সঠিক-,মাইটোকন্ড্রিয়ার ৯০% চর্বি,প্রোটিন সঞ্চয় করে ইলায়োপ্ল্যাস্ট,শর্করা সঞ্চয় করে অ্যামাইলোপ্লাস্ট,সবগুলো সঠিক,C,শর্করা জাতীয় খাদ্য লিউকোপ্লাস্টকে অ্যামাইলোপ্লাস্ট এবং প্রোটিন জাতীয় খাদ্য সঞ্চয়কারী লিউকোপ্লাস্টকে অ্যালিউরোপ্লাস্ট বলে।
185,AFMC 2021-2022,এক জোড়া ক্রোমোসোম এক সাথে অবস্থান করলে তাকে কি বলে?,হোমোলোগাস,অ্যালিল,হেটারোজাইগাস,হোমোজাইগাস,B,নির্দিষ্ট লোকাসে অবস্থানকারী জিনজোড়ের একটিকে অপরটির অ্যালিল বলে।
186,AFMC 2021-2022,কোন অঙ্গাণু তে নিজস্ব ডিএনএ পাওয়া যায়?,নিউক্লিয়াই,মাইটোকনড্রিয়া,গলগী বডি,রাইবোজম,B,মাইটোকন্ড্রিয়াতে নিজস্ব বৃত্তাকার DNA আছে।
187,AFMC 2021-2022,মাইটোসিস কোষ বিভাজনের কোন ক্ষেত্রে মেটাকাইনেসিস (Metakinesis) সংঘটিত হয়?,এনাফেজ,প্রফেজ,টেলোফেজ,মেটাফেজ,D,কোষ বিভাজনের মেটাফেজ দশায় স্পিন্ডল যন্ত্রের বিষুবীয় অঞ্চলে ক্রোমোসোমের বিন্যস্ত হওয়াকে মেটাকাইনেসিস বলে।
188,AFMC 2021-2022,কোন প্রক্রিয়ায় RNA হতে DNA তৈরি হয়?,রিভার্স ট্রান্সক্রিপশন,ট্রান্সলেশন,ট্রান্সক্রিপশন,রেপ্লিকেশন,A,বিভার্স ট্রান্সক্রিপশন প্রক্রিয়ায় ভাইরাল RNA থেকে কমপ্লিমেন্টারি DNA তৈরী করা হয়।
189,AFMC 2021-2022,মানব শরীরে কোন লিপিড (Lipid) টি সবচেয়ে বেশী থাকে?,ট্রাই এ্যাসাইল গ্লিসারল,কোলেস্টেরল,লাইপোপ্রোটিন,ফ্যাটি এ্যসিস্ত,B,মানব শরীরে লিপিডের মধ্যে কোলেস্টেরল বেশি থাকে ।
190,AFMC 2021-2022,লার্ভা (Larva) কে সচারচর কোন নামে ডাকা হয়?,Nymph,Nematoda,Cnidaria,Embryo,A,লার্ভাকে সচরাচর Nymph নামে আজকা হয়
191,AFMC 2021-2022,নিচের কোন এনজাইমটি পিত্তরস (Bile) এ থাকে?,ট্রিপসিন,এ্যামাইলেজ,কোনটি নয়,লাইপেজ,C,পিত্তরসে কোন এনজাইম থাকে না।
192,AFMC 2021-2022,নিচের কোনটি সাগর ফোয়ারা (Sea squirt) নামে পরিচিত?,Echinodartala,Cephalochordata,Cephalaspidomorphi,Urochordata,D,Urochordata উপপর্বের প্রাণীগুলোকে
193,AFMC 2021-2022,নিচের কোনটি চর্বিতে দ্রবণীয় ভিটামিন নয়?,ভিটামিন কে,ভিটামিন এ,ভিটামিন ই,ভিটামিন সি,D,"চর্বিতে দ্রবণীয় ভিটামিন A,D,E,K পানিতে দ্রবণীয় ভিটামিন B ও C"
194,AFMC 2021-2022,নিচের কোনটি পাকস্থলীর প্যারাইটাল সেল থেকে নিঃসৃত হয়?,পেপসিন,গ্যাসট্রিন,মিউসিন,ইন্ট্রিনসিক ফ্যাক্টর,B,পাকস্থলীর প্যারাইটাল কোষ থেকে গ্যাস্ট্রিন নিঃসৃত হয়।
195,AFMC 2021-2022,নিচের কোন প্লাজমা প্রোটিন (Plasma protein) টি লিভারে তৈরী হয় না?,Fibrinogen,Immunoglobulin,Prothrombin.,Albumin,B,যকৃত γ গ্লোবিউলিন ছাড়া সকল প্লাজমা প্রোটিন সংশ্লেষ করে।
196,AFMC 2021-2022,নিচের কোন ভিটামিন মানব দেহে তৈরী হয়?,থায়ামিন,নিয়াসিন,রিবোফ্লোভিন,ফলিক এসিড,D,"মানবদেহে ভিটামিন-বি, ভিটামিন-বি,, ফলিক এসিড, বায়োটিন তৈরী হয়।"
197,AFMC 2021-2022,প্যানক্রিয়াসের আইলেটস অব ল্যাঙ্গার হ্যান্স এর কোন কোষ (Cells) থেকে ইনসুলিন নিঃসৃত হয়?,আলফা কোষ,ডেলটা কোষ,পিপি কোষ,বিটা কোষ,D,আলফা কোষ থেকে গ্লুকাগন এবং বিটা কোষ থেকে ইনসুলিন নিঃসৃত হয়।
198,AFMC 2021-2022,এমআরআই (MRI) এর অর্থ কি?,Molecular Resonance Imaging,Magnetic Radiation Imaging,Modern Radiation Imaging,Magnetic Resonance Imaging,D,MRI - Imaging Magnetic Resonance
199,AFMC 2021-2022,নিচের কোনটি যকৃতের সবচেয়ে বড় খন্ড (Lobe)?,Quadrate lobe,Left lobe,Caudate lobe,Right lobe,D,যকৃতের ডান লোব সবচেয়ে বড়।
200,AFMC 2021-2022,প্রাণিজগতের ক্ষুদ্রতম পর্ব (Phylum) কোনটি?,Arthropoda,Mollusca,Placozoa,Annelidia,C,প্রাণিজগতের ক্ষুদ্রতম পর্ব হলো Placozoa।
201,AFMC 2021-2022,আবরণী কলার নিচের কোনটি নড়াচড়ার কাজে ব্যবহৃত হয়?,ডেসমোসোম,মাকুতন্ত্র,ভিলাই,সিলিয়া,D,আবরণী কলায় সিলিয়া নড়াচড়া করার কাজে ব্যবহৃত হয়
202,AFMC 2021-2022,শ্বসনতন্ত্রের উৎপত্তি কোথা থেকে হয়?,Endoderm,Ectoderm,Mesoderm,Teloderm,A,শ্বসনতন্ত্রের উৎপত্তি এন্ডোডার্ম থেকে হয়।
203,AFMC 2021-2022,সিক্রেটিন নিঃসৃত হয় কোথায় থেকে?,Duodenum,Stomach,Pancreas,Liver,A,সিক্রেটিন নিঃসৃত হয় ডিওডেনামের মিউকোসা থেকে।
204,AFMC 2021-2022,রক্তের pH কত?,5.8,7.4,6.8,8.2,B,রক্তের pH এর মান গড়ে 7.4।
205,AFMC 2016-2017,হাইড্রার চলন নয় কোনটি?,সমারসল্টিং,ডিগবাজী,ড্রপিং,লুপিং,C,"হাইড্রার দুটি স্বতন্ত্র চলন পদ্ধতি আছে—লুপিং বা হামাগুড়ি এবং সমারসল্টিং বা ডিগবাজি। এদের মধ্যে হামাগুড়ি ধীরে চলে, আর সমারসল্টিং দ্রুত চলনের জন্য ব্যবহৃত হয়।"
206,AFMC 2016-2017,কম্বোজ প্রাণি কোনটি?,একাইনোডার্মাটা,কর্ডাটা,মলাস্কা,অ্যানেলিডা,C,মোলাস্কা (অথবা মলাস্কা) হল অমেরুদন্ডী প্রাণীর পর্ব। এই পর্বের অধিকাংশ প্রজাতি সামুদ্রিক এবং সাধারণত অগভীর জলে বসবাস করে। এটি বৃহত্তম সামুদ্রিক অমেরুদন্ডী প্রাণী পর্ব।
207,AFMC 2016-2017,রেচনতন্ত্র শিখা কোষ দিয়ে কোনটি গঠিত?,Toxascaris leonina,Angiostrongylus vasorum,Fasciola hepatica,Echinococcus granulosus,C,"Fasciola hepatica, যা সাধারণ লিভার ফ্লুক বা শিপ লিভার ফ্লুক নামে পরিচিত, এটি একটি পরজীবী ট্রেমাটোড। এটি প্লাটিহেলমিন্থেস পর্বের প্রাণী এবং বিভিন্ন স্তন্যপায়ী প্রাণীর লিভার সংক্রমণ ঘটায়।"
208,AFMC 2016-2017,নিডোব্লাস্টের কাজ নয় কোনটি?,খাদ্যগ্রহণ,চলন,পরিপাক,আত্মরক্ষা,C,নিডোব্লাস্ট কোষের সাহায্যে নিডারিয়া পর্বের প্রাণীরা আত্মরক্ষা করে।
209,AFMC 2016-2017,ঘাস ফড়িং এর শ্রেণি বিন্যাস নয় কোনটি?,Class: Insecta,Order: Orthoptera,Class: Pterygota,Kingdom: Animalia,C,"ঘাস ফড়িং-এর শ্রেণিবিন্যাস:
জগৎ: Animalia
পর্ব: Arthropoda
উপপর্ব: Hexapoda
শ্রেণী: Insecta
বর্গ: Orthoptera
উপবর্গ: Caelifera"
210,AFMC 2016-2017,যকৃতের আবরণ কোনটি?,পুরা,ক্যাপস্যুল,গ্লিসন ক্যাপসুল,কোনোটিই নয়,C,যকৃতের আবরণকে গ্লিসন ক্যাপসুল বলা হয়। এটি একটি পাতলা টিস্যু স্তর যা যকৃতকে আবৃত করে।
211,AFMC 2016-2017,কোনটি ওজন বাড়ায় না?,শর্করা,লরকেস্টিন,সবগুলো,কোনোটিই নয়,B,"শর্করা ওজন বাড়ায়, কিন্তু লরকেস্টিন (Lorcaserin) হল একটি ওজন কমানোর ওষুধ।"
212,AFMC 2016-2017,ফাইব্রিন জালক সৃষ্টি করে কত নং ফ্যাক্টর?,ফ্যাক্টর-১৩,ফ্যাক্টর-০৫,ফ্যাক্টর-০৩,ফ্যাক্টর-১০,A,ফ্যাক্টর-১৩ রক্ত জমাট বাঁধার (clotting) সময় ফাইব্রিন জালক তৈরি করে।
213,AFMC 2016-2017,ম্যক্রোলেসিথাল কার ডিম্বাণু?,মানুষ,রুই মাছ,ঘাসফড়িং,কাতল মাছ,A,Telolecithal Egg: এটি এমন ডিম্বাণু যেখানে ডিমের কুসুম অসমভাবে বিভক্ত থাকে এবং বেশি পরিমাণে একদিকে জমা থাকে। তবে ম্যাক্রোলেসিথাল ডিম্বাণু সাধারণত পাখি ও সরীসৃপদের ক্ষেত্রে দেখা যায়।
214,AFMC 2016-2017,কোন পর্বের প্রাণিদের Plannula লার্ভা দশা রয়েছে?,Nematoda,Cnidaria,Platyhelminthes,Porifera,B,Cnidaria পর্বের প্রাণীদের Plannula নামক সিলিয়াযুক্ত লার্ভা দশা রয়েছে।
215,AFMC 2016-2017,মানবদেহে বৃক্কের মাধ্যমে প্রতি মিনিটে কী পরিমাণ রক্ত প্রবাহিত হয়?,1000 ঘনসেমি,124 ঘনসেমি,125 ঘনসেমি,1200 ঘনসেমি,D,মানবদেহে বৃক্কের মাধ্যমে প্রতি মিনিটে 1200 ঘনসেমি রক্ত প্রবাহিত হয়।
217,AFMC 2016-2017,আইলেটস অব ল্যাঙ্গারহ্যানস এর কোষ নয় কোনটি?,আলফা,বিটা,ডেল্টা,গামা,D,"আইলেটস অব ল্যাঙ্গারহ্যানস-এর প্রধান কোষগুলো হলো—
বিটা কোষ: ইনসুলিন উৎপাদন করে (৫০-৮০%)
আলফা কোষ: গ্লুকাগন উৎপাদন করে (১৫-২০%)
ডেল্টা কোষ: সোমাটোস্ট্যাটিন উৎপাদন করে (৩-১০%)
পিপি কোষ: অগ্ন্যাশয়িক পলিউপেপ্টাইড উৎপাদন করে (১%)
গামা কোষ এদের মধ্যে অন্তর্ভুক্ত নয়।"
218,AFMC 2016-2017,নিচের কোন কোষ এন্টিবডি তৈরি করে?,হেল্পার T কোষ,সাইটোটক্সিক T কোষ,প্লাজমা B কোষ,সহজাত মারণ কোষ,C,Plasma B কোষ অ্যান্টিবডি তৈরি করে এবং শরীরের প্রতিরক্ষা ব্যবস্থায় গুরুত্বপূর্ণ ভূমিকা পালন করে।
219,AFMC 2016-2017,পৌষ্টিক নালির প্রাচীরে বিকশিত লসিকা নালিদের কি বলে?,কাইম,কাইল,ল্যাকটিয়েলস,কাইলোমাইক্রন,C,পৌষ্টিক নালির প্রাচীরে বিকশিত লসিকা নালিদের ল্যাকটিয়েলস বলা হয়।
220,AFMC 2016-2017,শ্বাসনালি কোন ধরনের তরুনাস্থি নির্মিত?,ক্যালসিফাইট,হায়ালিন,শ্বেত তন্তুময়,স্থিতিস্থাপক,B,শ্বাসনালি হায়ালিন তরুনাস্থি দ্বারা নির্মিত।
221,MAT 2019-2020,কোনটি ভাইরাস বৃদ্ধিতে বাঁধা দেয়?,Interferon,Lactorine,Lysozyme,Defensin,A,"ইন্টারফেরন হলো প্রতিরক্ষামূলক প্রোটিন, যা ভাইরাস আক্রান্ত কোষে উৎপন্ন হয়ে ভাইরাসের সংখ্যাবৃদ্ধিতে বাঁধা দেয়। এটি ক্যান্সার আক্রান্ত কোষের বৃদ্ধিতেও বাঁধা দিয়ে থাকে।"
222,MAT 2019-2020,Alveolus থেকে অক্সিজেন রক্তে কিভাবে প্রবেশ করে?,Osmosis,Respiration,Transpiration,Diffusion,D,Diffusion বা ব্যাপন প্রক্রিয়ায় Alveolus এ O₂ ও CO₂ গ্যাসের বিনিময় ঘটে।
223,MAT 2019-2020,কোনটি Exocrine গ্রন্থি নয়?,Thyroid gland,Pancreas,Liver,Salivary gland,A,"Thyroid gland থেকে শুধুমাত্র হরমোন (T3, T4 & Calcitonin) নিঃসৃত হয়। তাই এটি Endocrine gland।"
224,MAT 2019-2020,কোনটি হাড়ের সাথে পেশি সংযুক্ত করে?,Myofibril,Ligament,Synovium,Tendon,D,"Tendon (টেন্ডন): অস্থি ও পেশির মধ্যে সংযোগ স্থাপন করে।
Ligament (লিগামেন্ট): দুটি অস্থিকে সংযুক্ত করে।
Myofibril (মায়োফাইব্রিল): পেশি কোষের অভ্যন্তরে বিদ্যমান অতি সূক্ষ্ম তন্তু।
Synovium (সাইনোভিয়াম): সাইনোভিয়াল অস্থিসন্ধির একটি আবরণী।"
225,MAT 2019-2020,মানবদেহের রক্তে কোন বাফার দ্রবণ (buffer solution) থাকে?,NaHCO₃ and H₂CO₃,NH₄Cl and NH₄OH,CH₃COONa and CH₃COOH,Na₂HPO₄ and H₃PO₄,A,"মানবদেহের রক্তে তিন ধরনের বাফার সিস্টেম থাকে। যথা- বাইকার্বোনেট বাফার, ফসফেট বাফার ও প্রোটিন বাফার। হিমোগ্লোবিন উৎকৃষ্ট বাফাররূপে রক্তের 'বাইকার্বনেট-কার্বনিক এসিড বাফার'-এর সামান্য (2%) নিয়ন্ত্রণ করে। ফসফেট বাফার সিস্টেম হলো আন্তঃকোষীয় বাফার। আর, প্রোটিন বাফার সিস্টেমটি প্লাজমা প্রোটিন ও হিমোগ্লোবিন প্রোটিন সমন্বয়ে গঠিত।"
226,MAT 2019-2020,কোনটি আমিষ পরিপাককারী (digesting) এনজাইম?,Lipase,Pepsin,Lactase,Isomaltase,B,"Lipase -> স্নেহ পরিপাককারী এনজাইম। Isomaltase, Lactase -> শর্করা পরিপাককারী এনজাইম। Pepsin, Trypsin, Chymotrypsin, Aminopeptidase, Carboxypeptidase, Tri/Di-peptidase ->
প্রভৃতি আমিষ পরিপাককারী এনজাইম।"
227,MAT 2019-2020,নেমাটোসিস্টের (Nematocyst) ভিতরে বিষাক্ত তরুণ পদার্থের নাম কী?,Hypnotoxin,Toxin,Hemocyanin,Hemozoin,A,নেমাটোসিস্টের ভেতর হিপনোটক্সিন (Hypnotoxin) নামক বিষাক্ত তরল থাকে যা প্রোটিন ও ফেনল দ্বারা গঠিত।
228,MAT 2019-2020,ঘাসফড়িং এর রক্ত কণিকার নাম কী?,Leukocyte,Erythrocyte,Thrombocyte,Hemocyte,D,"প্রাণী (মানুষ): রক্তকণিকা - Leukocyte, Erythrocyte, Thrombocyte
রুই মাছ: Leukocyte, Erythrocyte
ঘাসফড়িং: Hemocyte"
229,MAT 2019-2020,ক্ষুদ্রান্ত্রের কোন জ্বরে পানপাত্র সেল (Goblet cell) পাওয়া যায়?,Serosa,Muscularis mucosa,Mucosa,Submucosa,C,"ক্ষুদ্রান্ত্রে ৫টি স্তর বিদ্যমান। যথা- সেরোসা, পেশিস্তর, সাবমিউকোসা, মাসকিউলারিস মিউকোসা ও মিউকোসা। সাবমিউকোসা অ্যারিওলার যোজক টিস্যুতে নির্মিত এবং রক্তনালি ও স্নায়ু সমৃদ্ধ। আর, মিউকোসাতে গবলেট কোষ ও শোষণক্ষম"
230,MAT 2019-2020,মাথার খুলিতে কয়টি হাড় রয়েছে?,23,33,29,17,C,NOT GIVEN IN PDF
231,MAT 2019-2020,কোন কোষ ম্যাক্রোফেজে (macrophages) রূপান্তরিত হয়?,Eosinophil,Monocyte,Basophil,Lymphocyte,B,"পরিণত মনোসাইট (Monocyte) কে ম্যাক্রোফেজ (Macrophage) বলা হয়, যা ফ্যাগোসাইটোসিস (phagocytosis) এ সহায়তা করে।"
232,MAT 2019-2020,কোনটি attenuated টিকা?,Diphtheria vaccine,BCG vaccine,Hepatitis B vaccine,Tetanus vaccine,B,"Diphtheria vaccine: টক্সোয়ড (Toxoid)
BCG vaccine: শক্তি হ্রাস (Attenuated)
Hepatitis B vaccine: উপএকক (Sub-unit)
Tetanus vaccine: টক্সোয়ড (Toxoid)"
233,MAT 2019-2020,কোন পদ্ধতিতে Hydra লম্বা দূরত্ব আক্রম করে?,ডিগবাজি (somersaulting),হামাগুড়ি (looping),সাঁতার,গ্লাইডিং (gliding),B,"ডিগবাজি (Somersaulting): এটি Hydra -এর সাধারণ ও দ্রুত চলন প্রক্রিয়া। হামাগুড়ি (Looping): এটি জোঁকা চলন বা গুঁয়াপোকা চলন নামে পরিচিত। এ পদ্ধতিতে হাইড্রা লম্বা দূরত্ব অতিক্রম করে। (মনে রাখোঃ ল তে লুপিং, ল তে লম্বা দূরত্ব!)"
234,MAT 2019-2020,কোষের কোথায় ক্রেবস চক্র (Krebs cycle) সংঘটিত হয়?,Cytoplasm,Ribosome,Mitochondria,Chloroplast,C,"ক্রেবস চক্র শ্বসনের একটি ধাপ যা মাইটোকন্ড্রিয়ার ম্যাট্রিক্সে সংঘটিত হয়। Sir Hans Adolf Krebs এটি আবিষ্কার করেন। গ্লাইকোলাইসিস ছাড়া শ্বসনের সবকটি বিক্রিয়া (ক্রেবস চক্র, ETS/ অক্সিডেটিভফসফোরাইলেশন) মাইটোকন্ড্রিয়ায় ঘটে থাকে।"
235,MAT 2019-2020,কোন এনজাইম অগ্ন্যাশয়ে নাই?,Ptyalin,Maltase,Trypsin,Amylase,A,"Ptyalin এনজাইম লালায় পাওয়া যায়। অপরদিকে অগ্ন্যাশয়ে যে সব enzyme পাওয়া যায় সেগুলো হলো-
প্রোটিন পরিপাককারী এনজাইম:
ট্রিপসিন
কাইমোট্রিপসিন
কার্বোক্সিপেপটাইডেজ
অ্যামিনোপেপটাইডেজ
ট্রাইপেপটাইডেজ
ডাইপেপটাইডেজ
কোলাজিনেজ
শর্করা পরিপাককারী এনজাইম:
অ্যামাইলেজ
মল্টেজ
লিপিড পরিপাককারী এনজাইম:
লাইপেজ
ফসফোলাইপেজ
কোলেস্টেরল এস্টারেজ"
236,MAT 2019-2020,প্রাণিজগতের বৃহত্তম Phylum কোনটি?,Arthropoda,Porifera,Mollusca,Annelida,A,"প্রাণিজগতের বৃহত্তম পর্ব Arthropoda। এ পর্বে 12,57,040 প্রজাতির প্রাণী রয়েছে। আর দ্বিতীয় বৃহত্তম পর্ব হলো মলাস্কা। এ পর্বে 84,977 প্রজাতির প্রাণী রয়েছে।"
237,MAT 2019-2020,লিভারের কোন লোবটি পিত্তথলির সাথে সংযুক্ত থাকে?,Right lobe,Quadrate lobe,Left lobe,Caudate lobe,A,NOT GIVEN IN PDF
238,MAT 2019-2020,গ্রোথ হরমোন কোথায় তৈরি হয়?,Thalamus,Hypothalamus,Adrenal gland,Pituitary gland,D,অগ্র পিটুইটারি গ্রন্থি থেকে বৃদ্ধিপোষক হরমোন (STH) বা Growth hormone তৈরি ও নিঃসৃত হয়। অগ্র পিটুইটারি গ্রন্থি থেকে আর যে সব হরমোন নিঃসৃত হয়- Prolactin।
239,MAT 2019-2020,Golgi complex কোনটি সংশ্লেষ (synthesis) করে না?,Sperm,Ribosome,Lysosome,Enzyme,B,"Golgi complex থেকে যা যা তৈরি বা সংশ্লেষিত (synthesis) হয়:
লাইসোসোম ও ভিটামিন
অ-প্রোটিন জাতীয় পদার্থ
প্রোটিন, হেমিসেলুলোজ, মাইক্রোফাইব্রিল
কোষপ্লেট
শুক্রাণু (Sperm) এর অ্যাক্রোসোম
এনজাইম ও হরমোন/প্রাণরস (ক্ষরণ)"
240,MAT 2019-2020,ভ্রূণে লোহিত কণিকাসমূহ নিম্নের কোথায় তৈরি হয়?,থাইমাস,অগ্ন্যাশয়,প্লীহা,অস্থি মজ্জা,"A,C","ভ্রূণীয় জীবনে লোহিত কণিকাসমূহ কুসুম থলি (৩ সপ্তাহ বয়সে), যকৃত, প্লীহা ও থাইমাস (৬ মাস বয়স পর্যন্ত) থেকে উৎপন্ন হয়। ভূমিষ্ট হওয়ার পর থেকে, পর্ত্তকা, কশেরুকা, স্টার্নাম ও শ্রোণিচক্রের লাল অস্থিমজ্জায় বড় নিউক্লিয়াসযুক্ত এরিথ্রোব্লাস্ট নামক স্টেমকোষ থেকে অবিরাম লোহিত কণিকার উৎপত্তি ঘটে।"
241,MAT 2019-2020,নিচের কোন গ্রন্থিটি ভিন্ন প্রকৃতির?,শুক্রাশয়,অগ্ন্যাশয়,এড্রেনাল,ডিম্বাশয়,C,"শুক্রাশয়, অগ্ন্যাশয় ও ডিম্বাশয় তিনটিই মিশ্র গ্রন্থি, অর্থাৎ এরা সকলেই একাধারে বহিঃক্ষরা ও অন্তঃক্ষরা প্রকৃতির। অপরদিকে এড্রেনাল গ্রন্থি শুধুমাত্র অন্তঃক্ষরা প্রকৃতির।"
242,MAT 2019-2020,কবুতর' কোন শ্রেণির প্রাণী?,Amphibia,Actinopterygii,Reptilia,Aves,D,"Chondrichthyes: স্টিং রে, থুট্রি হাঙ্গর, হাতুড়ী হাঙ্গর
Actinopterygii: ইলিশ মাছ, রুই মাছ, টাকি মাছ প্রভৃতি
Sarcopterygii: সিলাকাস্থ, লাংফিশ
Amphibia: স্যালামান্ডার, সোনাব্যাঙ, গেছোব্যাঙ, উড়কু ব্যাঙ, আসমতি ব্যাঙ প্রভৃতি
Reptilia: ঘড়িয়াল, টিকটিকি, কড়িকাইট্টা, কচ্ছপ, গোখরা সাপ প্রভৃতি
Aves: কাক, কবুতর, দোয়েল, চড়ুই, তিতির, কুকা প্রভৃতি
Mammalia: ডলফিন, ইঁদুর, ক্যাঙ্গারু, বাঘ"
243,MAT 2019-2020,মানবদেহের কোন অঙ্গ ফিব্রিনোজেন তৈরি করে?,ক্ষুদ্রান্ত্র,অগ্ন্যাশয়,যকৃত,ফুসফুস,C,"যকৃত গ্লোবিউলিন ছাড়া প্রায় সকল ধরনের প্লাজমা প্রোটিন সংশ্লেষ করে। যকৃতে যেসব প্লাজমা প্রোটিন সংশ্লেষিত হয় সেগুলো হচ্ছে: অ্যালবুমিন, লিপোপ্রোটিন, ট্রান্সফেরিন, সেরোপ্লাজমিন, গ্লোবিউলিন, α1, ফেটোপ্রোটিন এবং রক্ত তঞ্চন ফ্যাক্টর । (ফিব্রিনোজেন), II (প্রোগ্রন্থিন), V, VII, IX, X, XI, XII."
244,MAT 2019-2020,নিচের কোনটি দ্বিস্তরী?,ফিতা কৃমি,হাইড্রা,জোঁক,ম্যালেরিয়ার জীবাণু,B,"নিডারিয়া পর্বের সকল প্রাণী দ্বিস্তরী। এ পর্বের অন্যান্য গুরুত্বপূর্ণ প্রাণিগুলো হলো- জেলি ফিশ, নীল বুতাম, সমুদ্রের পাখা, ভাসমান সন্ত্রাস, টিউব অ্যানিমন, সমুদ্রের কলম প্রভৃতি।"
245,MAT 2019-2020,সবচেয়ে বেশি খাদ্যসার শোষণ হয় কোথায়?,জেজুনামে,সিকামে,পাকস্থলিতে,ডিওডেনামে,A,"খাদ্যের ৯০% শোষণ ঘটে ক্ষুদ্রান্ত্রে, বাকি ১০% ঘটে বৃহদন্ত্র ও পাকস্থলিতে। ক্ষুদ্রান্ত্রের ডিওডেনামে অধিকাংশ পরিপাক এবং জেজুনাম ও ইলিয়ামে অধিকাংশ খাদ্যসার শোষণ ঘটে।"
246,MAT 2019-2020,সর্বজনীন গ্রহীতা Blood group কোনটি?,O,AB,B,A,B,"AB ব্লাড গ্রুপে কোনো অ্যান্টিবডি না থাকায় এটি সর্বজনীন গ্রহীতা ব্লাড গ্রুপ। অপরদিকে, ০ ব্লাড গ্রুপে কোনো অ্যান্টিজেন না থাকায় এটি সর্বজনীন দাতা ব্লাড গ্রুপ।"
247,MAT 2019-2020,মানবদেহের কোন অঙ্গে সর্বোচ্চ সংখ্যক গবলেট কোষ পাওয়া যায়?,বৃহদন্ত্র,যকৃত,ফুসফুস,ক্ষুদ্রান্ত,A,বৃহদন্ত্রের মিউকোসা স্তরে অবস্থিত গবলেট কোষ মিউকাস ক্ষরণ করে বৃহদন্ত্রের অভ্যন্তর ভাগ পিচ্ছিল রাখে।
248,MAT 2019-2020,হৃৎপিণ্ডে অবস্থিত কোন সংযোগকারী কলা (Junctional tissue) কে পেসমেকার বলা হয়?,অ্যাট্রিও-ভেনট্রিকুলার নোড,বান্ডেল অব হিস,পারকিনজি তত্ত্ব,সাইনো-অ্যাট্রিয়াল নোড,D,"সাইনো-অ্যাট্রিয়াল নোড ডান অ্যাট্রিয়ামের প্রাচীরে, ডান অ্যাট্রিয়াম ও সুপিরিয়র ভেনাক্যাভার ছিদ্রের সংযোগস্থলে অবস্থিত। এখান থেকে সৃষ্ট একটি অ্যাকশন পটেনশিয়াল ইলেকট্রিক্যাল সিগন্যালের মাধ্যমে হার্টবিট শুরু হয়।"
249,MAT 2019-2020,ঘাসফড়িং এর হেপাটিক সিকা কয়টি?,8,14,10,12,D,ঘাসফড়িং এর স্টোমোডিয়াম বা অগ্র-পৌষ্টিকনালি এবং মেসেন্টেরন বা মধ্য-পৌষ্টিকনালির সংযোগস্থলে অবস্থিত কোণ আকৃতির ছয়জোড়া লম্বা স্বচ্ছ নালিকাকে হেপাটিক বা গ্যাস্ট্রিক সিকা বলা হয়।
250,MAT 2019-2020,পাকস্থলির কোন কোষ থেকে হাইড্রোক্লোরিক এসিড নিঃসৃত হয়?,প্যারাইটাল কোষ,জি-কোষ,পেপটিক কোষ,মিউকাস কোষ,A,"পাকস্থলির বিভিন্ন কোষের কাজ:
অক্সিনটিক কোষ বা প্যারাইটাল কোষ: হাইড্রোক্লোরিক এসিড
মিউকাস কোষ: মিউকাস
আর্জেন্টাফাইন কোষ: গ্যাস্ট্রিক ইনট্রিনসিক ফ্যাক্টর
জাইমোজেনিক কোষ বা চীফ কোষ: নিষ্ক্রিয় পেপসিনোজেন"
251,MAT 2019-2020,নিচের কোন অঙ্গ ইরাইস্ট্রোপোয়েটিন (Erythropoietin) উৎপাদন করে?,ফুসফুস,মগজ,বৃক্ক,হৃৎপিণ্ড,C,"বৃক্কের কাজ:
(i) রক্ত থেকে প্রোটিন বিপাকে সৃষ্ট নাইট্রোজেন জাতীয় বর্জ্য পদার্থ অপসারণ করা।
(ii) দেহে প্রবিষ্ট প্রতিবিষ ও ভেষজ পদার্থসমূহ দেহ থেকে অপসারণ করা।
(iii) দেহে এবং রক্তে পানির ভারসাম্য রক্ষা করা।
(iv) দেহে সোডিয়াম, পটাশিয়াম, ক্যালসিয়াম, ফসফেট ক্লোরাইডসহ বিভিন্ন লবণের পরিমাণ নিয়ন্ত্রণ করা।
(v) দেহে রক্তে অম্ল ও ক্ষারের ভারসাম্য রক্ষা করা।
(vi) যথাযথ আয়নিক গঠন বজায় রাখা।
(vii) রক্তচাপ নিয়ন্ত্রণ করা।
(viii) ইরাইথ্রোপোয়েটিন ও রেনিন হরমোন ক্ষরণ।"
252,MAT 2019-2020,শ্বাসতন্ত্রের কোন অংশে গ্যাসীয় বিনিময় হয়?,ট্রাকিয়া,অ্যালভিওলাস,ব্রঙ্কিওল,ব্রহ্মাস,B,"অ্যালভিওলাস ফুসফুসের কার্যকরী একক। একজন পূর্ণবয়স্ক সুস্থ মানুষের দুটি ফুসফুসে প্রায় ৭০০ মিলিয়ন অ্যালভিওলাস থাকে যেগুলো প্রায় ১১,৮০০ বর্গ সেন্টিমিটার শ্বসনতল সৃষ্টি করে।"
253,MAT 2019-2020,প্যারাসিমপ্যাথেটিক স্নায়ু নিচের কোন করোটিক স্নায়ুতে পাওয়া যায়?,ট্রকলিয়ার,অপটিক,অকূলোমোটর,অলফ্যাক্টরি,C,"প্যারাসিমপ্যাথেটিক করোটিক স্নায়ুগুলো হলো- অকুলোমোটর, ফেসিয়াল, গ্লসোফ্যারিঞ্জিয়াল ও ভ্যাগাস।"
254,MAT 2019-2020,হাইড্রার কোন অংশে নিডোসাইট কোষ সবচেয়ে বেশি থাকে?,দেহ প্রাচীর,কর্ষিকা,দেহ কাণ্ড,পাদ-চাকতি,B,"Hydra-র পাদচাকতি ব্যতীত দেহের সর্বত্র নিডোসাইট কোষ বিদ্যমান থাকে। তবে, কর্ষিকাতে এদের সংখ্যা অধিক।"
255,MAT 2019-2020,নিচের কোনটিতে ঐচ্ছিক পেশি পাওয়া যায়?,জরায়ু,পাকস্থলি,জিহ্বা,হৃৎপিণ্ড,C,"ঐচ্ছিক: অস্থির সংযোগস্থল, চোখ, জিহ্বা, গলবিল প্রভৃতি।
অনৈচ্ছিক: পৌষ্টিকনালি, রক্তনালি, শ্বাসনালি, মূত্রথলি, জরায়ু প্রভৃতি।
হৃদপেশি: হৃৎপিণ্ড।"
256,MAT 2019-2020,কোন রক্ত কণিকা অ্যান্টিবডি তৈরি করে?,বেসোফিল,টি-লিম্ফোসাইট,বি-লিম্ফোসাইট,লিম্ফোসাইট,C,"বি-লিম্ফোসাইটের একটি উপধরন হলো প্লাজমা কোষ, যা অ্যান্টিবডি উৎপন্ন করে। মানবদেহে প্রায় ১০০ মিলিয়ন ধরনের অ্যান্টিবডি উৎপন্ন হতে পারে।"
257,MAT 2019-2020,আন্তঃকশেরুকা চাকতিতে কী ধরনের তরুণাস্থি পাওয়া যায়?,স্থিতিস্থাপক তরুণাস্থি,চুনময় তরুণাস্থি,শ্বেত-তত্ত্বময় তরুণাস্থি,স্বচ্ছ তরুণাস্থি,C,"স্থিতিস্থাপক: বহিঃকর্ণ বা পিনা, ইউস্টেশিয়ান নালি, এপিগ্লটিস প্রভৃতি।
চুনময়: হিউমেরাস ও ফিমারের মস্তক।
শ্বেত-তত্ত্বময়: দুটি কশেরুকার মধ্যবর্তী অঞ্চল।
স্বচ্ছ: স্তন্যপায়ীর নাক, শ্বাসনালি, স্বরযন্ত্র এবং ব্যাঙ ও হাঙরের ভ্রূণ বা পরিণত দেহ প্রভৃতি।"
258,MAT 2019-2020,মাইটোসিসে কোষের ভিতয়ে নিউক্লিয়াসের বিভাজনকে কী বলে?,অ্যামাইটোসিস,ক্যারিওকাইনেসিস,সাইটোকাইনেসিস,ডায়াকাইনেসিস,B,"অ্যামাইটোসিস: কোষ বিভাজনের একটি প্রকার যা প্রত্যক্ষ কোষ বিভাজন নামেও পরিচিত।
ক্যারিওকাইনেসিস: নিউক্লিয়াসের বিভাজন।
সাইটোকাইনেসিস: সাইটোপ্লাজমের বিভাজন।
ডায়াকাইনেসিস: মায়োসিস কোষ বিভাজনের প্রোফেজ-১ এর সর্বশেষ ধাপ।"
259,MAT 2019-2020,নিচের কোনটি রক্তনালির সংকোচন ঘটিয়ে রক্তপাত হ্রাস করে?,প্রোম্বোপ্লাস্টিন,হিস্টামিন,সেরোটোনিন,হেপারিন,C,"থ্রোম্বোপ্লাস্টিন: একটি গুরুত্বপূর্ণ ক্লটিং ফ্যাক্টর।
হিস্টামিন: বেসোফিল হতে উৎপন্ন হয় যা দেহের রোগ প্রতিরোধ ক্ষমতা বৃদ্ধি করে।
সেরোটোনিন: অনুচক্রিকা কর্তৃক নিঃসৃত হয়।
হেপারিন: বেসোফিল হতে উৎপন্ন হয় যা রক্তনালির ভিতরে রক্তজমাট রোধ করে।"
260,DAT 2020-2021,নিচের কোন হরমোনটি রক্তে সোডিয়ামের মাত্রা নিয়ন্ত্রণ করে?,গ্লুকাগন,অ্যালডোস্টেরন,এনজিওটেনসিন,রেনিন,B,"রেনিন - নিষ্ক্রিয় অ্যানজিওটেনসিনোজেনকে সক্রিয় অ্যানজিওটেনসিনে পরিণত করে।
অ্যানজিওটেনসিন - অ্যাড্রেনাল কর্টেক্স থেকে অ্যালডোস্টেরন ক্ষরণকে উদ্দীপিত করে।
গ্লুকাগন - রক্তে গ্লুকোজের পরিমাণ বৃদ্ধি করে।"
261,DAT 2020-2021,নিচের কোনটি মিশ্র করোটিক স্নায়ু (Mixed cranial nerve) নয়?,গ্লসোফ্যারিঞ্জিয়াল,ফেসিয়াল,ট্রাইজেমিনাল,হাইপোগ্লোসাল,D,"সংবেদী স্নায়ু - অলফ্যাক্টরি, অপটিক, অডিটরি।
চেষ্টীয় স্নায়ু - অকুলোমোটর, ট্রকলিয়ার, অ্যাবডুসেন্স, স্পাইনাল অ্যাকসেসরি, হাইপোগ্লোসাল।
মিশ্র স্নায়ু - ট্রাইজেমিনাল, ফ্যাসিয়াল, গ্লসোফ্যারিঞ্জিয়াল ও ভেগাস।"
262,DAT 2020-2021,কোন প্রক্রিয়ায় নিউক্লিয়াসের বিভাজন ঘটে?,সাইটোকাইনেসিস,মেটাকাইনেসিস,ইন্টারকাইনেসিস,ক্যারিওকাইনেসিস,D,"সাইটোকাইনেসিস - সাইটোপ্লাজমের বিভাজন
মেটাকাইনেসিস - বিষুবীয় অঞ্চলে ক্রোমোসোমের বিন্যস্ত হওয়া
ক্যারিওকাইনেসিস - নিউক্লিয়াসের বিভাজন ইন্টারকাইনেসিস - মায়োসিস-১ ও মায়োসিস-২ এর মধ্যবর্তী পর্যায়।"
263,DAT 2020-2021,নিচের কোনটি খাদ্য গিলে ফেলার সময় স্বরযন্ত্র (Larynx) এর ছিদ্র বন্ধ করে?,জিহ্বা,কোমল তালু,আলজিহ্বা,কোয়ানি,C,কোমলতালু খাদ্য গলাধকরণে সহায়তা করে। আর কোয়ানি হচ্ছে পশ্চাৎ নাসারন্ধ্র।
264,DAT 2020-2021,কোন ধমনি রুই মাছের বক্ষ পাখনাকে (pectoral fin) রক্ত সরবরাহ করে?,ইলিয়াক ধমনি,রেনাল ধমনি,কডাল ধমনি,সাবক্ল্যাভিয়ান ধমনি,D,"ইলিয়াক ধমনী - শ্রোণী পাখনায় রক্ত সরবরাহ করে।
রেনাল ধমনী - বৃক্কে রক্তসরবরাহ করে।
কডাল ধমনী - লেজে রক্তসরবরাহ করে।"
265,DAT 2020-2021,ঘাসফড়িং-এর স্পাইরাকল কে ঘিরে রাখে কোনটি?,পেরিট্রিম,অপারকুলাম,টিনিডিয়া,ইন্টিমা,A,"পেরিট্রিম - কাইটিন নির্মিত প্রাচীর যা স্পাইরাকলকে ঘিরে রাখে।
ইন্টিমা - ট্রাকিয়ার অন্তঃস্তরে কিউটিকল নির্মিত কোষ।
টিনিডিয়া - ইন্টিমার পুরু আংটির মতো গঠন।"
266,DAT 2020-2021,মানুষের ক্ষেত্রে নিচের কোনটি এক্টোডার্ম (Ectoderm) থেকে গঠিত হয়?,স্বরযন্ত্র,চক্ষুর লেন্স,শ্বাসনালী,গলবিল,B,"স্বরযন্ত্র, শ্বাসনালী ও গলবিল এন্ডোডার্ম থেকে উদ্ভূত হয়।"
267,DAT 2020-2021,নিচের কোন হরমোনটি ডিম্বাশয়ের কর্পাস লুটিয়াম থেকে নিঃসৃত হয়?,প্রোল্যাকটিন,লুটিনাইজিং হরমোন,টেস্টোস্টেরন,প্রোজোস্টেরন,D,"ডিম্বাশয়ের কর্পাস ল্যুটিয়াম থেকে প্রোজেস্টেরন ও ইস্ট্রোজেন হরমোন ক্ষরিত হয়। লুটিনাইজিং হরমোন ও
প্রোল্যাকটিন পিটুইটারি থেকে এবং টেস্টোস্টেরণ শুক্রাশয়ের ইন্টারস্টিশিয়াল কোষ থেকে নিঃসৃত হয়।"
268,DAT 2020-2021,নিচের কোন গ্রন্থির নালি দ্বিতীয় ঊর্ধ্ব মোলার দাঁতের মুখগহ্বরে উন্মুক্ত হয়?,সাবলিঙ্গুয়াল গ্রন্থি,সাবম্যান্ডিবুলার গ্রন্থি,প্যালাটাইন গ্রন্থি,প্যারোটিড গ্রন্থি,D,"১. প্যারোটিড গ্রন্থির নালী দ্বিতীয় ঊর্ধ্ব মোলার দাঁতের বিপরীতে উন্মুক্ত হয়।
২. সাবম্যান্ডিবুলার গ্রন্থির নালী মুখগহ্বরে ফ্রেনুলামের পাশে সাবলিঙ্গুয়াল প্যাপিলাতে উন্মুক্ত হয়।
৩. সাবলিঙ্গুয়াল গ্রন্থির নালী মুখগহ্বরে সাবলিঙ্গুয়াল ভাজে উন্মুক্ত হয়।"
269,DAT 2020-2021,কোষের কোন অঙ্গাণু অটোফ্যাগিতে জড়িত?,রাইবোসোম,এন্ডোপ্লাজমিক রেটিকুলাম,লাইসোসোম,গলজি বডি,C,"রাইবোসোম প্রোটিন সংশ্লেষণ, এন্ডোপ্লাজমিক রেটিকুলাম লিপিড ও প্রোটিনের বাহক, গলজি বডি লাইসোসোম তৈরি এবং লাইসোসোম অটোফ্যাগিতে জড়িত।"
270,DAT 2020-2021,কোনটি কিডনীর কাজ নয়?,হরমোন নিঃসরণ,নাইট্রোজেনাস পদার্থের নিষ্কাশন,রক্তের অ্যাসিড ভারসাম্য বজায় রাখা,শ্বেত কণিকা (WBC) উৎপাদন,D,শ্বেত কণিকাসহ অন্যান্য রক্তকণিকা উৎপাদন অস্থিমজ্জার কাজ।
271,DAT 2020-2021,মানুষের মুখমণ্ডলে কতগুলো অস্থি আছে?,১০,২৩,১৪,০৮,C,মানুষের মুখমণ্ডলে সর্বমোট ৮ ধরনের ১৪ টি অস্থি থাকে।
272,DAT 2020-2021,রক্ত জমাট বাঁধতে নিচের কোন ধাতব আয়নটি অংশগ্রহণ করে?,Cu++,Fe++,Mg++,Ca++,D,"রক্ত তঞ্চন প্রক্রিয়ায় ১৩টি ক্লটিং ফ্যাক্টর অংশগ্রহণ করে। এর মধ্যে চারটি খুবই গুরুত্বপূর্ণ। যথা:- ১। ফাইব্রিনোজেন, ২। প্রোথ্রম্বিন, ৩। থ্রম্বোপ্লাস্টিন ৪। Ca²+ আয়ন।"
273,DAT 2020-2021,ক্রোমাটোগ্রাফির (Chromatography) কয়টি পর্যায় (Phase) আছে?,02,04,01,03,A,ক্রোমাটোগ্রাফির ২টি পর্যায় আছে। যথা: ১. স্থির দশা ও ২। চলনশীল দশা।
274,DAT 2020-2021,নিচের কোনটি পিত্তরসের উপাদান নয়?,পিত্ত লবণ,কোলেস্টেরল,গ্লুকোজ,পানি,C,"পিত্তরসে পানি, অজৈব লবণ, পিত্ত লবণ (সোডিয়াম গ্লাইকোকোলেট ও টরোকোলেট), পিত্ত রঞ্জক (বিলিরুবিন ও বিলিভার্ডিন), কোলেস্টেরল ও ফ্যাট থাকে।"
275,DAT 2020-2021,নিচের কোনটি পশ্চাৎ মস্তিষ্কের (Hindbrain) অংশ নয়?,পন্স,হাইপোথ্যালামাস,মেডুলা অবলংগাটা,সেরেবেলাম,B,"অগ্রমস্তিষ্কের অংশ হচ্ছে - সেরেব্রাম, থ্যালামাস, হাইপোথ্যালামাস
পশ্চাৎ মস্তিষ্কের অংশ হচ্ছে - পনস, সেরেবেলাম, মেডুলা অবলংগটা"
276,DAT 2020-2021,কোনটি চোখে প্রতিসারক মাধ্যম হিসাবে কাজ করে না?,অ্যাকুয়াস হিউমার,লেন্স,রেটিনা,কর্নিয়া,C,"চোখের প্রতিসারক মাধ্যম হচ্ছে কর্নিয়া, অ্যাকুয়াস হিউমার, লেন্স ও ভিট্রিয়াস হিউমার। রেটিনা হচ্ছে চোখের আলোক সংবেদী অংশ।"
277,DAT 2020-2021,নিচের কোন হরমোনটি পাকস্থলির HCI নিঃসরণ নিয়ন্ত্রণ করে?,গ্যাস্ট্রিন,সোমাটোস্ট্যাটিন,সিক্রেটিন,কোলেসিস্টোকাইনিন,A,"কোলেসিস্টোকাইনিন - পিত্তরস ক্ষরণ নিয়ন্ত্রণ করে।
সোমাটোস্ট্যাটিন - পাকস্থলির রস ও অগ্ন্যাশয়ের ক্ষরণ নিয়ন্ত্রণ করে।
সিক্রেটিন - অগ্ন্যাশয় রস, পেপসিন ও পিত্ত ক্ষরণে উদ্দীপিত করে।"
278,DAT 2020-2021,নিচের কোন স্তন্যপায়ী প্রাণির (Mammals) দুগ্ধে ল্যাকটোজ সবচেয়ে বেশি থাকে?,মানুষ,মহিষ,ছাগল,গরু,A,
279,DAT 2020-2021,নিচের কোনটি বহিঃক্ষরা (Exocrine) গ্রন্থি নয়?,অশ্রু গ্রন্থি,ঘাম গ্রন্থি,থাইরয়েড গ্রন্থি,প্যারোটিড গ্রন্থি,C,"অশ্রুগ্রন্থি, লালাগ্রন্থি, ঘামগ্রন্থি প্রভৃতি বহিঃক্ষরা গ্রন্থি।"
280,DAT 2020-2021,নিচের কোনটি টক্সোয়েড ভ্যাকসিন?,টাইফয়েড,পোলিও,ডিপথেরিয়া,হাম,C,"টক্সোয়েড ভ্যাক্সিন - টিটেনাস (ধনুষ্টংকার), ডিপথেরিয়া
নিষ্ক্রিয় ভ্যাক্সিন - পোলিও, কলেরা, ইনফ্লুয়েঞ্জা
শক্তি হ্রাস ভ্যাক্সিন - হাম, পানিবসন্ত, টাইফয়েড।"
281,DAT 2020-2021,কী ধরনের এপিথেলিয়াম বোম্যান'স ক্যাপসুল গঠন করে?,Stratified,Columnar,Cuboidal,Squamous,D,ফুসফুসের অ্যালভিওলাস ও বৃক্কের ব্যোমান্স ক্যাপসুলে স্কোয়ামাস (আঁইশাকার) এপিথেলিয়াম থাকে।
282,DAT 2019-2020,নিচের কোন কোষটি হাইড্রার এপিডার্মিস (Epidermis) এর অংশ নয়?,ইন্টারস্টিশিয়াল কোষ,ক্ষণপদীয় কোষ,সংবেদী কোষ,স্নায়ু কোষ,B,"হাইড্রার এপিডার্মিসের কোষসমূহ হলো: পেশি-আবরণী কোষ, ইন্টারস্টিশিয়াল কোষ, সংবেদী কোষ, স্নায়ু কোষ, গ্রন্থি কোষ, জনন কোষ, নিডোসাইট।"
283,DAT 2019-2020,কোনটি খাদ্যমণ্ড (Food bolus) কে মানবদেহের নাসাছিদ্রের (Nasal aperture) পথে প্রবেশে বাধা দেয়?,জিহবা,কোমল তালু,আলজিহবা,কঠিন তালু,B,কোমল তালু খাদ্যমণ্ডকে নাসাছিদ্রের পথে প্রবেশে বাধা দেয় এবং এপিগ্লটিস খাদ্যমণ্ডকে শ্বাসনালির ভেতরে প্রবেশে বাধা দেয়।
284,DAT 2019-2020,নিচের কোনটি ঘাসফড়িং এর পশ্চাৎ-পোষ্টিকনালির অংশ?,গলবিল,গিজার্ড,ইলিয়াম,ক্রপ,C,"স্টোমোডিয়াম বা অগ্র- পোষ্টিকনালি - মুখছিদ্র, গলবিল, গ্রাসনালি, ক্রপ ও গিজার্ড বা প্রোভেন্ট্রিকুলাস।
মেসেন্টেরন বা মধ্য- পোষ্টিকনালি - পাকস্থলি।
প্রোক্টোডিয়াম বা পশ্চাৎ-পোষ্টিকনালি - ইলিয়াম, কোলন, রেকটাম বা মলাশয় ও পায়ুছিদ্র।"
285,DAT 2019-2020,নিচের কোনটি অ্যান্টিজেন নয়?,প্রোটিন,পলিস্যাকারাইড,লিপোপ্রোটিন,লিপিড,D,"অ্যান্টিজেনের রাসায়নিক প্রকৃতি সাধারণত প্রোটিন, পলিস্যাকারাইড, লিপোপ্রোটিন, গ্লাইকোপ্রোটিন, নিউক্লিও- প্রোটিন প্রভৃতি ধরনের হয়।"
286,DAT 2019-2020,কোন প্রযুক্তি ইনসুলিন তৈরিতে ব্যবহার করা হয়?,টিস্যু কালচার,এক্সপ্লান্ট কালচার,জীন ক্লোনিং,ডিএনএ রিকম্বিনেন্ট,D,"রিকম্বিনেন্ট ডিএনএ প্রযুক্তি ব্যবহার করে বিভিন্ন ধরনের টিকা, হরমোন, অ্যান্টিবডি ও অ্যান্টিজেন উৎপাদন করা হচ্ছে। যেমন- ইনসুলিন, ইন্টারফেরনস, টিস্যু প্লাজমিনোজেন অ্যাকটিভেটর, ইরিথ্রোপোয়েটিন প্রভৃতি।"
287,DAT 2019-2020,নিচের কোন হরমোনটি থাইরয়েড গ্রন্থি থেকে নিঃসৃত হয় না?,টেট্রা-আয়োডো-থাইরোনিন,থাইরক্সিন,অক্সিটোসিন,ট্রাই-আয়োডা-থাইরোনিন,C,"থাইরয়েড গ্রন্থি থেকে তিনটি হরমোন নিঃসৃত হয়: ট্রাই-আয়োডা-থাইরোনিন, টেট্রা-আয়োডো-থাইরোনিন বা থাইরক্সিন এবং ক্যালসিটোনিন। অক্সিটোসিন হরমোনটি পিট্যুইটারি গ্রন্থি থেকে নিঃসৃত হয়।"
288,DAT 2019-2020,বৃক্কের গাঠনিক ও কার্ষিক একক কোনটি?,নিউরন,অ্যালভিওলাস,ল্যাকুনা,নেফ্রন,D,"নিউরন - স্নায়ুতন্ত্র
অ্যালভিওলাস - ফুসফুস
নেফ্রন - বৃক্ক"
289,DAT 2019-2020,নিচের কোনটি মারসুপিয়াল স্তন্যপায়ী প্রাণী?,ক্যাঙ্গারু,কুকুর,গন্ডার,বানর,A,"মারসুপিয়াল স্তন্যপায়ী প্রাণিরা কেবলমাত্র অস্ট্রেলিয়া অঞ্চলে পাওয়া যায়। এদের মধ্যে ক্যাঙ্গারু, ওয়াল্লাবি, কোয়েলা, ওমব্যাট, অপোপাস প্রভৃতি।"
290,DAT 2019-2020,নিচের কোনটি ভাইরাসকে নিষ্ক্রিয় করতে পারে?,রাইবোজোম,ইন্টারফেরন,হরমোন,ব্যাকটেরিয়া,B,"ইন্টারফেরন হলো প্রতিরক্ষামূলক প্রোটিন যা ভাইরাস সংক্রমিত কোষ থেকে নিঃসৃত হয়ে আক্রমণকারী ভাইরাসের প্রোটিন সংশ্লেষণ বন্ধ করে দিয়ে তাকে নিষ্ক্রিয় করে দেয়। বর্তমানে ইন্টারফেরন প্রয়োগ করে হেপাটাইটিস-বি, হার্পিস সংক্রমণ, প্যাপিলোমা ও জলাতঙ্কের চিকিৎসা করা হচ্ছে।"
291,DAT 2019-2020,নিচের কোন গ্রন্থিটি ক্যালসিয়াম বিপাকে সহায়তা করে?,প্যারাথাইরয়েড,থাইরয়েড,পিটুইটারি,অ্যাড্রেনাল,A,প্যারাথাইরয়েড গ্রন্থি থেকে নিঃসৃত প্যারাথাইরয়েড হরমোন বা প্যারাথরমোন বা প্যারাথাইরিন এর প্রধান কাজ ক্যালসিয়াম ও ফসফরাসের বিপাক নিয়ন্ত্রণ। এটি বৃক্কে ক্যালসিয়ামের পুনঃশোষণ বাড়িয়ে দিয়ে রক্তে ক্যালসিয়ামের মাত্রা বাড়ায় এবং ফসফেটের মাত্রা কমায়। থাইরয়েড গ্রন্থি নিঃসৃত ক্যালসিটোনিন রক্তে ক্যালসিয়ামের মাত্রা কমায়।
292,DAT 2019-2020,মাতৃদুগ্ধে কোন অ্যান্টিবডি (Antibody) পাওয়া যায়?,IgE,IgM,IgA,IgG,C,"IgG - রক্ত, লসিকা, অন্ত্র ও টিস্যু তরল।
IgA - মিউকাস ঝিল্লি যেমন- পরিপাক, জনন ও শ্বসনতন্ত্র, মাতৃদুগ্ধ।
IgM - রক্ত ও লসিকা।
IgE - B-কোষ, মাস্টকোষ ও বেসোফিল।"
293,DAT 2019-2020,নিচের কোন এনজাইমটি অগ্ন্যাশয় রসে বিদ্যমান?,পেপসিন,ম্যালটোজ,ল্যাকটোজ,ট্রিপসিন,D,"অগ্ন্যাশয় রসে বিদ্যমান এনজাইম:
শর্করা - অ্যামাইলেজ ও মল্টেজ।
প্রোটিন - ট্রিপসিন, কাইমোট্রিপসিন, কার্বোক্সিপেপটাইডেজ, অ্যামিনোপেপটাইডেজ, ডাইপেপটাইডেজ, ট্রাইপেপটাইডেজ, কোলাজিনেজ।
লিপিড - লাইপেজ, ফসফোলাইপেজ, কোলেস্টেরল এস্টারেজ।"
294,DAT 2019-2020,নিচের কোনটি রক্ত জমাট বাঁধার মূল উপাদান নয়?,ফিব্রিনোজেন,প্রোথ্রম্বিন,ক্যালসিয়াম আয়ন,অ্যালবুমিন,D,"রক্ত জমাট বাঁধা বা রক্ততঞ্চন প্রক্রিয়ায় অণুচক্রিকা ও রক্তরসে অবস্থিত ১৩ ধরনের ক্লটিং ফ্যাক্টর গুরুত্বপূর্ণ ভূমিকা পালন করে। এর মধ্যে অতি গুরুত্বপূর্ণ ৪টি ফ্যাক্টর হলো- ফিব্রিনোজেন, প্রোথ্রম্বিন, থ্রম্বোপ্লাস্টিন ও ক্যালসিয়াম আয়ন।"
295,DAT 2019-2020,অন্ত্রের কোন স্তরে গবলেট কোষ (Goblet cell) থাকে?,সেরোসা,মাসকিউলারিস মিউকোসা,মিউকোসা,সাবমিউকোসা,C,"অন্ত্রের প্রাচীর সেরোসা, পেশিস্তর, সাবমিউকোসা, মাসকিউলারিস মিউকোসা ও মিউকোসা স্তর নিয়ে গঠিত। পেশিস্তর বহিঃস্থ অনুদৈর্ঘ্য ও অন্তঃস্থ বৃত্তাকার পেশিতে গঠিত। সাবমিউকোসা রক্তনালি ও স্নায়ুসমৃদ্ধ। মিউকোসাতে গবলেট ও শোষণক্ষম কোষ থাকে।"
296,AFMC 2015-2016,কোনটি সিক্রেটিন ক্ষরণ করে?,ভেজুনাম,ইলিয়াম,ডিওডেনাম,অগ্ন্যাশয়,C,সিক্রেটিন (Secretin) অন্ত্রের (ডিওডেনামের) মিউকোসা থেকে ক্ষরিত হয়। এর প্রভাবে অগ্ন্যাশয় থেকে অগ্ন্যাশয় রস নিঃসৃত হয়। এছাড়া এটি পাকস্থলির প্রাচীরকে পেপসিন এনজাইম এবং যকৃতকে পিত্ত (bile) ক্ষরণে উদ্দীপিত করে।
297,AFMC 2015-2016,Arthropoda এর বর্গ নয় কোনটি?,Hexapoda,Collembola,Millipedes,Gastropoda,D,"সন্ধিপদী বা আর্থ্রোপোডা হল এক জাতীয় অমেরুদণ্ডী প্রাণী যাদের একটি বহিঃকঙ্কাল, একটি বিখন্ডিত দেহ, এবং সংযুক্ত সন্ধিল উপাঙ্গ রয়েছে।
এই পর্বের অন্তর্গত প্রাণীগুলির দেহ দ্বিপার্শ্বীয়ভাবে প্রতিসম। Arthropoda পর্বের অন্তর্ভুক্ত প্রাণীদের মধ্যে রয়েছে পতঙ্গ (Hexapoda), মাকড়সা-সদৃশ আরাকনিড, এবং কবচী বা ক্রাস্টাসিয়ান। তবে Gastropoda (গ্যাস্ট্রোপোডা) মোলাস্কা পর্বের অন্তর্গত, তাই এটি Arthropoda এর বর্গ নয়।"
298,AFMC 2015-2016,কোথায় এনজাইম নেই?,পাকস্থলিতে,যকৃতে,পিত্তরসে,রক্তে,C,"পিত্তরসে কোনো উৎসেচক বা এনজাইম থাকে না। পিত্তরস খাদ্যের অম্লভাব প্রশমিত করে এবং ক্ষারীয় পরিবেশ সৃষ্টি করে, যা খাদ্য পরিপাকের জন্য সহায়ক।"
299,AFMC 2015-2016,ক্ষুদ্র লসিক নালিকে কি বলে?,সাব-সুপারভিয়াল,সুপারভিয়াল,ল্যাক্টিয়াল,সবগুলো,C,ক্ষুদ্র লসিক নালিকে ল্যাক্টিয়াল বলা হয়।
300,AFMC 2015-2016,হার্ডেরিয়ান গ্রন্থির অবস্থান কোথায়?,চোখ,জিহ্বা,ত্বক,কান,A,"প্রত্যেক চোখে তিন ধরনের গ্রন্থি থাকে:
অশ্রুগ্রন্থি
হার্ডেরিয়ান গ্রন্থি (জ্যাকব হার্ডার-এর নামানুসারে)
মেবোমিয়ান গ্রন্থি (হেনরিখ মেবোম-এর নামানুসারে)"
301,AFMC 2015-2016,পিটুইটারি গ্রন্থি থেকে কোন হরমোন নিঃসৃত হয়?,টেস্টোস্টেরন,ইস্ট্রোজেন,TSH,থাইরয়েড,C,"পিটুইটারি গ্রন্থির সম্মুখ অংশ থেকে ৬ ধরনের হরমোন নিঃসৃত হয়:
শরীর বর্ধক হরমোন (STH/GH)
থাইরোট্রপিক স্টিমুলেটিং হরমোন (TSH)
অ্যাড্রিনোকোটিকোট্রপিক হরমোন (ACTH)
ফলিকল স্টিমুলেটিং হরমোন (FSH)
লিউটিনাইজিং হরমোন (LH)
প্রোল্যাকটিন বা ল্যাকটোজেনিক হরমোন"
302,AFMC 2015-2016,শুক্রাণুর অ্যাক্রোসোম তৈরি করে কোনটি?,লাইসোসোম,মাইটোকন্ড্রিয়া,গলগি বডি,কোষপ্রাচীর,C,"গলগি বডির কাজ:
এটি এনজাইম ও হরমোন নিঃসরণে সহায়তা করে।
লিপিড সংশ্লেষণ ও প্রোটিন ক্ষরণ করে।
কোষঝিল্লি নবায়ন ও কোষ প্রাচীর গঠনের মাধ্যমে কোষ বিভাজনে সাহায্য করে।
শুক্রাণু গঠনে ও বিপাকীয় কাজে সহায়তা করে।
মাইটোকন্ড্রিয়াকে ATP উৎপাদনে উদ্বুদ্ধ করে।"
303,AFMC 2015-2016,কোনটি অতি বিপন্ন প্রাণী?,কাঁকড়া,শকুন,সাইবেরিয়ান বাঘ,আফ্রিকান সজারু,C,সাইবেরিয়ান বাঘ একটি অতি বিপন্ন প্রজাতি। ইতোমধ্যে বাঘের ৩টি উপ-প্রজাতি বিলুপ্ত হয়ে গিয়েছে।
304,AFMC 2015-2016,ট্রফোব্লাস্ট থেকে ভিলাই বের হতে থাকে—,২য় সপ্তাহের শুরুতে,২য় সপ্তাহের মাঝে,২য় সপ্তাহের শেষে,১ম সপ্তাহের শেষে,C,ভ্রূণের বিকাশের সময় ২য় সপ্তাহের শেষে ট্রফোব্লাস্ট থেকে ভিলাই বের হতে শুরু করে।
305,AFMC 2015-2016,অ্যানিমাল পোলের ক্ষেত্রে কোনটি সঠিক?,ভ্রূণের অংশে বড় বড় কোষ থাকে,প্রাথমিক জীবাণুস্তর তৈরি করেনা,এতে বৃহৎ পরিমাণে কুসুম কোষ রয়েছে,কোষগুলো অনেক দ্রুত বিভাজিত হয়,D,"উন্নয়ন জীববিজ্ঞানে, ভ্রূণ Animal Pole এবং Vegetal Pole নামে দুই ভাগে বিভক্ত হয়।
Animal Pole এ ছোট ছোট কোষ থাকে এবং দ্রুত বিভাজিত হয়।
Vegetal Pole নিচের অংশে থাকে এবং এতে বেশি পরিমাণে কুসুম কোষ থাকে।"
307,AFMC 2015-2016,কোনটি বর্ণ সংবেদী?,আইরিশ,কর্ণিয়া,রডকোষ,পিউপিল,C,"রডকোষ এবং কোন কোষ চোখের রেটিনায় অবস্থিত এবং রঙ ও আলো শনাক্ত করে।
রডকোষ কম আলোতে দেখার জন্য গুরুত্বপূর্ণ।
কোন কোষ বিভিন্ন রঙের আলো শনাক্ত করে।
পিউপিল চোখে আলো প্রবেশ নিয়ন্ত্রণ করে।"
308,AFMC 2015-2016,থিবেসিয়ান কপাটিকা কোথায় অবস্থিত?,করোনারি সাইনাস ও ডান অলিন্দের সংযোগস্থলে,হৃৎপিন্ড গাত্র থেকে আগত রক্তকে বাম অলিন্দে প্রেরণ করে,হৃৎপিন্ড গাত্র থেকে আগত রক্তকে ডান নিলয়ে প্রেরণ করে,করোনারি সাইনাস ও বাম অলিন্দের সংযোগস্থলে,,থিবেসিয়ান কপাটিকা করোনারি সাইনাস ও ডান অলিন্দের সংযোগস্থলে অবস্থিত। এটি হৃৎপিন্ড গাত্র থেকে আগত রক্তকে ডান অলিন্দে প্রেরণ করে।
309,AFMC 2015-2016,জীব-বৈচিত্র্য অঞ্চলকে কী বলা হয়?,হটস্পট,লাইফস্পট,লিভিং এরিয়া,ভাইভারসিটি স্পট,A,হটস্পট (Hotspot) হলো এমন একটি নির্দিষ্ট এলাকা যেখানে জীব-বৈচিত্র্য অত্যন্ত সমৃদ্ধ এবং সংরক্ষণ প্রয়োজন।
310,AFMC 2015-2016,শীতকালে কোন প্রাণীটি ঘুমিয়ে কাটায়?,ব্যাঙ,সাপ,বাদুড়,সবগুলো,,"শীতনিদ্রা হলো কিছু প্রাণীর শীতকালে দীর্ঘ সময় ধরে ঘুমিয়ে থাকা।
ব্যাঙ, সাপ ও বাদুড় শীতকালে শীতনিদ্রায় যায় এবং শরীরে জমে থাকা চর্বি থেকে প্রয়োজনীয় শক্তি গ্রহণ করে।
কিছু প্রাণী (যেমন কাঠবিড়ালি, র‍্যাকুন) শীতকালের জন্য খাবার মজুদ করে এবং গোপনে লুকিয়ে থাকে।"
311,DAT 2018-2019,সিফিলিস রোগের জন্য দায়ী নিচের কোনটি?,Treponema pallidum,Neisseria gonorrhoeae,Treponema vagmalis,Trichomonas vaginalis,A,"যৌনবাহিত রোগের জীবাণু:
সিফিলিস → Treponema pallidum
গনোরিয়া → Neisseria gonorrhoeae
এইডস → HIV"
312,DAT 2018-2019,জিহ্বা থেকে স্বাদের অনুভূতি গ্রহণ করে কোন স্নায়ু?,অকুলোমোটর স্নায়ু,গ্লসোফ্যারিঞ্জিয়াল স্নায়ু,অপটিক স্নায়ু,ট্রাইজেমিনাল স্নায়ু,B,"বিভিন্ন করোটিক স্নায়ুর কাজ:
জিহ্বা থেকে স্বাদের অনুভূতি গ্রহণ করে গ্লসোফ্যারিঞ্জিয়াল স্নায়ু।
অন্যান্য অপশন সম্পর্কিত তথ্য:
অলফ্যাক্টরি স্নায়ু → ঘ্রাণ অনুভূতি মস্তিষ্কে পৌঁছানো।
অপটিক স্নায়ু → দর্শন অনুভূতি মস্তিষ্কে পৌঁছানো।
অকুলোমোটর স্নায়ু → অক্ষিগোলকের সঞ্চালন।
অ্যাক্সেসরি স্নায়ু → মাথা ও কাঁধের সঞ্চালন।"
313,DAT 2018-2019,নিচের কোনটি ক্যান্সার রোগের চিকিৎসায় ব্যবহৃত হয়?,Heparin,Immunoglobulin,Interferone,Histone protein,C,"ইন্টারফেরন একটি ক্ষুদ্র গ্লাইকোপ্রোটিন যা ক্যান্সার কোষের বৃদ্ধি প্রতিহত করে। এটি হেপাটাইটিস-B, হার্পিস সংক্রমণ, এবং বিভিন্ন ধরনের প্যাপিলোমা চিকিৎসায় ব্যবহৃত হয়।"
314,DAT 2018-2019,নিচের কোন বৈশিষ্ট্য পলিজিন দ্বারা নিয়ন্ত্রিত হয় না?,উচ্চতা,আকৃতি,ত্বকের বর্ণ,বুদ্ধিমত্তা,B,"ভিন্ন ভিন্ন লোকাসে অবস্থিত নন-অ্যালিলিক জিনের একটি গ্রুপ সম্মিলিতভাবে কোনো জীবের একটি পরিমাণগত বৈশিষ্ট্য নিয়ন্ত্রণ করলে তাকে পলিজিন বলে।পলিজিন নিয়ন্ত্রিত বৈশিষ্ট্য:
মানুষের উচ্চতা, ত্বকের রং, চোখের রং, গাভির দুধ উৎপাদন , ভুট্টা/গমের দানার রং ,ওজনের ভিন্নতা, হৃদরোগ, কতিপয় ক্যানসার, মানসিক অসুস্থতা ইত্যাদি।"
315,DAT 2018-2019,নিচের কোনটি মিশ্র গ্রন্থির উদাহরণ নয়?,ডিম্বাশয়,এড্রেনাল গ্রন্থি,অগ্ন্যাশয়,অন্ত্রীয় গ্রন্থি,B,"মিশ্র গ্রন্থি: অগ্ন্যাশয়, ডিম্বাশয় ও অন্ত্রীয় গ্রন্থি—কারণ এসব গ্রন্থি হরমোন এবং এনজাইম উভয়ই নিঃসৃত করে।"
316,DAT 2018-2019,নিচের কোনটি সমগোত্রীয় পাখির উদাহরণ নয়?,চড়ুই,চামচঠোঁই কাদাখোচা,হিমালয়ান পার্টিজ,গোল্ডেন প্লোভার,A,"চামচ ঠোঁটি কাদাখোচা, হিমালয়ান পার্টিজ, গোল্ডেন প্লোভার, এবং আর্কটিক টার্ন → পরিযায়ী পাখি।"
317,DAT 2018-2019,কোনটি সেরেব্রামের কাজ নয়?,বৃত্তিবৃত্তি,ইচ্ছাশক্তি,স্মৃতিশক্তি,শ্বাসপ্রশ্বাসের হার,D,"স্বাভাবিক শ্বাসক্রিয়ার হারকে পন্স নিয়ন্ত্রণ করে।সেরেব্রামের কাজ:
সংবেদী অঙ্গ থেকে আসা অনুভূতি গ্রহণ ও বিশ্লেষণ করা।
চিন্তা, বুদ্ধি, ইচ্ছাশক্তি, উদ্ভাবনীশক্তি ইত্যাদি নিয়ন্ত্রণ করা।
বাকশক্তি এবং দেহের সব ঐচ্ছিক পেশির কার্যকলাপ নিয়ন্ত্রণ করা।"
318,DAT 2018-2019,চোখের লেন্স ও রেটিনার মধ্যে অবস্থান করে নিচের কোনটি?,ভিট্রিয়াস হিউমার,হিমোসিল,কর্নিয়া,অ্যাকুয়াস হিউমার,A,"অক্ষিগোলক তিনটি তরল পদার্থপূর্ণ প্রকোষ্ঠে বিভক্ত:
অগ্র প্রকোষ্ঠ → কর্ণিয়া ও আইরিশের মধ্যে (অ্যাকুয়াস হিউমার থাকে)
পশ্চাৎ প্রকোষ্ঠ → আইরিশ ও লেন্সের মধ্যে (অ্যাকুয়াস হিউমার থাকে)
ভিট্রিয়াস প্রকোষ্ঠ → লেন্স ও রেটিনার মধ্যে (ভিট্রিয়াস হিউমার থাকে)"
319,DAT 2018-2019,মধ্যচ্ছদার উপস্থিতি বা Presence of diaphragm কোন পর্বের প্রাণির বৈশিষ্ট্য?,Reptilia,Aves,Amphibia,Mammalia,D,"Mammalia শ্রেণির প্রাণীদের দেহে ডায়াফ্রাম থাকে, যা বক্ষ ও উদর গহ্বর পৃথক করে।"
320,DAT 2018-2019,হাইড্রার এন্ডোডার্মিসের যেকোনো কোষ তৈরি করতে পারে কোনটি?,পুষ্টি কোষ,ইন্টারস্টিশিয়াল কোষ,গ্রন্থি কোষ,সংবেদী কোষ,B,ইন্টারস্টিশিয়াল কোষ হাইড্রার এন্ডোডার্মিসের যেকোনো কোষ তৈরি করতে পারে।
321,DAT 2018-2019,বাংলাদেশে সন্ধানপ্রাপ্ত ঘাসফড়িংয়ের প্রজাতির সংখ্যা কত?,দুই হাজারটি,বিশ হাজারটি,বিশটি,দুই শতটি,C,"পৃথিবীতে প্রায় বিশ হাজার প্রজাতির ঘাসফড়িং শনাক্ত করা হয়েছে, যার মধ্যে বিশ প্রজাতির সন্ধান পাওয়া গেছে বাংলাদেশে।"
322,DAT 2018-2019,রুই মাছের হৃৎপিণ্ডকে কী নামে অভিহিত করা হয়?,দ্বিচক্র হৃৎপিণ্ড,শিরা হৃৎপিণ্ড,বহুচক্র হৃৎপিণ্ড,ধমনি হৃৎপিণ্ড,B,রুই মাছের হৃৎপিণ্ড দুই প্রকোষ্ঠবিশিষ্ট—একটি অ্যাট্রিয়াম ও একটি ভেন্ট্রিকল। রুই মাছ কেবল CO₂ সমৃদ্ধ রক্ত বহন করে বলে রুই মাছের হৃৎপিণ্ডকে ভেনাস হার্ট বা শিরা হৃৎপিণ্ড বলা হয়।
323,DAT 2018-2019,একজন পূর্ণ বয়স্ক মানুষের নিচের চোয়ালে মোলার দাঁতের সংখ্যা কত?,২টি,৪টি,৩টি,৬টি,D,মানুষের দাঁতসংখ্যা: মোলার দাঁতের সংখ্যা মোট ১২টি (প্রতি চোয়ালে ৬টি)।
324,DAT 2018-2019,মানুষের যকৃতের বাহিরের দিকে আবৃতকারী পর্দার নাম কী?,বোম্যান্স ক্যাপসুল,স্পিনিক ক্যাপসুল,রেনাল ক্যাপসুল,গ্লিসনস ক্যাপসুল,D,"যকৃতের বাইরের দিকে গ্লিসনস ক্যাপসুল নামক পর্দা দ্বারা আবৃত থাকে, যা যকৃতের অভ্যন্তরে প্রবেশ করে এবং যকৃতকে হেপাটিক লোবিউল নামক অসংখ্য ক্ষুদ্র অংশে বিভক্ত করে।"
325,DAT 2018-2019,স্থুলতার সাথে নিচের কোন রোগটি সম্পর্ক যুক্ত নয়?,স্ট্রোক,টাইপ-১ ডায়াবেটিস মেলাইটাস,উচ্চ রক্তচাপ,ক্যানসার,B,"স্থূলতা সাধারণত টাইপ-২ ডায়াবেটিস, উচ্চ রক্তচাপ, স্ট্রোক, ক্যানসার ইত্যাদির সাথে সম্পর্কিত। টাইপ-১ ডায়াবেটিস মেলাইটাস সাধারণত একটি স্বতন্ত্র রোগ যা স্থূলতার সাথে সম্পর্কিত নয়।"
326,DAT 2018-2019,মানবদেহে শ্বেত রক্ত কণিকার পরিমাণ 4000/dL এর চেয়ে কমে গেলে সেই অবস্থাকে কী বলে?,Lukopenia,Leukemia,Thrombocytopenia,Polycythemia,A,"চিকিৎসা বিজ্ঞানে কোনো কিছুর সংখ্যা কমে যাওয়াকে Penia বলে। মানবদেহে শ্বেত রক্তকণিকার সংখ্যা 4000/dl এর চেয়ে কমে গেলে তাকে Lukopenia বলে।
অন্যান্য অপশন সম্পর্কিত তথ্য:
Polycythemia: RBC এর সংখ্যা ৬৫ লাখ এর বেশি হলে।
Leukemia: WBC এর সংখ্যা অস্বাভাবিকহারে বেড়ে যাওয়া।
Thrombocytopenia: Platelet সংখ্যা স্বাভাবিকের থেকে কম হলে।"
327,DAT 2018-2019,সাইনুসাইটিস রোগের প্রধান উপসর্গ কোনটি?,কাশি,বমি,জ্বর,মাথা ব্যাথা,A,"ভাইরাস, ব্যাকটেরিয়া, ছত্রাকের সংক্রমণে বা এলার্জিজনিত কারণে সাইনাসের মিউকাস পর্দায় যে প্রদাহের সৃষ্টি হয় তাকেই সাইনুসাইটিস বলে। এ ধরনের সংক্রমণের প্রধান লক্ষণ হলো কাশি। এছাড়া মাথা ব্যথা, নাক দিয়ে পানি ঝরা, গলাব্যথা, হাঁচি ও পেশির ব্যথা ইত্যাদি উপসর্গ দেখা যায়।"
328,DAT 2018-2019,নিচের কোনটি মানুষের অক্ষীয় কঙ্কালতন্ত্রের অংশ?,শ্রোণি অস্থিচক্র,বক্ষ অস্থিচক্র,করোটি,ফিমার,C,"মানুষের কঙ্কালতন্ত্র দুটি ভাগে বিভক্ত-
(i) অক্ষীয় কঙ্কাল (ii) উপাঙ্গীয় কঙ্কাল।
প্রধান ভাগ অন্তর্ভুক্ত অংশ:
করোটি: i. করোটিকা ii. মুখমণ্ডলীয় অস্থি iii. কর্ণাস্থি iv. হাইওয়েড
মেরুদণ্ড
বক্ষপিঞ্জর
অন্যান্য অপশন সম্পর্কিত তথ্য:
■ উপাঙ্গীয় কঙ্কাল: বক্ষ অস্থিচক্র, বাহু, শ্রোণি অস্থিচক্র, পা।"
329,DAT 2018-2019,নিচের কোন অঙ্গে স্থিতিস্থাপক তরুণাস্থি পাওয়া যায়?,বহিঃকর্ণ,অন্তঃকর্ণ,ইউস্টেশিয়ান নালি,উপজিহ্ব,A,"স্থিতিস্থাপক বা পীততন্ত্রময় তরুণাস্থি-
• উপজিহ্বা
• ইউস্টেশিয়ান নালি
• বহিঃকর্ণ/পিনা
অন্যান্য অপশন সম্পর্কিত তথ্য:
তরুণাস্থির উদাহরণ:
স্বচ্ছ বা হায়ালিন তরুণাস্থি: সকল মেরুদণ্ডী প্রাণীর ভ্রূণীয় কঙ্কাল, পূর্ণাঙ্গ মেরুদণ্ডী প্রাণীর অস্থি সন্ধিস্থল, পশুঁকার প্রান্তভাগ, নাসিকা, শ্বাসনালি, কর্ণকুহর।
শ্বেত তম্ভময় তরুণাস্থি: দুটি কশেরুকার মধ্যবর্তী অঞ্চল, অস্থির সাথে টেনডন বা লিগামেন্টের সংযোগস্থল।
চুনময় বা ক্যালসিফাইড তরুণাস্থি: হিউমেরাস ও ফিমারের মস্তক।"
330,DAT 2017-2018,মানুষের জিহ্বার সঞ্চালন নিয়ন্ত্রণ করে কোন করোটিক স্নায়ু?,ফেসিয়াল স্নায়ু,হাইপোগ্লোসাল স্নায়ু,অপটিক স্নায়ু,অকুলোমোটর স্নায়ু,B,হাইপোগ্লোসাল স্নায়ু জিহ্বার বিচলন নিয়ন্ত্রণ করে।
331,DAT 2017-2018,নিচের কোনটি মেনিনজেসের অংশ নয়?,ড্যুরা ম্যাটার,অ্যারাকনয়েড ম্যাটার,পায়া ম্যাটার,হোয়াইট ম্যাটার,D,"মেনিনজেসের অংশ:
ড্যুরা ম্যাটার
অ্যারাকনয়েড ম্যাটার
পায়া ম্যাটার"
332,DAT 2017-2018,চোখের রেটিনার যে অংশ আলোকসংবেদী নয় তাকে বলে-,পীতবিন্দু,অপটিক স্নায়ু,ফোবিয়া সেন্ট্রালিস,অন্ধবিন্দু,D,"অন্ধবিন্দু: যেখানে অপটিক স্নায়ু গঠিত হয়, সেখানে কোনো রডকোষ বা কোণকোষ থাকে না, তাই এটি আলোক সংবেদী নয়।"
333,DAT 2017-2018,নিচের কোন জোড়াটি লোকাল হরমোনের উদাহরণ?,ইনসুলিন ও অ্যাড্রেনালিন,থাইরক্সিন ও সিক্রিটিন,সিক্রিটিন ও এন্টারোগ্যাস্ট্রিন,ইস্ট্রোজেন ও প্রজেস্টেরন,D,"যেসব হরমোন উৎপত্তিস্থলে বা তার কাছাকাছি স্থানে ক্রিয়াশীল হয়, তাদের লোকাল হরমোন বলে।উদাহরণ: গ্যাস্ট্রিন, সিক্রিটিন (খাদ্যনালির প্রাচীরগাত্র থেকে নিঃসৃত)।"
334,DAT 2017-2018,মানুষের যকৃতে অবস্থানকারী ম্যাক্রোফেজের নাম কী?,মনোসাইট,কাফফার কোষ,সাইনাস হিস্টোসাইট,নিউট্রোফিল,B,"ম্যাক্রোফেজের বিভিন্ন নাম:
যকৃত: কাফফার কোষ
ত্বক: ডেনড্রাইটিক কোষ
মস্তিষ্ক: মাইক্রোগ্লিয়া
ফুসফুস: অ্যালভিওলার ম্যাক্রোফেজ
রক্ত: মনোসাইট"
335,DAT 2017-2018,ভাইরাসের আক্রমণে শরীরের ভিতরে স্বতঃস্ফূর্তভাবে নিচের কোনটি তৈরি হয়?,এন্টিবডি,ইন্টারফেরন,নিউট্রোফিল,মনোসাইট,B,"ইন্টারফেরন হলো এক ধরনের ক্ষুদ্র গ্লাইকোপ্রোটিন, যা ক্যান্সার কোষের বৃদ্ধি প্রতিহত করে।
ব্যবহার:
হেপাটাইটিস-B চিকিৎসায়
হার্পিস সংক্রমণ প্রতিরোধে
বিভিন্ন ধরনের প্যাপিলোমা চিকিৎসায়"
336,DAT 2017-2018,মানুষের সংখ্যা কোন রক্তগ্রুপে সবচেয়ে বেশি?,A,AB,B,O,D,"মানুষের বিভিন্ন রক্তগ্রুপের গড় অনুপাত:
ব্লাড গ্রুপ A → 23%
ব্লাড গ্রুপ AB → 8%
ব্লাড গ্রুপ B → 32%
ব্লাড গ্রুপ O → 37% (সবচেয়ে বেশি)"
337,DAT 2017-2018,হাইড্রার দেহের ক্ষুদ্রতম নেমাটোসিস্ট কোনটি?,স্টেরিওলিন গ্লুটিন্যান্ট,স্ট্রেপটোলিন গ্লুটিন্যান্ট,ভলভেন্ট,স্টিনোটিল,A,হাইড্রার দেহের ক্ষুদ্রতম নেমাটোসিস্ট হলো স্টেরিওলিন গ্লুটিন্যান্ট।
338,DAT 2017-2018,প্রাপ্তবয়স্ক মানুষের নিচের চোয়ালে দন্তকুঠুরীর সংখ্যা কত?,32টি,12টি,16টি,৪টি,C,"প্রত্যেক চোয়ালে দাঁতের সংখ্যা ১৬টি, মোট ৩২টি দাঁত।"
339,DAT 2017-2018,মোলার দাঁতের কাজ কোনটি?,খাবার টুকরা করা ও ছেঁড়া,খাবার টুকরা করা ও পেষণ করা,খাবার চর্বন করা ও পেষণ করা,খাবার ছোঁড়া ও চর্বন করা,B,"মোলার দাঁতের কাজ হচ্ছে খাবার টুকরা করা ও পেষণ করা, যা খাবারের পরিপাক প্রক্রিয়ায় সহায়তা করে।"
340,DAT 2017-2018,আমিষ পরিপাককারী এনজাইম কোনটি?,মল্টেজ,সুক্রেজ,ট্রিপসিন,লাইপেজ,C,ট্রিপসিন → প্রোটিন বা আমিষ পরিপাককারী এনজাইম
341,DAT 2017-2018,মানুষের যকৃতে অবস্থানকারী ম্যাক্রোফেজের নাম কী?,মনোসাইট,কুপফার কোষ,সাইনাস হিস্টোসাইট,নিউট্রোফিজ,B,যকৃতের ম্যাক্রোফেজকে কুপফার কোষ বলে। এগুলো লোহিত রক্তকণিকার ভাঙনের মাধ্যমে মুক্ত হিমোগ্লোবিন গ্রহণ করে এবং ফ্যাগোসাইটিক কার্যকলাপ পরিচালনা করে।
342,DAT 2017-2018,নিচের কোন জোড়াটি লোকাল হরমোনের উদাহরণ?,ইনসুলিন ও অ্যাড্রেনালিন,থাইরক্সিন ও সিক্রিটিন,সিক্রেটিন ও এন্টারোগ্যাস্ট্রিন,ইস্ট্রোজেন ও প্রজেস্টেরণ,C,"লোকাল হরমোনের উদাহরণ হলো সিক্রেটিন, এন্টারোগ্যাস্ট্রিন, কোলেসিস্টোকাইনিন প্রভৃতি, যা স্থানীয়ভাবে কাজ করে।"
343,DAT 2017-2018,মানব পিত্তরস সম্বন্ধে নিচের কোন তথ্যটি সঠিক?,একটি অম্লীয় তরল,এনজাইম সমৃদ্ধ,পাকস্থলিতে পরিপাকে সহায়তা করে,যকৃতে তৈরি হয়,D,যকৃত কোষ (হেপাটোসাইট) অনবরত পিত্তরস ক্ষরণ করে এবং পিত্তথলিতে জমা রাখে।
344,DAT 2017-2018,নিচের কোন জোড়াটি লোকাল হরমোনের উদাহরণ?,ইনসুলিন ও অ্যাড্রেনালিন,থাইরক্সিন ও সিক্রিটিন,সিক্রেটিন ও এন্টারোগ্যাস্ট্রিন,ইস্ট্রোজেন ও প্রজেস্টেরণ,C,"লোকাল হরমোনসমূহ হলো: গ্যাস্ট্রিন, সিক্রেটিন, কোলেসিস্টোকাইনিন, এন্টেরোকাইনিন, এন্টেরোগ্যাস্ট্রিন প্রভৃতি।"
345,DAT 2017-2018,"মানব পিত্তরস সম্বন্ধে নিচের কোন তথ্যটি সঠিক, ইহা-",একটি অম্লীয় তরল,এনজাইম সমৃদ্ধ,পাকস্থলিতে পরিপাকে সহায়তা করে,যকৃতে তৈরি হয়,D,যকৃত কোষ (হেপাটোসাইট) অনবরত পিত্তরস ক্ষরণ করে এবং পিত্তথলিতে জমা রাখে। পিত্তরস ক্ষার জাতীয় তরল পদার্থ। এতে কোন এনজাইম থাকে না। পিত্তরসের সোডিয়াম বাইকার্বনেট উপাদানটি পাকস্থলী থেকে আগত HCI কে প্রশমিত করে ক্ষারীয় পরিবেশ সৃষ্টি করে যা ক্ষুদ্রান্ত্রে বিভিন্ন এনজাইমের কার্যকারিতার জন্য অত্যন্ত প্রয়োজন।
346,DAT 2017-2018,স্বাভাবিক ওজনের মানুষের বডি মাস ইনডেক্স (BMI) কত?,25 - 29.9 kg/m²,18.5 - 24.9 kg/m²,30 - 34.9 kg/m²,35 - 39.9 kg/m²,B,"বিশ্ব স্বাস্থ্য সংস্থা (WHO) 2000 সালে BMI-এর যে মান নির্দেশিকা প্রকাশ করে তা হল:
শরীরের ওজন কম: <18.5
স্বাভাবিক ওজন: 18.50 – 24.09
অতিরিক্ত ওজন: 25.00 - 29.99
স্থূলতার ১ম স্তর: 30.00 - 34.99
স্থূলতার ২য় স্তর: 35.00- 39.99
স্থূলতার ৩য় স্তর: 40+"
347,DAT 2017-2018,অদানাদার বা অ্যাগ্রানুলোসাইট কোনটি?,নিউট্রোফিল,মনোসাইট,ইওসিনোফিল,বেসোফিল,B,"অ্যাগ্রানুলোসাইট বা অদানাদার হলো লিম্ফোসাইট, মনোসাইট।"
348,DAT 2017-2018,মানুষের রক্ত জমাট বাঁধার মূল উপাদান নয় কোনটি?,ক্যালসিয়াম আয়ন,লসিকা রস,ফাইব্রিনোজেন,প্রোথ্রম্বিন,B,"রক্ত জমাট বাঁধা বা রক্ততঞ্চন প্রক্রিয়ায় অণুচক্রিকা ও রক্তরসে অবস্থিত ১৩ ধরনের ক্লটিং ফ্যাক্টর গুরুত্বপূর্ণ ভূমিকা পালন করে। এর মধ্যে অতি গুরুত্বপূর্ণ ৪টি ফাক্টর হলো- ফিব্রিনোজেন, প্রোথ্রম্বিন, থ্রম্বোপ্লাস্টিন ও ক্যালসিয়াম আয়ন।"
349,DAT 2017-2018,পেসমেকারের অবস্থান হৃৎপিণ্ডের কোথায়?,বাম অলিন্দ,বাম নিলয়,ডান অলিন্দ,ডান নিলয়,C,"SA নোডকে পেসমেকার বলা হয়। এটি ডান অ্যাট্রিয়ামের প্রাচীর, ডান অ্যাট্রিয়াম ও সুপিরিয়র ভেনাক্যাভার ছিদ্রের সংযোগস্থলে অবস্থিত।"
350,DAT 2017-2018,একজন সুস্থ পূর্ণবয়স্ক মানুষ বিশ্রামরত অবস্থায় মিনিটে কতবার শ্বসনক্রিয়া সম্পাদন করে?,20-25 বার,14-18 বার,7-10 বার,30-40 বার,B,"শ্বসনের হার:
স্বাভাবিক মানুষে: ১৪-১৮ বার/মিনিট
শিশুতে: ৪০ বার/মিনিট"
351,DAT 2017-2018,মানব রেচনতন্ত্রের অংশ নয় কোনটি?,বৃক্ক,মূত্রনালি,অ্যাড্রেনাল গ্রন্থি,রেচননালি,C,"মানুষের রেচনতন্ত্রের অংশ-
একজোড়া বৃক্ক
একজোড়া রেচননালি
একটি মূত্রথলি
একটি মূত্রনালি"
352,DAT 2017-2018,ইন্টারক্যালেটেড ডিস্ক কোন ধরনের পেশির বৈশিষ্ট্য?,ঐচ্ছিক পেশি,হৃদপেশি,মসৃণ পেশি,রৈখিক পেশি,B,"হৃদপেশীর বৈশিষ্ট্য:
হৃদপেশীর অবস্থান হৃদপিণ্ডের প্রাচীরের মায়োকার্ডিয়ামে।
প্রকৃতি: অনৈচ্ছিক।
পেশীতন্ত্র: নলাকার ও শাখান্বিত।
নিউক্লিয়াস: একটি, কেন্দ্রে অবস্থিত।
ইন্টারক্যালেটেড ডিস্ক বিদ্যমান।
আড়াআড়ি দাগ উপস্থিত।
সংকোচন ক্ষমতা পরিমিত ও ছন্দোময়। হৃদস্পন্দন ঘটায়।"
353,DAT 2016-2017,পাকস্থলিতে কোন করোটিক স্নায়ুর কার্যক্রম বিদ্যমান?,অপটিক,অডিটরি,ভেগাস,অকুলোমোটর,C,"ভেগাস স্নায়ু স্বরযন্ত্র, হৃৎপিণ্ড, পাকস্থলি ও ফুসফুসে কার্যক্রম পরিচালনা করে।"
354,DAT 2016-2017,সেরেব্রামের দুটি খণ্ডকে সংযোগকারী স্নায়ু গুচ্ছের নাম-,কর্পাস অ্যালবিকান্স,কর্পাস অ্যাটরেটিকাম,কর্পাস ক্যালোসাম,কর্পাস লুটিয়াম,C,কর্পাস ক্যালোসাম সেরেব্রামের দুটি খণ্ডকে সংযুক্ত করে।
355,DAT 2016-2017,রক্তে Na⁺ ও K⁺ এর সমতা রক্ষা করে কোন হরমোন?,ইনসুলিন,গ্লুকাগন,এড্রেনালিন,অ্যালডোস্টেরন,D,"অ্যালডোস্টেরন বৃক্কের ডিস্টাল প্যাঁচানো নালিকায় কাজ করে, যেখানে এটি সোডিয়াম-পটাশিয়াম পাম্প (Sodium-Potassium Pump) উদ্দীপ্ত করে। ফলে:
সোডিয়াম আয়ন কৈশিক জালিকায় প্রবেশ করে।
পটাশিয়াম আয়ন কৈশিক জালিকা থেকে নালিকায় প্রবেশ করে।"
356,DAT 2016-2017,মানবদেহে সর্ববৃহৎ অঙ্গ কোনটি?,যকৃত,ত্বক,মস্তিষ্ক,প্লীহা,B,"সর্ববৃহৎ অঙ্গ: ত্বক।
সর্ববৃহৎ গ্রন্থি: যকৃত।
সর্ববৃহৎ অস্থি: ফিমার (উরুর হাঁড়)।"
357,DAT 2016-2017,নিষ্ক্রিয় ভ্যাক্সিন কোনটি?,পোলিও ভ্যাক্সিন,টিটেনাস ভ্যাক্সিন,হেপাটাইটিস-B ভ্যাক্সিন,হিউম্যান প্যাপিলোমা ভাইরাস ভ্যাক্সিন,A,"ভ্যাক্সিনের প্রকারভেদ ও উদাহরণ:
নিষ্ক্রিয় ভ্যাক্সিন --> ইনফ্লুয়েঞ্জা, কলেরা, পোলিও, হেপাটাইটিস A, র‍্যাবিস
শক্তি হ্রাসকৃত (লাইভ অ্যাটেনুয়েটেড) ভ্যাক্সিন --> হাম, মাম্পস, চিকেন পক্স, টাইফয়েড
টক্সোয়েড ভ্যাক্সিন --> টিটেনাস, ডিপথেরিয়া
সাবইউনিট ভ্যাক্সিন --> হেপাটাইটিস B, হিউম্যান প্যাপিলোমা ভাইরাস
কনজুগেট ভ্যাক্সিন --> হিমোফাইলাস ইনফ্লুয়েঞ্জা টাইপ B"
358,DAT 2016-2017,AB ব্লাড গ্রুপের দাতা কোন গ্রুপকে রক্ত দিতে পারবে?,O গ্রুপ,B গ্রুপ,AB গ্রুপ,A গ্রুপ,C,"AB ব্লাড গ্রুপের দাতা কোন গ্রুপকে রক্ত দিতে পারবে?
A. O গ্রুপ
B. B গ্রুপ
C. AB গ্রুপ
D. A গ্রুপ"
359,DAT 2016-2017,কত সেলসিয়াস তাপমাত্রার নিচে রুই মাছ বাঁচতে পারে না?,24°C,16°C,14°C,20°C,C,রুই মাছের প্রজননের সময় নদীর পানির তাপমাত্রা ২৪-২৮°C এর মধ্যে থাকে। রুই মাছ ১৪°C তাপমাত্রার নিচে বাঁচতে পারে না।
360,DAT 2016-2017,প্রোটিন পরিপাককারী এনজাইম নয় কোনটি?,ট্রিপসিন,অ্যামাইনোপেপটাইডেজ,কাইমোট্রিপসিন,অ্যামাইলেজ,D,"যেহেতু অ্যামাইলেজ প্রোটিন পরিপাককারী নয়, তাই সঠিক উত্তর অ্যামাইলেজ"
361,DAT 2016-2017,Kupffer's Cell থাকে কোথায়?,প্লীহা,মস্তিষ্ক,যকৃত,অগ্ন্যাশয়,C,Kupffer's Cell বা যকৃতের ম্যাক্রোফেজ যকৃতের মধ্যে থাকে
362,DAT 2016-2017,একটি হৃৎপিণ্ডে প্রতি মিনিটে ৮০ বার হৃদকম্পন হলে হৃদচক্রের স্থায়িত্ব কত?,0.60 সেকেন্ড,0.75 সেকেন্ড,7.50 সেকেন্ড,0.80 সেকেন্ড,B,হৃদচক্রের সময় = ৬০ ÷ কম্পন সংখ্যা = ৬০ ÷ ৮০ = ০.৭৫ সেকেন্ড।
363,DAT 2016-2017,কোনটি হৃদপিণ্ডকে বিভিন্ন প্রকোষ্ঠে বিভক্ত করে?,এপিকার্ডিয়াম,পেরিকার্ডিয়াম,এন্ডোকার্ডিয়াম,মায়োকার্ডিয়াম,C,এন্ডোকার্ডিয়াম হলো হৃদপিণ্ডের অন্তঃস্তর যা হৃদপিণ্ডের প্রকোষ্ঠগুলোকে বিভক্ত করে এবং কপাটিকা ও প্রধান রক্তনালীগুলোকে আবৃত করে রাখে।
364,DAT 2016-2017,করোনারি ধমনি সরু হয়ে যাওয়া নির্ণয়ে ব্যবহৃত হয় কোন পরীক্ষা?,ইকোকার্ডিওগ্রাম,এনজিওগ্রাম,ইটিটি,ইসিজি,B,এনজিওগ্রাম দ্বারা করোনারি ধমনির সরু হয়ে যাওয়া নির্ণয় করা হয়।
365,DAT 2016-2017,বিশ্বব্যাপী রক্তশূন্যতার প্রধানতম কারণ কী?,ভিটামিন সি ঘাটতি জনিত,লৌহ ঘাটতি জনিত,জন্মগত রক্তশূন্যতা,ভিটামিন বি-১২ ঘাটতি জনিত,B,"লৌহ ঘাটতির কারণে লোহিত রক্তকণিকা তৈরি কম হয়, ফলে বিশ্বব্যাপী রক্তশূন্যতার প্রধানতম কারণ হিসেবে এটি চিহ্নিত।"
366,DAT 2016-2017,Adam's Apple কোথায় থাকে?,স্বরযন্ত্র,শ্বাসনালি,ব্রঙ্কাস,ফুসফুস,A,স্বরযন্ত্রের থাইরয়েড তরুণাস্থি গলার সামনে উঁচু হয়ে ওঠে যাকে Adam's apple বলা হয়।
367,DAT 2016-2017,বৃক্কের কাজ নয় কোনটি?,রক্তচাপ নিয়ন্ত্রণ করা,অম্ল ও ক্ষারের সমতা রক্ষা করা,তাপ নিয়ন্ত্রণ করা,রক্তের আয়ন নিয়ন্ত্রণ করা,C,"তাপ নিয়ন্ত্রণ রক্তের কাজ। বৃক্ক রক্তচাপ নিয়ন্ত্রণ, অম্ল-ক্ষার সমতা রক্ষা এবং আয়ন নিয়ন্ত্রণের কাজ করে।"
368,DAT 2016-2017,স্বাভাবিক মূত্রের রং খড়ের রং হওয়ার কারণ কী?,ইউরিয়া,ইউরোক্রোম,অ্যামোনিয়া,বিলিরুবিন,B,মূত্রে ইউরোক্রোম নামক রঞ্জক পদার্থ থাকার কারণে মূত্র খড়ের রঙ ধারণ করে।
369,DAT 2016-2017,মানুষের কপাল কোন অস্থি দিয়ে তৈরি হয়?,অক্সিপিটাল,ফ্রন্টাল,প্যারাইটাল,টেমপোরাল,B,ফ্রন্টাল অস্থি করোটির সামনের দিকে অবস্থিত এবং কপাল গঠন করে।
370,DAT 2016-2017,সিসাময়েড অস্থি কোনটি?,পশুকা,প্যাটেলা,কিউবয়েড,টিবিয়া,B,"প্যাটেলা একটি সিসাময়েড অস্থি, যা টেন্ডন থেকে তৈরি হয়।"
371,DAT 2014-2015,সাদা লেগহর্ণ ও সাদা ওয়াইনডট এর মধ্যে ক্রস ঘটিয়ে ফলাফল পান-,"Bateson & Punnet, 1908","Batesen & Punnett, 1906","M.F.X. Bichart, 1985","Cune not, 1905",A,"সাদা লেগহর্ণ ও সাদা ওয়াইনডট এর মধ্যে ক্রস ঘটিয়ে ফলাফল
পান- Bateson & Punnet, 1908 সালে।"
372,MAT 2018-2019,কোনটি মানুষের পশ্চাৎ মস্তিষ্কের অংশ নয়?,মেডুলা অবলংগাটা,পনস,সেরেবেলাম,থ্যালামাস,D,"পশ্চাৎ মস্তিষ্কের অংশসমূহ: সেরেবেলাম, মেডুলা অবলংগাটা, পনস।
অগ্রমস্তিষ্কের অংশ: সেরেব্রাম, থ্যালামাস, হাইপোথ্যালামাস।
মধ্যমস্তিষ্কের অংশ: টেকটাম, সেরেব্রাল অ্যাকুইডাক্ট, কর্পোরা কোয়াড্রিজেমিনা, সেরেব্রাল পেডাঙ্কল।"
373,MAT 2018-2019,চোখের রেটিনার ভিতর সবচেয়ে আলোক সংবেদী অংশের নাম কী?,অন্ধ বিন্দু,আলোক বিন্দু,পীত বিন্দু,সাদা বিন্দু,C,"চোখের রেটিনার ভিতর অন্ধবিন্দুর কাছাকাছি একটি অংশে প্রচুর কোণ কোষ থাকে, যাকে পীতবিন্দু (ফোবিয়া সেন্ট্রালিস) বলে। এটি সবচেয়ে আলোক সংবেদী অংশ, তাই এখানে সবচেয়ে ভালো প্রতিবিম্ব সৃষ্টি হয়।
অন্ধবিন্দু (Blind Spot): যেখানে অপটিক স্নায়ু গঠিত হয় এবং কোনো রড বা কোণ কোষ থাকে না, তাই এটি আলোক সংবেদী নয়।"
374,MAT 2018-2019,মানবদেহের সবচেয়ে ছোট অনাল গ্রন্থি কোনটি?,থাইরয়েড,শুক্রাশয়,পিটুইটারি,সুপ্রারেনাল,C,"থাইরয়েড গ্রন্থি - প্রজাপতি আকৃতির গ্রন্থি।
শুক্রাশয় - মিশ্র গ্রন্থি।
পিটুইটারি গ্রন্থি - প্রভু গ্রন্থি (মাস্টার গ্ল্যান্ড)।"
375,MAT 2018-2019,নিচের কোন হরমোন রক্তে সোডিয়ামের মাত্রা নিয়ন্ত্রণ করে?,রেনিন,অ্যানজিওটেনসিন,অ্যালডোস্টেরন,থাইরক্সিন,C,"অ্যালডোস্টেরন (মিনারেলোকর্টিকয়েড হরমোন) দেহে পানি ও লবণের মাত্রা বজায় রাখে।
সোডিয়াম ও ক্লোরিন সংরক্ষণ করে এবং পটাশিয়াম আয়ন বর্জন করে।
থাইরক্সিন: বিপাকীয় প্রক্রিয়ার হার নিয়ন্ত্রণ করে।
অ্যানজিওটেনসিন: রক্তচাপ নিয়ন্ত্রণে সাহায্য করে।
রেনিন: অ্যানজিওটেনসিনোজেনকে সক্রিয় করে।"
376,MAT 2018-2019,নিচের কোনটি সহজাত প্রতিরক্ষার উদাহরণ নয়?,প্রজাতিগত প্রতিরক্ষা,গোষ্ঠীগত প্রতিরক্ষা,ব্যক্তিগত প্রতিরক্ষা,সক্রিয় প্রতিরক্ষা,D,"সহজাত প্রতিরক্ষা তিনটি রকমের হয়: প্রজাতিগত, গোষ্ঠীগত ও ব্যক্তিগত প্রতিরক্ষা"
377,MAT 2018-2019,ব্যাঙের শীতনিদ্রা' কোন ধরনের ট্যাক্সিসের উদাহরণ?,ধনাত্মক থার্মোট্যাক্সিস,ধনাত্মক জিওট্যাক্সিস,ঋণাত্মক থার্মোট্যাক্সিস,ধনাত্মক কেমোট্যাক্সিস,A,"ধনাত্মক থার্মোট্যাক্সিস --> গ্রীষ্মকালে ছারপোকার আক্রমণ
ধনাত্মক জিওট্যাক্সিস -->খাদ্যের সন্ধানে ক্যাটারপিলার পিউপার নিচের দিকে গমন ধনাত্মক কেমোট্যাক্সিস -->মৃদু অ্যাসিডের প্রতি Paramecium এর সাড়া
ধনাত্মক অ্যানিমোট্যাক্সিস-->বায়ুপ্রবাহের অনুকূলে প্রাণীর গমন
ধনাত্মক রিওট্যাক্সিস -->জলজ প্রাণীর পানিতে চলন"
378,MAT 2018-2019,মুখবিবরে 'র ্যাডুলা' নামক অংশ থাকে কোন পর্বের প্রাণীতে?,Chordata,Mollusca,Arthropoda,Nematoda,B,Mollusca পর্বের বৈশিষ্ট্য: মুখবিবরে র‍্যাডুলা থাকে।
379,MAT 2018-2019,হাইড্রার বহিঃত্বকে সমগ্র স্থান জুড়ে অবস্থান করে কোনটি?,সংবেদী কোষ,নিডোব্লাস্ট কোষ,স্নায়ু কোষ,পেশি আবরণী কোষ,D,হাইড্রার এপিডার্মিসের সম্পূর্ণ অংশ জুড়ে পেশি আবরণী কোষ অবস্থান করে।
380,MAT 2018-2019,ঘাসফড়িংয়ের পুঞ্জাক্ষির কোন অংশটি আলো গ্রহণ করে?,কর্ণিয়া,র ্যাবডোম,কর্ণিয়াজেন কোষে,ক্রিস্টালাইন কোণ কোষ,B,ঘাসফড়িং এর পুঞ্জাক্ষির র‍্যাবডোম আলো গ্রহণ করে।
381,MAT 2018-2019,রুই মাছের আঁইশ কোন ধরনের?,প্ল্যাকয়েড,সাইনয়েড,টিনয়েড,সাইক্লয়েড,D,"রুই মাছের আঁইশ সাইক্লয়েড ধরনের, যা মসৃণ ও বৃত্তাকার আকৃতির হয়ে থাকে।"
382,MAT 2018-2019,হেপারিন তৈরি ও নিঃসরণ করা কোন কোষের কাজ?,lymphocyte,basophil,monocyte,neutrophil,B,"বেসোফিল কোষ হেপারিন ও হিস্টামিন নিঃসৃত করে, যা রক্ত জমাট বাঁধতে বাধা দেয়।"
383,MAT 2018-2019,হৃৎপিণ্ডের কোন কপাটিকায় তিনটি কাম্প থাকে না?,ডান অ্যাট্রিওভেন্ট্রিকুলার কপাটিকা,বাম অ্যাট্রিওভেন্ট্রিকুলার কপাটিকা,অ্যাওর্টিক কপাটিকা,পালমোনারি কপাটিকা,B,"বাম অ্যাট্রিওভেন্ট্রিকুলার কপাটিকা দুটি ঝিল্লিময় কাম্প/ফ্ল্যাপবিশিষ্ট, এ কারণে একে বাইকাসপিড/মাইট্রাল কপাটিকা বলা হয়।"
384,MAT 2018-2019,কোন জাতীয় ব্যারোরিসেপ্টর রক্তের আয়তন নিয়ন্ত্রণে ভূমিকা রাখে?,উচ্চচাপ ব্যারোরিসেপ্টর,ক্যারোটিড ব্যারোরিসেপ্টর,নিম্নচাপ ব্যারোরিসেপ্টর,অ্যাট্রিয়াল ব্যারোরিসেপ্টর,C,"নিম্নচাপ ব্যারোরিসেপ্টর/আয়তন রিসেপ্টর বড় বড় সিস্টেমিক শিরা, পালমোনারি রক্তবাহিকা এবং ডান অ্যাট্রিয়াম ও ভেন্ট্রিকলের প্রাচীরের ব্যারোরিসেপ্টরগুলোতে থাকে, যা রক্তের আয়তন নিয়ন্ত্রণ করে।"
385,MAT 2018-2019,নিচের কোনটি মানবদেহের শ্বসনতন্ত্রের বায়ু পরিবহন অঞ্চল নয়?,শ্বাসনালি,ব্রঙ্কাস,প্রান্তীয় ব্রঙ্কিওল,অ্যালভিওলার নালি,D,"অ্যালভিওলার নালি শ্বসনতন্ত্রের শ্বসন অঞ্চল, যেখানে অক্সিজেন ও কার্বন ডাইঅক্সাইডের গ্যাস পরিবর্তন ঘটে। বাকি তিনটি বায়ু পরিবহন অঞ্চল।"
386,MAT 2018-2019,সারফেকট্যান্ট কোথায় পাওয়া যায়?,স্বরযন্ত্রে,ব্রঙ্কিয়োলে,অ্যালভিওলাসে,শ্বাসনালিতে,C,"সারফেকট্যান্ট মূলত অ্যালভিওলাসে পাওয়া যায়, যা শ্বাসযন্ত্রের শেষ অংশে রয়েছে এবং এর কাজ শ্বাসনালীর ভিতরের পৃষ্ঠকে সুরক্ষা প্রদান করা।"
387,MAT 2018-2019,রক্তে CO₂ পরিবহনের মাধ্যম নয় কোনটি?,কার্বনিক এসিড,বাইকার্বনেট যৌগ,কার্বন মনো অক্সাইড,কার্বামিনো যৌগ,C,"কার্বন মনো অক্সাইড CO₂ পরিবহনের মাধ্যমে যুক্ত নয়, এটি হিমোগ্লোবিনের সাথে প্রতিস্থাপিত হয়ে রক্তের অক্সিজেন পরিবহন প্রভাবিত করে।"
388,MAT 2018-2019,কোনটি মানুষের মুখমণ্ডলীয় অস্থি নয়?,ন্যাসাল অস্থি,ম্যাক্সিলা অস্থি,এথময়েড অস্থি,ম্যান্ডিবল অস্থি,C,"এথময়েড অস্থি করোটির অংশ, মুখমণ্ডলীয় অস্থির অংশ নয়। বাকি অপশনগুলো মুখমণ্ডলীয় অস্থি।"
389,MAT 2018-2019,করোটিক স্নায়ুর কাজ সম্পর্কিত নিচের কোন তথ্যটি সঠিক নয়?,ট্রকলিয়ার - অক্ষিগোলকের সঞ্চালন,ফ্যাসিয়াল - মুখের অভিব্যক্তি,গ্লসোফ্যারিঞ্জিয়াল - গলবিলের সঞ্চালন,হাইপোগ্লোসাল - স্বাদ গ্রহণ,D,"হাইপোগ্লোসাল স্নায়ু জিহ্বা ও গ্রীবার পেশিতে স্নায়ু প্রদান করে এবং সঞ্চালন নিয়ন্ত্রণ করে, তবে এটি স্বাদ গ্রহণের সাথে সম্পর্কিত নয়।"
390,MAT 2017-2018,চোখের স্কেরার রঙ কী?,কালো,সাদা,হালকা হলুদ,লাল,B,"স্ক্লেরা হলো অক্ষিগোলকের বাইরের সাদা, অস্বচ্ছ ও তন্ত্রময় স্তর।"
391,MAT 2017-2018,মানবদেহের ভারসাম্য নিচের কোনটি রক্ষা করে?,বহিঃকর্ণ,অন্তঃকর্ণ,মধ্যকর্ণ,নাসাগলবিল,B,অন্তঃকর্ণের ইউট্রিকুলাস ও স্যাকুলাস মানবদেহের ভারসাম্য রক্ষা করে।
392,MAT 2017-2018,মানবদেহে ক্যালসিয়াম ও ফসফরাসের বিপাক নিয়ন্ত্রণ করে কোন গ্রন্থি?,থাইমাস,থাইরয়েড,প্যারাথাইরয়েড,এড্রেনাল,C,প্যারাথাইরয়েড গ্রন্থি নিঃসৃত প্যারাথরমোন ক্যালসিয়াম ও ফসফরাসের বিপাক নিয়ন্ত্রণ করে।
393,MAT 2017-2018,মানব দেহে নিষেক প্রক্রিয়া কোথায় সংঘটিত হয়?,জরায়ু,ডিম্বনালি,ডিম্বাশয়,সারভিক্স,B,নিষেক প্রক্রিয়া ডিম্বনালিতে সংঘটিত হয়।
394,MAT 2017-2018,প্রথম টেস্টটিউব বেবির নাম কী?,লুইস ব্রাউন,প্যাট্রিক স্ট্রেপটো,রবার্ট এডওয়ার্ড,হেনরি ওয়ার্টসন,A,"বিশ্বের প্রথম টেস্টটিউব বেবি: লুইস ব্রাউন
 বাংলাদেশের প্রথম ত্রয়ী টেস্টটিউব বেবি: হিরা, মনি, মুক্তা"
395,MAT 2017-2018,নিচের কোনটি মানুষের প্রাথমিক প্রতিরোধ ব্যবস্থা নয়?,লোম,লালা,ইন্টারফেরন,সিরুমেন,C,"প্রথম প্রতিরক্ষা স্তর: ত্বক, লোম, সিলিয়া, অশ্রু, লালা, সিরুমেন, পৌষ্টিকনালির এসিড, রেচন জননতন্ত্রের এসিড।
দ্বিতীয় প্রতিরক্ষা স্তর: ফ্যাগোসাইট, সহজাত মারণকোষ, জ্বর, প্রদাহ, কমপ্লিমেন্ট সিস্টেম, ইন্টারফেরন।"
396,MAT 2017-2018,নিচের কোনটি সেক্স-লিংকড ডিসঅর্ডার নয়?,লাল-সবুজ বর্ণান্ধতা,থ্যালাসেমিয়া,হিমোফিলিয়া,ডুশেনি মাসকুলার ডিস্ট্রফি,B,"সেক্স-লিংকড ডিসঅর্ডারের উদাহরণ:
লাল-সবুজ বর্ণান্ধতা
মাসকুলার ডিস্ট্রফি
ফ্র্যাজাইল X সিনড্রোম
হাইপারট্রাইকোসিস
হিমোফিলিয়া
রাতকানা
ডায়াবেটিস ইনসিপিডাস
টেস্টিকুলার ফেমিনাইজেশন"
397,MAT 2017-2018,মারসুপিয়াল স্তন্যপায়ী প্রাণী কোন মহাদেশে পাওয়া যায়?,এশিয়া,ইউরোপ,অস্ট্রেলিয়া,আফ্রিকা,C,অস্ট্রেলিয়া একমাত্র মহাদেশ যেখানে মারসুপিয়াল স্তন্যপায়ীদের পাওয়া যায়। এর উপস্থিতি বিবর্তনের ভিত্তিতে জীব-ভৌগোলিক প্রমাণ হিসেবে ব্যাখ্যা করা যায়।
398,MAT 2017-2018,নিচের কোনটি দ্বিঅরীয় প্রতিসাম্য প্রাণীর উদাহরণ?,হাইড্রা,জেলিফিশ,টিনোফোরা,সী অ্যানিমন,C,টিনোফোরা দ্বিঅরীয় প্রতিসাম্য।
399,MAT 2017-2018,হাইড্রার খাদ্য নয় কোনটি?,সাইক্লপস,ড্যাফনিয়া,খণ্ডকায়িত প্রাণী,ছোট ঘাস,D,"হাইড্রার প্রধান খাদ্য হলো ক্রাস্টাসীয় সন্ধিপদী প্রাণী, মাছের ডিম, কীটপতঙ্গের লার্ভা, সাইক্লপস, ড্যাফনিয়া, খণ্ডায়িত প্রাণী, এবং ছোট ছোট কৃমি।"
400,MAT 2017-2018,ঘাসফড়িংয়ের রক্ত সংবহনতন্ত্রের অংশ নয় কোনটি?,হিমোসিল,সম্মুখ বাহিকা,পৃষ্ঠীয় বাহিকা,হিমোলিম্ফ,B,"ঘাসফড়িংয়ের রক্ত সংবহনতন্ত্রে হিমোসিল, হিমোলিম্ফ এবং পৃষ্ঠীয় বাহিকা অন্তর্ভুক্ত থাকে, কিন্তু সম্মুখ বাহিকা এর অংশ নয়।"
401,MAT 2017-2018,স্ত্রী রুইমাছ ডিম পাড়ে কখন?,জানুয়ারি-মার্চ মাস,ফেব্রুয়ারি-মে মাস,জুন-আগস্ট মাস,সেপ্টেম্বর-জানুয়ারি মাস,C,স্ত্রী রুইমাছ সাধারণত বর্ষাকাল (জুন-জুলাই) মাসে প্রজননের জন্য তৈরি হয় এবং ডিম পাড়ে।
402,MAT 2017-2018,নিচের কোন হরমোনটি পাকস্থলীর হাইড্রোক্লোরিক অ্যাসিড নিঃসরণ নিয়ন্ত্রণ করে?,এন্টেরোকাইনিন,সিক্রেটিন,সোমাটোস্টাটিন,গ্যাস্ট্রিন,D,"গ্যাস্ট্রিন পাকস্থলির পাইলোরিক প্রান্তের জি-কোষ থেকে ক্ষরিত হয়।
গ্যাস্ট্রিক গ্রন্থি থেকে গ্যাস্ট্রিক জুস ও HCl ক্ষরণ নিয়ন্ত্রণ করে।"
403,MAT 2017-2018,নিচের কোনটি তৈরির প্রক্রিয়াকে এরিথ্রোপোয়েসিস বলে?,লোহিত রক্তকণিকা,অণুচক্রিকা,প্লাজমা,শ্বেত রক্তকণিকা,A,"বৃক্কের গ্লোমেরুলাস থেকে উৎপন্ন এরিথ্রোপোয়েটিন নামক হরমোন লোহিত রক্তকণিকা তৈরি নিয়ন্ত্রণ করে; যাকে এরিথ্রোপোয়েসিস বলে।
অন্যান্য অপশন সম্পর্কিত তথ্য:
Hematopoiesis → রক্তকণিকা সৃষ্টির প্রক্রিয়া।
Hemostasis → রক্তপাত মন্থর ও বন্ধের প্রক্রিয়া।"
404,MAT 2017-2018,হৃদ-ফুসফুস যন্ত্র (Heart-Lung Machine) কোন কাজে ব্যবহৃত হয়?,অ্যানজিওপ্লাস্টিতে,হৃৎপিণ্ডের বাইপাস সার্জারিতে,রক্তচাপ নিয়ন্ত্রণ করতে,পেসমেকার বসাতে,B,"করোনারি বাইপাস সার্জারি: দেহের অন্য অংশ থেকে সুস্থ রক্তবাহিকা কেটে এনে ধমনির পাশে স্থাপন করে রক্ত সরবরাহের বিকল্প পথ সৃস্টি করার প্রক্রিয়াকে করোনারি বাইপাস সার্জারি বলে।
অন্যান্য অপশন সম্পর্কিত তথ্য:
অ্যানজিওপ্লাস্টি: করোনারি ধমনি উন্মুক্ত করার পদ্ধতিকে অ্যানজিওপ্লাস্টি বলে।
পেসমেকার: মানবদেহের হৃদযন্ত্রে Sino-Atrial node কে পেসমেকার বলে।"
405,MAT 2017-2018,হেনলির লুপের অবস্থান বৃক্কের কোথায়?,বৃক্কীয় নালিকায়,রেনাল করপাসলে,এফারেন্ট ধমনিকাতে,ইফারেন্ট ধমনিকাতে,A,"বৃক্কের কার্যকরী একক নেফ্রন। নেফ্রণের ২টি প্রধান অংশ:
i. রেনাল করপাসল (২টি অংশ):
রেনাল ক্যাপসুল
গ্লোমেরুলাস
ii. রেনাল টিউব্যুল (৪টি অংশ):
প্রক্সিমাল প্যাঁচানো নালিকা
লুপ অব হেনলি
ডিস্টাল প্যাঁচানো নালিকা
সংগ্রাহী নালী"
406,MAT 2017-2018,মানবদেহের করোটিকাতে কতগুলো অস্থি আছে?,12টি,17টি,৪টি,10টি,A,"মানবদেহের করোটিকাতে ৮টি অস্থি থাকে। অস্থিগুলো হলো:
ফ্রন্টাল-১
প্যারাইটাল-২
অক্সিপিটাল-১
টেমপোরাল-২
স্ফেনয়েড-১
এথময়েড-১"
407,MAT 2017-2018,পূর্ণ সংবেদী স্নায়ু নয় কোনটি?,অলফ্যাক্টরি স্নায়ু,ফেসিয়াল স্নায়ু,অডিটরি স্নায়ু,অপটিক স্নায়ু,B,"Sensory/সংবেদী স্নায়ু → 1, 2, 8
অন্যান্য অপশন সম্পর্কিত তথ্য:
Motor/চেষ্টীয় স্নায়ু → 3, 4, 6, 11, 12
Mixed/মিশ্র স্নায়ু → বাকি সব স্নায়ু"
408,MAT 2016-2017,প্রাপ্তবয়স্ক মানুষের মস্তিষ্কে নিউরনের সংখ্যা কত?,১০ মিলিয়ন,১০ কোটি,১০ বিলিয়ন,১০ লক্ষ,C,"মানব মস্তিষ্কের বৈশিষ্ট্য:
ওজন: প্রায় ১.৩৬ কেজি
আয়তন: প্রায় ১৫০০ ঘন সেন্টিমিটার
নিউরন সংখ্যা: প্রায় ১০০ বিলিয়ন (১ লক্ষ কোটি)"
409,MAT 2016-2017,নিচের কোনটি মিশ্র গ্রন্থি নয়?,অগ্ন্যাশয়,শুক্রাশয়,ডিম্বাশয়,এড্রেনাল গ্রন্থি,D,"মিশ্র গ্রন্থি ৪টি:
অগ্ন্যাশয়, শুক্রাশয়, ডিম্বাশয়, যকৃত"
410,MAT 2016-2017,বুকের দুধে কোন ধরনের ইমিউনোগ্লোবিন (Ig) থাকে?,IgE,IgM,IgG,IgA,A,"বিভিন্ন ধরনের ইমিউনোগ্লোবিনের নাম ও অবস্থান:
IgG → রক্ত, লসিকা, লালারসমবস্থান
IgM → রক্ত ও লসিকা
IgA → অশ্রু, লালা, পরিপাক রস, শ্বসন তরল, রক্ত
IgE → লসিকা, মায়ের দুধ প্রভৃতি দেহতরল
IgD → রক্ত, লসিকা ও লিম্ফোসাইট (B কোষের উপরিতল)"
411,MAT 2016-2017,"কনে হিমোফিলিয়া বাহক, বর সুস্থ, এদের সন্তানদের ক্ষেত্রে কোনটি মিথ্যা?",পুত্রদের অর্ধেক সুস্থ হবে,পুত্রদের সবাই সুস্থ হবে,পুত্রদের অর্ধেক হিমোফিলিয়ায় আক্রান্ত হবে,কন্যাদের অর্ধেক বাহক হবে,B,"স্বাভাবিক পুরুষ (XᴴY) × বাহক মহিলা (XᴴXʰ) হলে:
সন্তানের সম্ভাব্য জিনোটাইপ → ধরন
XᴴXᴴ →স্বাভাবিক কন্যা
XᴴXʰ →বাহক কন্যা
XᴴY →স্বাভাবিক পুত্র
XʰY → হিমোফিলিক পুত্র"
412,MAT 2016-2017,ফিলোসফিকা জুওলজিক' গ্রন্থের রচয়িতা কে?,ডারউইন,ল্যামার্ক,দ্য ভিস,ভাইজম্যান,B,"ল্যামার্ক ছিলেন একজন ফরাসি দার্শনিক ও প্রকৃতিবিজ্ঞানী।
তার লেখা ‘ফিলোসফিকা জুওলজিক’ (১৮০৯) গ্রন্থে ল্যামার্কিজম মতবাদ প্রকাশিত হয়।"
413,MAT 2016-2017,জুরাসিক সময়কাল বলা হয় কত আগের সময়কে?,১৫ কোটি বছর,সাড়ে ১৬ কোটি বছর,সাড়ে ১৩ কোটি বছর,২৫ কোটি বছর,B,"জুরাসিক সময়কাল:
সাড়ে ১৬ কোটি বছর পূর্বে মেসোজয়িক মহাকালের অন্তর্ভুক্ত
এই সময়ে বিভিন্ন ডাইনোসর ছিল
এ সময়কে ‘সরিসৃপের যুগ’ বলা হয়"
414,MAT 2016-2017,দ্রুত চলাচলের জন্য Hydra কোন চলন পদ্ধতি ব্যবহার করে?,Somersaulting,Looping,Crawling,Gliding,A,"হাইড্রা সমারসল্টিং (ডিগবাজি) পদ্ধতি ব্যবহার করে দ্রুত চলতে পারে, যেখানে দুটি লুপ গঠিত হয় এবং একটি ডিগবাজিতে দেহের দৈর্ঘ্যের প্রায় দ্বিগুণ দূরত্ব অতিক্রম করে।"
415,MAT 2016-2017,কোনটি ঘাসফড়িং এর মস্তকের বহিঃকঙ্কালের অংশ নয়?,জেনা,এপিক্রেনিয়াম,ওসেলি,ভার্টেক্স,C,"ঘাসফড়িংয়ের মস্তকের বহিঃকঙ্কালের অংশ হলো হেড ক্যাপসুল বা এপিক্রেনিয়াম, ভার্টেক্স, জেনা এবং ক্লাইপিয়াস। তবে ওসেলি (সরলাক্ষি) বহিঃকঙ্কালের অংশ নয়।"
416,MAT 2016-2017,রুই মাছের আঁইশের বৃদ্ধি কোন সময়ে বেশি হয়?,বর্ষাকালে,শরৎকালে,শীতকালে,বসন্তকালে,D,রুই মাছের আঁইশের বৃদ্ধি সাধারণত বসন্তকালে ও গ্রীষ্মকালে বেশি হয়।
417,MAT 2016-2017,মানুষের যকৃতের সবচেয়ে বড় খণ্ডাংশটি হলো-,বামখণ্ড,ডানখণ্ড,কডেট খণ্ড,কোয়াড্রেট খণ্ড,B,"যকৃতের ৪টি খণ্ড রয়েছে: ডানখণ্ড, বামখণ্ড, কোয়াড্রেট খণ্ড এবং কডেট খণ্ড। এর মধ্যে ডানখণ্ড সবচেয়ে বড় এবং এটি যকৃতের প্রধান খণ্ড।"
418,MAT 2016-2017,কোনটি ক্ষুদ্রান্ত্রের অংশ নয়?,ডিওডেনাম,ইলিয়াম,এপেনডিক্স,জেজুনাম,C,"ক্ষুদ্রান্ত্রের তিনটি অংশ হলো: ১) ডিওডেনাম, ২) জেজুনাম, ৩) ইলিয়াম। আর এপেনডিক্স বৃহদান্ত্রের একটি অংশ নয়, এটি সিকামের সাথে সংযুক্ত থাকে এবং একটি নিষ্ক্রিয় অঙ্গ হিসেবে পরিচিত।"
419,MAT 2016-2017,নিচের কোন BMI (Body Mass Index) অতিরিক্ত ওজন নির্দেশ করে?,18.5-24.9 Kg/m²,25.0-29.9 Kg/m²,30.0-34.9 Kg/m²,35.0 - 39.9 Kg/m²,B,"বিশ্ব স্বাস্থ্য সংস্থা (WHO) অনুযায়ী, BMI 25.0-29.9 Kg/m² অতিরিক্ত ওজন (Overweight) নির্দেশ করে।"
420,MAT 2016-2017,একজন ৬ বছরের বালিকার দাঁতের সংকেত (ICPM) কোনটি?,I2C1P2M3,I2C1P0M2,I2C2P1M0,I2C0P1M2,উত্তর: D I2C0P1M2 (D or B?),"দুধ দাঁতের সংকেত I2C1P0M3 ৫×২ = I2C1P0M2 (২০ দাঁত) দাঁত গজায়, এবং ২ থেকে ৬ বছরের মধ্যে এই দাঁত গজানোর প্রক্রিয়া ঘটে।"
421,MAT 2016-2017,কোনটি ক্ষুদ্রান্ত্রের অংশ নয়?,ডিওডেনাম,ইলিয়াম,এপেনডিক্স,জেজুনাম,C,ক্ষুদ্রান্ত্রের তিনটি অংশ। যথা- ১) ডিওডেনাম ২) জেজুনাম ৩) ইলিয়াম। আর বৃহদান্ত্রের ৩টি অংশ হলো- ১) সিকাম ২) কোলন ৩) মলাশয়। সিকামের সাথে এপেনডিক্স সংযুক্ত থাকে। এপেনডিক্স একটি নিষ্ক্রিয় অঙ্গ যা উদরীয় টনসিল নামেও পরিচিত।
422,MAT 2016-2017,নিচের কোন BMI (Body Mass Index) অতিরিক্ত ওজন নির্দেশ করে?,18.5 – 24.9 Kg/m²,25.0 – 29.9 Kg/m²,30.0 - 34.9 Kg/m²,35.0 - 39.9 Kg/m²,B,"বিশ্ব স্বাস্থ্য সংস্থা (WHO) 2000 সালে BMI-এর যে মান নির্দেশিকা প্রকাশ করে তা হল:
শরীরের ওজন কম <18.5
স্বাভাবিক ওজন 18.50 - 24.09
অতিরিক্ত ওজন 25.00 - 29.99
স্থুলতা 30.00 - 34.99
স্থুলতার ১ম স্তর 35.00 - 39.99
স্থুলতার ২য় স্তর 40+"
423,MAT 2016-2017,নিউক্লিয়াসবিহীন কোষ হলো-,লোহিত রক্তকণিকা,শ্বেত রক্তকণিকা,স্নায়ুকোষ,হৃদকোষ,A,"মানুষের লোহিত কণিকায় নিউক্লিয়াস থাকে না। তবে যখন অস্থিমজ্জায় লোহিত কণিকা উৎপন্ন হয় তখন এই কোষে নিউক্লিয়াস থাকে।
অন্যান্য অপশন সম্পর্কিত তথ্য:
অণুচক্রিকা নিউক্লিয়াসবিহীন।
নিউট্রোফিলের নিউক্লিয়াস ২-৫ খণ্ডবিশিষ্ট
ইউসিনোফিলের নিউক্লিয়াস ২ খণ্ডবিশিষ্ট
বেসোফিলের নিউক্লিয়াস ২ খণ্ডবিশিষ্ট"
424,MAT 2016-2017,মানুষের স্বাভাবিক রক্ত ক্ষরণকাল-,৫-৭ মিনিট,১২-১৪ মিনিট,১-৪ মিনিট,৪০-৫৫ মিনিট,C,"মানুষের স্বাভাবিক রক্তক্ষরণকাল ১-৪ মিনিট।
অন্যান্য অপশন সম্পর্কিত তথ্য:
রক্ত তঞ্চনকাল ৩-৮ মিনিট।"
425,MAT 2016-2017,একই সাথে শরীরে রক্তে অক্সিজেনের ঘনত্ব ও হৃৎস্পন্দনের পরিমাপক যন্ত্রের নাম কি?,থার্মোমিটার,স্ফিগমোম্যানোমিটার,পাল্সঅক্সিমিটার,ব্যারোমিটার,C,"পাল্সঅক্সিমিটার এর মাধ্যমে অক্সিজেনের ঘনত্ব নির্ণয় করা হয়।
অন্যান্য অপশন সম্পর্কিত তথ্য:
থার্মোমিটার → তাপমাত্রা পরিমাপক যন্ত্র
স্ফিগমোম্যানোমিটার → রক্তচাপ পরিমাপক যন্ত্র
ব্যারোমিটার → বায়ুমণ্ডলীয় চাপ পরিমাপ যন্ত্র"
426,MAT 2016-2017,হৃদযন্ত্রের রোগ নির্ণয়ে প্রাথমিক পরীক্ষা কোনটি?,এনজিওগ্রাম,লিপিড প্রোফাইল,ইসিজি,ইটিটি,C,ইসিজি হৃৎপিণ্ডের প্রাথমিকভাবে রোগ নির্ণয়ে সহায়ক।
427,MAT 2016-2017,কৃত্রিম পেসমেকার যন্ত্রে কোন ব্যাটারি ব্যবহার করা হয়?,Ni-Cd ব্যাটারি,শুস্ক (Dry-cell),Li আয়ন ব্যাটারি,Li ব্যাটারি,D,"একটি লিথিয়াম ব্যাটারি, কম্পিউটারাইজড জেনারেটর ও শীর্ষে সেন্সরযুক্ত কতগুলো তার নিয়ে একটি পেসমেকার গঠিত। পেসমেকারের ব্যাটারির মেয়াদ থাকে ৭-১০ বছরের মতো।"
428,MAT 2016-2017,শ্বসন কেন্দ্র অবস্থিত কোথায়?,পনস,মধ্যমস্তিষ্ক,সেরিবেলাম,স্নায়ুরজ্জু,A,মস্তিস্কে অবস্থিত চারটি কেন্দ্র থেকে শ্বাসক্রিয়া নিয়ন্ত্রিত হয়। পনসের পাশে অবস্থিত স্নায়ুকেন্দ্র নিউমোট্যাক্সিক ও অ্যানিউস্টিক। মেডুলার পাশে অবস্থিত→ প্রশ্বাসকেন্দ্র ও শ্বাসকেন্দ্র।
429,MAT 2016-2017,কোনটি প্যারানাসাল সাইনাস নয়?,ফ্রন্টাল সাইনাস,ম্যাক্সিলারি সাইনাস,স্কেনয়ডাল সাইনাস,অক্সিপিটাল সাইনাস,D,"মাথার খুলিতে মুখমণ্ডলীয় অংশে নাসাগহ্বরের দুপাশে অবস্থিত বায়ুপূর্ণ চারজোড়া বিশেষ গহ্বরকে সাইনাস বা প্যারানাসাল সাইনাস বলে।
 প্যারানাসাল সাইনাস:
ম্যাক্সিলারি
এথময়ডাল
ফ্রন্টাল
স্ফেনয়ডাল
 অক্সিপিটাল প্যারানাসাল সাইনাস নয়। এটি করোটিকার পেছন দিকের অস্থি যা দেখতে খোলসের মতো।"
430,MAT 2016-2017,মানুষের কব্জিতে হাড়ের সংখ্যা কত?,৫টি,৮টি,৭টি,১০টি,B,"মানুষের হাতের কব্জিতে ৮টি অস্থি থাকে। এগুলোকে কার্পাল অস্থি বলে। অস্থিগুলো হলো:
স্ক্যাফয়েড
লুনেট
ট্রাইকুয়েট্রাল
পিসিফর্ম
ট্র্যাপেজয়েড
ক্যাপিটেট
হ্যামেট
ট্রাপেজিয়াম"
431,MAT 2015-2016,নিচের কোনটি মিনারেলোকোর্টিকয়েড হরমোনের কাজ নয়?,বৃক্কের NaCl ও পানি শোষণক্ষমতা বৃদ্ধি করা,রক্তের প্লাজমার পরিমাণ বৃদ্ধি করা,হৃৎক্রিয়া বৃদ্ধি করা,K⁺ রেচন হার বৃদ্ধি করা,C,"মিনারেলোকোর্টিকয়েড (যেমন: অ্যালডোস্টেরন)
NaCl ও পানি শোষণক্ষমতা বৃদ্ধি করে।
রক্তের প্লাজমার পরিমাণ বৃদ্ধি করে।
K⁺ রেচন হার বৃদ্ধি করে।
কিন্তু হৃৎক্রিয়া বৃদ্ধি করে না (এটি এপিনেফ্রিনের কাজ)।"
432,MAT 2015-2016,কোনটি মিশ্র গ্রন্থি?,প্যারোটিড,অগ্ন্যাশয়,সোয়েট,অশ্রু,B,"মিশ্র গ্রন্থি ৪টি:
অগ্ন্যাশয়, শুক্রাশয়, ডিম্বাশয়, যকৃত"
433,MAT 2015-2016,সিমেন তৈরির জন্য পিচ্ছিল পদার্থ ক্ষরণ করে কোন অঙ্গ?,সেমিনাল ভেসিকল,মূত্রাশয়,ভাস ডিফারেন্স,এপিডিডাইমিস,A,"সেমিনাল ভেসিকল হলো এক জোড়া ক্ষুদ্র থলি, যা মূত্রথলির নিম্নপ্রান্ত ও মলাশয়ের মধ্যবর্তী স্থানে অবস্থিত। এটি শুক্রাণুকে ধারণ করার জন্য পিচ্ছিল সিমেন তৈরি করে।"
434,MAT 2015-2016,ব্যাকটেরিয়া ধ্বংসে অ্যান্টিবডিকে সহায়তা করে কোনটি?,কমপ্লিমেন্ট সিস্টেম,ভ্যাক্সিন,ইন্টারফেরন,অণুচক্রিকা,A,"কমপ্লিমেন্ট সিস্টেম প্রায় ২০ ধরনের প্লাজমা প্রোটিন নিয়ে গঠিত, যা ব্যাকটেরিয়া ধ্বংসে অ্যান্টিবডি ও ফ্যাগোসাইটকে সাহায্য করে।"
435,MAT 2015-2016,হোমোলোগাস ক্রোমোজোমের একটি লোকাসে দুটি জিন একত্রে থাকাকে কী বলে?,জিনোম,অ্যালিলোমর্ফ,ফিনোটাইপ,জিনোটাইপ,B,একই লোকাসের দুটি জিন একে অপরের অ্যালিল (অ্যালিলোমর্ফ) হিসেবে কাজ করে।
436,MAT 2015-2016,জেলিফিশ কোন পর্বের প্রাণী?,নিডারিয়া,আর্থোপোডা,প্লাটিহেলমিনথেস,মোলাস্কা,A,"নিডারিয়া পর্বের প্রাণীঃ হাইড্রা, জেলিফিশ, নীল বোতাম, সাগর পাখা।"
437,MAT 2015-2016,কোন প্রাণী অযৌন ও যৌন দুভাবেই প্রজনন সম্পন্ন করে?,রুই মাছ,হাইড্রা,ঘাসফড়িং,মৌমাছি,B,"হাইড্রা অযৌন ও যৌন উভয় প্রক্রিয়ায় প্রজনন সম্পন্ন করে। অযৌন প্রজননে মুকুলোদগম এবং বিভাজন ঘটে, এবং যৌন প্রজননে জননাঙ্গ তৈরি, জননকোষ তৈরি, নিষেক এবং পরিস্ফুটন হয়।"
438,MAT 2015-2016,ঘাসফড়িং এর অগ্রভাগের সরু ও শক্ত ডানাদ্বয়কে কী বলে?,স্টার্নাম,টার্সাস,ট্রক্যান্টার,টেগমিনা,D,ঘাসফড়িংয়ের অগ্রভাগের সরু ও শক্ত ডানাদ্বয়কে টেগমিনা (এলিট্রা) বলা হয়।
439,MAT 2015-2016,কোন ভিটামিন পানিতে দ্রবণীয়?,ভিটামিন A,ভিটামিন D,ভিটামিন B কমপ্লেক্স,ভিটামিন K,C,পানিতে দ্রবণীয় ভিটামিন হলো ভিটামিন B এবং ভিটামিন C।
440,MAT 2015-2016,পেপসিনের ক্ষেত্রে কোনটি সত্য নয়?,ইহা অগ্ন্যাশয় থেকে নিঃসৃত হয়,ইহা পাকস্থলী থেকে নিঃসৃত হয়,পরিপাকের জন্য ইহা অম্লীয় পরিবেশ সৃষ্টি করে,ইহা আমিষ পরিপাক শুরু করে,A,"পেপসিন পাকস্থলীর চীফ কোষ থেকে নিঃসৃত হয়, অগ্ন্যাশয় থেকে নয়।"
441,MAT 2015-2016,কোনটি অদানাদার শ্বেত কণিকা?,নিউট্রোফিল,মনোসাইট,ইউসিনোফিল,বেসোফিল,B,"অ্যাগ্রানুলোসাইট বা অদানাদার লিম্ফোসাইট, মনোসাইট।
অন্যান্য অপশন সম্পর্কিত তথ্য:
গ্র্যানুলোসাইট বা দানাদার: নিউট্রোফিল, ইওসিনোফিল, বেসোফিল।"
442,MAT 2015-2016,স্বাভাবিক অবস্থায় মানবদেহের রক্তের pH এর মান-,7.00,7.40,7.80,7.04,B,"স্বাভাবিক অবস্থায় মানবদেহের রক্তের pH এর মান 7.36-7.45 হয়ে থাকে, তবে পরীক্ষায় যদি এই পরিসরের মধ্যে মান না থাকে তবে 7.40 পিএইচকে সঠিক উত্তর হিসেবে ধরা হয়।"
443,MAT 2015-2016,নিচের কোনটি পালমোনারি সংবহনের অংশ নয়?,ডান নিলয়,বাম অলিন্দ,ফুসফুস,মহাধমনি,D,"পালমোনারি সংবহনের গতিপথ:
 ডান নিলয় → পালমোনারি ধমনি → ফুসফুস → পালমোনারি শিরা → বাম অলিন্দ → বাম নিলয়।
 অন্যান্য অপশন সম্পর্কিত তথ্য:
সিস্টেমিক সংবহন: বাম ভেন্ট্রিকল → অ্যাওটা → টিস্যু ও অঙ্গ → মহাশিরা → ডান অ্যাট্রিয়াম
পোর্টাল সংবহন: পৌষ্টিক অঙ্গসমূহ → হেপাটিক পোর্টাল শিরা → যকৃত → হেপাটিক শিরা → ইনফিরিয়র ভেনাক্যাভা → হৃৎপিন্ড
করোনারি সংবহন: সিস্টেমিক ধমনি → করোনারি ধমনি → হৃৎপ্রাচীর → করোনারি শিরা → ডান অ্যাট্রিয়াম"
444,MAT 2015-2016,কোন চক্রের মাধ্যমে যকৃতে ইউরিয়া তৈরি হয়?,ক্রেবস চক্র,নাইট্রোজেন চক্র,অরনিথিন চক্র,কার্বন চক্র,C,"যকৃতে ইউরিয়া উৎপন্ন হয় অরনিথিন চক্রের মাধ্যমে।
অন্যান্য অপশন সম্পর্কিত তথ্য:
ডিঅ্যামিনেশন প্রক্রিয়ায় ইউরিয়া তৈরি হয়।"
445,MAT 2015-2016,নিচের কোনটি বক্ষ অস্থিচক্রের হাড়?,স্ফেনয়েড,ক্ল্যাভিকল,এথময়েড,পিউবিস,B,"বক্ষ অস্থিচক্রের হাড় হলো- একজোড়া ক্ল্যাভিকল ও একজোড়া স্ক্যাপুলা।
অন্যান্য অপশন সম্পর্কিত তথ্য:
স্ফেনয়েড, এথময়েড করোটিকার অস্থি
শ্রোণি অস্থিচক্রের অস্থি: ইলিয়াম, ইশ্চিয়াম ও পিউবিস একত্রিত হয়ে হিপ বোন গঠন করে।"
446,MAT 2015-2016,মানুষের নবম জোড়া করোটিক স্নায়ুর নাম কী?,হাইপোগ্লোসাল,স্পাইনাল অ্যাকসেসরি,অ্যাবডুসেন্স,গ্লাসোফ্যারিঞ্জিয়াল,D,"গ্লসোফ্যারিঞ্জিয়াল স্নায়ু নবম করোটিক স্নায়ু।
 অন্যান্য অপশন সম্পর্কিত তথ্য:
অ্যাবডুসেন্স স্নায়ু ষষ্ঠ করোটিক স্নায়ু
হাইপোগ্লোসাল স্নায়ু → ১২তম করোটিক স্নায়ু
স্পাইনাল অ্যাকসেসরি স্নায়ু ১১তম করোটিক স্নায়ু"
447,MAT 2014-2015,মস্তিষ্কের কোন অংশে ক্ষুধা নিয়ন্ত্রণ কেন্দ্র অবস্থিত?,সেরেব্রাম,থ্যালামাস,হাইপোথ্যালামাস,সেরেবেলাম,C,"হাইপোথ্যালামাসের কাজ:
স্বয়ংক্রিয় স্নায়ুকেন্দ্রের কেন্দ্র হিসেবে কাজ করে।
দেহতাপ, ক্ষুধা, তৃষ্ণা, ঘাম, ঘুম, রাগ, উদ্বেগ ইত্যাদি নিয়ন্ত্রণ করে।
নিউরোহরমোন উৎপন্ন করে ট্রপিক হরমোনের ক্ষরণ নিয়ন্ত্রণ করে।"
448,MAT 2014-2015,ডায়েনসেফালনের মধ্যস্থ গহবরটিকে কী বলে?,দ্বিতীয় ভেন্ট্রিকল,চতুর্থ ভেন্ট্রিকল,প্রথম ভেন্ট্রিকল,তৃতীয় ভেন্ট্রিকল,D,"তৃতীয় ভেন্ট্রিকল হাইপোথ্যালামাস বা ডায়েনসেফালনে অবস্থিত।
১ম ও ২য় ভেন্ট্রিকল (পার্শ্বীয় ভেন্ট্রিকল) → সেরেব্রাম-এর কেন্দ্রভাগে।
৪র্থ ভেন্ট্রিকল → মেডুলা-অবলংগাটায় অবস্থিত।"
449,MAT 2014-2015,পিউপিলের অবস্থান কোথায়?,রেটিনার পশ্চাতে,আইরিসের পশ্চাতে,আইরিসের মধ্যবর্তী স্থানে,কোরয়েডের নিচে,C,"পিউপিলের অবস্থান আইরিসের মধ্যবিন্দুতে।
পিউপিলের মাধ্যমে চোখে আলো প্রবেশ করে।
মৃদু আলোতে পিউপিল বড় হয়, তীব্র আলোতে ছোট হয়।"
450,MAT 2014-2015,মেলানিন রঞ্জকে রঞ্জিত স্তর কোনটি?,স্ক্লেরা,কোরয়েড,সিলিয়ারী বডি,সাসপেন্সরী লিগামেন্ট,B,"কোরয়েড হলো স্ক্লেরার নিচে অবস্থিত, রক্তবাহিকাসমৃদ্ধ ও মেলানিনযুক্ত স্তর। মেলানিন থাকায় এটি কালো দেখায়।"
451,MAT 2014-2015,অগ্ন্যাশয়ের আলফা কোষ থেকে নিঃসৃত হয়—,প্যানক্রিয়াটিক পলিপেপটাইড,লাইপেজ,ইনসুলিন,গ্লুকাগন,D,"অগ্ন্যাশয়ের কোষভেদে হরমোন নিঃসরণ—
α-কোষ → গ্লুকাগন
β-কোষ → ইনসুলিন
Δ-কোষ → সোমাটোস্ট্যাটিন
PP-কোষ → প্যানক্রিয়াটিক পলিপেপটাইড"
452,MAT 2014-2015,কোন গ্রন্থির ক্ষরণকাল আজীবন নয়?,সুপ্রারেনাল,পিনিয়াল,থাইমাস,টেসটিস,C,"থাইমাস গ্রন্থির ক্ষরণ নির্দিষ্ট সময় পর্যন্ত থাকে, পরে এটি নিশ্চিহ্ন হয়ে যায়।"
453,MAT 2014-2015,নিচের কোনটি ভ্রূণীয় এক্টোডার্ম স্তর থেকে তৈরি হয়?,লোহিত কণিকা,থাইমাস,কেন্দ্রীয় স্নায়ুতন্ত্র,অস্থি সন্ধি,C,"তিনটি ভ্রূণীয় স্তর ও তাদের পরিণতি:
ভ্রূণীয় স্তর → পরিণতি
এক্টোডার্ম → ত্বক, চুল, নখ, স্নায়ুতন্ত্র, চোখের অংশ, পায়ুর আবরণ
মেসোডার্ম → কঙ্কাল, পেশি, রক্ত, লসিকা, যোজক কলা, জনন ও রেচনতন্ত্র
এন্ডোডার্ম → পাকস্থলী, অন্ত্র, শ্বাসতন্ত্র, থাইরয়েড, থাইমাস, অগ্ন্যাশয়, যকৃত"
454,MAT 2014-2015,মানুষের দেহকোষে কতটি অটোজোম থাকে?,২২টি,৪৪টি,৪৬টি,২৩টি,B,মানুষের মোট ৪৬টি ক্রোমোজোম থাকে। এর মধ্যে ৪৪টি অটোজোম ও ২টি সেক্স ক্রোমোজোম।
455,MAT 2014-2015,নিচের কোনটির দ্বারা গনোরিয়া রোগ হয়?,ছত্রাক,ভাইরাস,ব্যাকটেরিয়া,প্রোটোজোয়া,C,গনোরিয়া রোগের জীবাণু → Neisseria gonorrhoeae (ব্যাকটেরিয়া)।
456,MAT 2014-2015,ভ্রান্ত সিলোমযুক্ত প্রাণীর পর্ব কোনটি?,Platyhelminthes,Nematoda,Arthropoda,Cnidaria,B,"সিলোমের ভিত্তিতে প্রাণীদেরকে ৩টি শ্রেণীতে ভাগ করা যায়:
স্যুডোসিলোমেট (ভ্রান্ত বা অপ্রকৃত) - Nematoda, Rotifera, Kinorhyncha প্রভৃতি পর্বভুক্ত প্রাণী।"
457,MAT 2014-2015,হাইড্রার মুকুল কী কাজে ব্যবহৃত হয়?,অযৌন প্রজনন,পুনরুৎপত্তি,চলন,যৌন প্রজনন,A,"হাইড্রার মুকুল অযৌন প্রজননের কাজে ব্যবহৃত হয়, যেখানে এটি নতুন সদস্যের সৃষ্টি করে।"
458,MAT 2014-2015,রক্তস্রোতে থাকা অতিরিক্ত গ্লুকোজ থেকে যকৃতে সঞ্চিত পলিস্যাকারাইড হলো-,সেলুলোজ,সুক্রোজ,স্টার্চ,গ্লাইকোজেন,D,"যখন রক্তস্রোতে অতিরিক্ত গ্লুকোজ থাকে, তখন এটি যকৃতে গ্লাইকোজেন নামে সঞ্চিত হয়। গ্লাইকোজেন একটি পলিস্যাকারাইড, যা শরীরে শক্তির উত্স হিসেবে কাজ করে।"
459,MAT 2014-2015,মাইক্রোভিলাইগুলো একত্রিতভাবে ক্ষুদ্রান্ত্রের উপরিভাগে কী সৃষ্টি করে?,ব্রাশ বর্ডার,মিউকোসাল ফোল্ড,লুমেন,পাইলোরিক স্ফিঙ্কটার,A,"মাইক্রোভিলাইগুলো একত্রিতভাবে ক্ষুদ্রান্ত্রের উপরিতলে ব্রাশ বর্ডার সৃষ্টি করে, যা ক্ষুদ্রান্ত্রের শোষণ তলকে বহুগুণ বাড়িয়ে দেয় এবং শোষণের মোট ক্ষেত্রফল ১০ বর্গমিটার পর্যন্ত বৃদ্ধি পায়।"
460,MAT 2014-2015,স্থূলতার সহিত সম্পর্কযুক্ত রোগ কোনটি?,রক্তশূন্যতা,হাঁপানি,করোনারি হার্ট ডিজিজ,রেনাল ফেইলিওর,C,"স্থূলতার কারণে বিভিন্ন রোগের ঝুঁকি বাড়ে, যার মধ্যে করোনারি হার্ট ডিজিজ (CHD), টাইপ-২ ডায়াবেটিস, ক্যানসার, উচ্চ রক্তচাপ, স্ট্রোক ইত্যাদি অন্তর্ভুক্ত।"
461,MAT 2014-2015,ফুসফুসের গঠন ও কার্যগত একক-,ফুদ্রের গঠন,নিউরন,অ্যালভিওলাস,গ্লোমেরুলাস,C,"ফুসফুসের গঠন ও কার্যগত একক অ্যালভিওলাস।
অন্যান্য অপশন সম্পর্কিত তথ্য:
বৃক্কের গঠন ও কার্যগত একক নেফ্রন।
স্নায়ুতন্ত্রের গঠন ও কার্যগত একক নিউরন।"
462,MAT 2014-2015,স্বাভাবিক মূত্রের বর্ণ হালকা হলুদ হয় কিসের উপস্থিতিতে?,বিলিভারডিন,ইউরোক্রোম,বিলিরুবিন,অ্যামোনিয়া,B,"ইউরোক্রোম এর প্রভাবে মূত্র স্বাভাবিক রং হালকা হলুদ (খড় রং) হয়।
 অন্যান্য অপশন সম্পর্কিত তথ্য:
বিলিরুবিন এর প্রভাবে মূত্রের বর্ণ হলুদ হয় (যখন জন্ডিস হয়)।
ইউরিনোড এর উপস্থিতির জন্য মূত্রের ঝাঁঝালো গন্ধ থাকে।"
463,MAT 2014-2015,নিচের কোনটি ক্লাভিকলের বৈশিষ্ট্য?,এটি একটি বাঁকানো অস্থি,একপ্রান্ত হিউমারাসের সাথে যুক্ত থাকে,এটি একটি খাঁটো অস্থি,এটি অস্থির মজ্জা গহবর আছে,A,"ক্ল্যাভিকল দেখতে ইটালিক 'f' এর মতো বাঁকা অস্থি। এটি একটি দেহ ও দুটি প্রান্ত, যথা স্টার্নাম এবং অ্যাক্রোমিয়াল প্রসেস নিয়ে গঠিত।
অন্যান্য অপশন সম্পর্কিত তথ্য:
মানুষের বক্ষ অস্থিচক্র ২ জোড়া অস্থি নিয়ে গঠিত, যথা একজোড়া ক্ল্যাভিকল ও একজোড়া স্ক্যাপুলা।"
464,MAT 2014-2015,চলনের সময় হাঁটুকে ভাঁজ করে কোন মাংসপেশী?,ট্রাইসেপস,রেকটাস ফিমোরিস,বাইসেপস ফিমোরিস,ডেল্টয়েড,C,"চলনের সময় হাঁটুকে ভাঁজ করতে দুটি পেশিগুচ্ছের প্রয়োজন হয়:
i. হ্যামস্ট্রিং পেশি (বাইসেপস ফিমোরিস, সেমিমেমব্রেনোসাস, সেমিটেন্ডিনোসাস)।
ii. গ্যাসট্রোকনেমিয়াস পেশি।"
465,MAT 2014-2015,মেরুদন্ডের এটলাস ও এক্সিসের মধ্যবর্তী অস্থিসন্ধি কোনটি?,গমফোসিস,কব্জা,কীলক,স্যাডেল,C,অ্যাটলাস ও অ্যাক্সিসের মধ্যবর্তী অস্থিসন্ধি কীলক ধরনের।
466,MAT 2014-2015,মোটর প্রকৃতির স্নায়ু কোনটি?,হাইপোগ্লোসাল,ফেসিয়াল,ভেগাস,অপথ্যালমিক,A,"মোটর বা চেষ্টীয় স্নায়ু → ৩, ৪, ৬, ১১, ১২।
অন্যান্য অপশন সম্পর্কিত তথ্য:
Mixed বা মিশ্র স্নায়ু → বাকি সব স্নায়ু।
Sensory বা সংবেদী স্নায়ু → ১, ২, ৮।"
467,AFMC 2020-2021,সন্তান প্রসবে কোন হরমোন সাহায্য করে?,অক্সিটোসিন,অক্সিন,টেস্টোস্টেরন,গোনাডোট্রপিন,A,শিশু প্রসব: ৪০তম সপ্তাহে অক্সিটসিন ও প্রোস্টাগ্লান্ডিন হরমোন দুটির সক্রিয়তায় জরায়ুর সংকোচন ঘটে। ফলে শিশু জরায়ু থেকে বাইরে আসতে পারে। এটি ৩টি ধাপে সম্পন্ন হয়।
468,AFMC 2020-2021,মায়ের দুধে কি ধরনের প্রতিরক্ষা থাকে?,প্রাকৃতিক সক্রিয়,প্রাকৃতিক অক্রিয়,কৃত্রিম সক্রিয়,কৃত্রিম অক্রিয়,B,"প্রাকৃতিক অক্রিয় প্রতিরক্ষা: এ ধরনের প্রতিরক্ষায় অমরা বা কলোস্ট্রাম (শাল দুধ)-এর মাধ্যমে অ্যান্টিবডি মায়ের শরীর থেকে শিশুদেহে প্রবেশ করে।
 এভাবে স্থানান্তরিত অ্যান্টিবডি কয়েক সপ্তাহমাত্র টিকে থাকে। এ সময়ের মধ্যে শিশুদেহে নিজের অ্যান্টিবডি উৎপন্নের জন্য নিজস্ব প্রতিরক্ষাতন্ত্র গড়ে উঠে।"
469,AFMC 2020-2021,অ্যান্টিবডি ক্ষরণ করে কোন কোষ?,T-cell,cell,প্লাজমা কোষ,ম্যাক্রোফেজ কোষ,C,"অ্যান্টিবডি বহিরাগত ক্ষতিকর বস্তুর (অ্যান্টিজেন) উপস্থিতি ও মিথষ্ক্রিয়ার মাধ্যমে সৃষ্ট প্রতিরোধী বস্তু।অ্যান্টিবডির প্রস্তুতি:
রক্ত শ্বেত কণিকা → লিম্ফোসাইট → B-লিম্ফোসাইট → প্লাজমা কোষ → অ্যান্টিবডি।"
470,AFMC 2020-2021,সর্বপ্রথম ভ্যাক্সিন কত সালে আবিষ্কৃত হয়?,1796,1856,1789,1956,A,"ড. এডওয়ার্ড জেনার ১৭৯৬ খ্রিস্টাব্দে সর্বপ্রথম গুটিবসন্তের ভ্যাক্সিন আবিষ্কারের মধ্যদিয়ে যুগান্তকারী 'ভ্যাক্সিন বিপ্লব' ঘটিয়ে মানুষের রোগমুক্ত দীর্ঘ সুন্দর জীবনের যে প্রত্যাশা জাগিয়েছেন, তার ধারাবাহিকতায় আজ দ্বিতীয় জেনারেশন ভ্যাক্সিন হিসেবে হেপাটাইটিস-বি ভ্যাক্সিন উৎপন্ন হয়েছে।"
471,AFMC 2020-2021,কোনটি সেক্স লিংকড ডিসঅর্ডার নয়?,ডায়াবেটিক ম্যালিটাস,হিমোফিলিয়া,বর্ণান্ধতা,সবগুলো,A,"মানুষের যেসব জিন নিয়ন্ত্রিত বংশগত রোগ সেক্স ক্রোমোজোমের (X ও Y) মাধ্যমে বংশ পরম্পরায় সঞ্চারিত হয়, তাদের সেক্স-লিঙ্কড ডিসঅর্ডার বা অস্বাভাবিকতা বলে।
ডায়াবেটিক ম্যালিটাস বংশগত নয়, তবে ডায়াবেটিক ইনসিপিডাস বংশগত।"
472,AFMC 2020-2021,কোয়াগুলেশন ফ্যাক্টর কোনটির অভাবে হিমোফিলিয়া হয়?,VI ফ্যাক্টর,V ফ্যাক্টর,VIII ফ্যাক্টর,VII ফ্যাক্টর,C,হিমোফিলিয়া হচ্ছে বংশগতভাবে সঞ্চারণশীল এক প্রকার রক্ততঞ্চন ঘটিত ত্রুটি বা অস্বাভাবিকতা। X-ক্রোমোসোমের একটি প্রচ্ছন্ন জিনের কারণে হিমোফিলিয়া হয়ে থাকে।
473,AFMC 2020-2021,সপ্তম করোটিক স্নায়ু কোনটি?,অলফ্যাকটোরি,অপটিক,ফেসিয়াল,অডিটরী,C,"৭ম করোটিক স্নায়ুর নাম- ফেসিয়াল স্নায়ু। যার ২টি শাখা থাকে ১টি প্যালেটাইন অপরটি হায়োম্যান্ডিবুলারি। এ স্নায়ুর কাজ স্বাদ গ্রহণ, চর্বণ ও গ্রীবা সঞ্চলন।"
474,AFMC 2020-2021,মানুষের রেসপিরেটরি সেন্টার কোনটিতে থাকে?,সেরিবেলাম,মেডুলা অবলাংগাটা,মস্তিষ্ক,পনস,B,"পশ্চাৎ মস্তিষ্কের মেডুলায় শ্বাস কেন্দ্র অবস্থান করে। যা শ্বাসের গতি নিয়ন্ত্রণ করে। এছাড়া এটি ৫ম থেকে দ্বাদশ জোড়া করোটিক স্নায়ুর উৎসস্থল হিসেবে কাজ করে।
সেরিবেলাম: চলাফেরার সাথে জড়িত সকল কার্যাদি সম্পন্ন করে।
মস্তিষ্ক: কেন্দ্রীয় স্নায়ুতন্ত্রের যে স্ফীত ও জটিল অংশ মানুষের করোটিকার মধ্যে সুরক্ষিত থাকে এবং দেহের সকল কার্যাবলি নিয়ন্ত্রণ করে তাকে মস্তিষ্ক বা এনসেফানল বলে।
পনস: স্বাভাবিক শ্বাসক্রিয়ার হার নিয়ন্ত্রণ করে।"
475,AFMC 2020-2021,গলগন্ড রোগ হয় কোনটির অভাবে?,Zink,Iron,Iodin,Calcium,C,দেহে অতিরিক্ত থাইরক্সিন ক্ষরিত হলে গলগন্ড রোগ হয়। Iodin এর অভাব ঘটলে এই রোগটি হয়। Iron এর অভাব হলে অ্যানিমিয়া হয়। Calcium এর অভাব হলে অস্টিওপোরেসিস হয়।
476,AFMC 2020-2021,ট্রপিক হরমোন কোনটি?,MSH,CSH,TSH,KSH,C,"যে হরমোন অন্য অন্তঃক্ষরা গ্রন্থিকে তার হরমোন ক্ষরণে উদ্বুদ্ধ করে তাকে ট্রপিক হরমোন বলে। ৬টি ট্রপিক হরমোন সম্মুখ পিটটুইটারি গ্রন্থি থেকে নিঃসৃত হয়। যথা: STH বা HGH, TSH, LH, FSH, PRL বা LTH, ACTH।"
477,AFMC 2020-2021,এপিডিডাইমিস এর দৈর্ঘ্য কত?,20ft,15ft,10ft,5ft,A,"এপিডিডাইমিস প্রত্যেক শুক্রাশয়ের ভাসা ইফারেন্সিয়া একত্রে মিলিত হয়ে একটি করে ৪-৬ মিটার লম্বা অত্যন্ত প্যাঁচানো এপিডিডাইমিস গঠন করে। এর শেষ অংশটি সোজা হয়ে ভাস ডিফারেন্সে মিলিত হয়। এপিডিডাইমিস শুক্রাণুর ভিতর থেকে তরল ও কঠিন অসার পদার্থ আলাদা করে শুক্রাণুর নিষেক ক্ষমতা বাড়ায় এবং পুষ্টি পদার্থ ক্ষরণ করে এগুলোকে সতেজ রাখে।
১ মিটার = ৩.২ ফিট, অতএব ৪-৬ মিটার = ১২.৮-১৯.২ মিটার। তাই সঠিক উত্তর হবে ২০ ফিট।"
478,AFMC 2020-2021,জাতীয় পাখির বৈজ্ঞানিক নাম কী?,Labeo Rohita,Allium cepa,Copsychus saularis,Oryza sativa,C,জাতীয় পাখি: দোয়েল (Copsychus saularis)
479,AFMC 2020-2021,হাইড্রা কোন পর্বের প্রাণী?,নিডারিয়া,একাইনোডার্মাটা,কর্ডাটা,মলাস্কা,A,হাইড্রা ক্ষুদ্রাকৃতি স্বাদুপানির প্রাণির গণ যা নিডারিয়া পর্বের হাইড্রোজোয়া শ্রেণির অন্তর্গত। এদের পাওয়া যায় নাতিশীতোষ্ণ ও গ্রীষ্মমন্ডলীয় অঞ্চলে। জীববিজ্ঞানীরা হাইড্রার প্রতি বিশেষ আগ্রহী এর পুনরুৎপত্তি ক্ষমতার জন্য।
480,AFMC 2020-2021,ঘাসফড়িং এর পুঞ্জাক্ষিতে কতটি ওমাটিডিয়াম রয়েছে?,1200-1800,500-600,1000,900,A,"ঘাসফড়িংয়ের মাথার পৃষ্ঠভাগের উভয় পাশে অবস্থিত বড়, বৃন্তহীন, উত্তল, কালো অংশকে পুঞ্জাক্ষি বলে। প্রত্যেক পুঞ্জাক্ষি প্রায় দুই হাজার (প্রজাতিভেদে সংখ্যা বিভিন্ন) ষড়ভূজাকার ওমাটিডিয়া নিয়ে গঠিত। প্রতিটি ওমাটিডিয়াম (একবচনে) একেকটি দর্শন একক হিসেবে কাজ করে।"
481,AFMC 2020-2021,নিষ্ক্রিয় ট্রিপসিনোজেন কে সক্রিয় ট্রিপসিনে পরিণত করে কে?,পিত্তরস,অগ্ন্যাশয় রস,HCl,কার্বোহাইড্রেট,C,আমিষ পরিপাকে গ্যাস্ট্রিক জুসে পেপসিনোজেন ও প্রোরেনিন নামক নিষ্ক্রিয় প্রোটিওলাইটিক এনজাইম থাকে। এ দুটি গ্যাস্ট্রিক জুসের HCl-এর সাথে বিক্রিয়া করে যথাক্রমে পেপসিন ও রেনিন নামক সক্রিয় এনজাইমে পরিণত হয়।
482,AFMC 2020-2021,"চিকিৎসাবিদ্যার কোন শাখায় স্থূলতার কারণ, প্রতিরোধ ও চিকিৎসা সম্বন্ধে আলোচনা করা হয়?",Obesity,Geriatrics,Bariatrics,Pediatrics,C,"চিকিৎসাবিদ্যার যে শাখায় স্থূলতার কারণ, প্রতিরোধ ও চিকিৎসা সম্বন্ধে আলোচনা করা হয় তাকে Bariatrics বলা হয়।
অন্যান্য অপশন সম্পর্কিত তথ্য:
Obesity: স্থূলতা।
Geriatrics: বয়স্ক মানুষের চিকিৎসাবিদ্যা।
Pediatrics: শিশুদেহের চিকিৎসাবিষয়ক শাখা।"
483,AFMC 2020-2021,কোন প্রাণীর লোহিত কণিকায় নিউক্লিয়াস থাকে?,নীল তিমি,বাদুর,উট,মানুষ,C,স্তন্যপায়ীদের মধ্যে শুধুমাত্র উটের RBC নিউক্লিয়াস থাকে। এছাড়া অন্যান্য সকল স্তন্যপায়ীর RBC নিউক্লিয়াসবিহীন।
484,AFMC 2020-2021,বাম অলিন্দ ও বাম নিলয়ের ছিদ্রপথে কোন কপাটিকা থাকে?,মাইট্রাল কপাটিকা,বাইকাসপিড কপাটিকা,ট্রাইকাসপিড কপাটিকা,কোনোটিই নয়,B,"বাম অলিন্দ ও বাম নিলয়ের মাঝে বাইকাসপিড কপাটিকা থাকে। যা বাম নিলয়ের সংকোচনকালে, বাম অ্যাট্রিয়ামে রক্তের পশ্চাৎ প্রবাহ প্রতিরোধ করে।"
485,AFMC 2020-2021,মানবদেহের স্বাভাবিক ডায়াস্টলিক চাপ কত?,60-90,70,50,10,A,"স্বাভাবিক ডায়াস্টোলিক চাপ 60-89 mmHg (অপটিমাম 80 mmHg)।
অন্যান্য অপশন সম্পর্কিত তথ্য:
ডায়াস্টোলিক চাপ হলো যখন ভেন্ট্রিকল প্রসারিত হয় এবং রক্তচাপ সর্বনিম্ন পর্যায়ে নেমে আসে।
সিস্টোলিক চাপ: ভেন্ট্রিকল সংকোচনের সময় রক্তচাপ বেশি থাকে, সাধারণত 100-139 mmHg (অপটিমাম 120 mmHg)।"
486,AFMC 2020-2021,শ্বসনতন্ত্রের উৎপত্তি কোথা থেকে হয়?,Endoderm,Ectoderm,Mesoderm,Teloderm,A,"শ্বসনতন্ত্র (স্বরযন্ত্র/ল্যারিংক্স, ট্রাকিয়া, ফুসফুস) এন্ডোডার্ম থেকে উৎপন্ন হয়।"
487,AFMC 2020-2021,কোনটি Larynx এর Cartilage নয়?,Thyroid,Cocloyed,Cricoid,Epiglottis,B,"Cocloyed হলো Larynx এর cartilage নয়, এর মধ্যে এপিগ্লটিস, ক্রাইকয়েড ও থাইরয়েড হল অংশ।"
488,AFMC 2020-2021,কোষের অন্তঃশ্বসন কোথায় হয়?,কোষের বাইরে,কোষ প্রাচীরে,কোষের মধ্যে,কোষের চারপাশে,C,অন্তঃশ্বসন হলো জৈব রাসায়নিক প্রক্রিয়া যা দেহকোষ ও রক্তে সংঘটিত হয়। এখানে অক্সিজেন রক্ত দ্বারা বাহিত হয়ে দেহকোষে পৌঁছায় এবং শক্তি উৎপন্ন হয়।
489,AFMC 2020-2021,করোটিকার অস্থি কয়টি?,12,4,8,20,C,"করোটিকার অস্থি ৮টি হয়: ফ্রন্টাল, প্যারাইটাল, টেমপোরাল, অক্সিপিটাল, স্ফেনয়েড, এবং এথময়েড।"
490,MAT 2002-2003,শোষিত খাদ্যবস্তুর প্রোটোপ্লাজমে রূপান্তরকে বলে-,পরিপাক,শোষণ,আত্তীকরণ,অধিশোষণ,C,"আত্তীকরণ হলো শোষিত খাদ্যবস্তুর প্রোটোপ্লাজমে রূপান্তরের প্রক্রিয়া।
অন্যান্য অপশন:
পরিপাক — খাদ্যবস্তু গলাধঃকরন ও এনজাইমের সহায়তায় ভাঙ্গন।
শোষণ — খাদ্য পরিপাকের পর রক্তনালীর মাধ্যমে সারা দেহে ছড়িয়ে যাওয়ার প্রক্রিয়া।
অধিশোষণ — কোনো পদার্থের অন্য একটি পদার্থের পৃষ্ঠতলে সঞ্চিত বা কেন্দ্রীভূত হওয়া, অভ্যন্তরে প্রবেশ না করা।"
491,[DAT: 90-91,স্নেহজাতীয় পদার্থকে ফ্যাটি অ্যাসিড ও গ্লিসারলে পরিণত করে কোন এনজাইম?,টায়ালিন,লাইপেজ,পেপসিন,রেনিন,B,"লাইপোলাইটিক/স্নেহ/Lipid পরিপাককারী এনজাইম হলো লাইপেজ। এটি স্নেহজাতীয় পদার্থকে ফ্যাটি অ্যাসিড ও গ্লিসারলে পরিণত করে।
অন্যান্য অপশন:
টায়ালিন — কার্বোহাইড্রেট পরিপাককারী এনজাইম।
পেপসিন ও রেনিন — প্রোটিন পরিপাককারী এনজাইম।"
492,MAT 2012-2013,রক্তের pH নির্ভর করে যার উপর-,এন্টিজেন,বাফার,রক্তের গ্রুপ,এন্টিবডি,B,"রক্তের স্বাভাবিক pH ৭.৪। এর থেকে ০.৫ কম বা বেশি হলে জীবনহানী হতে পারে। এই সীমিত সীমার মধ্যে রক্তের pH নিয়ন্ত্রিত হয় বিভিন্ন বাফার দ্বারা, যেমন- বাইকার্বোনেট বাফার, ফসফেট বাফার, হিমোগ্লোবিন বাফার ইত্যাদি।"
493,MAT 2011-2012,নিম্নের কোন অঙ্গে লোহিত কণিকা ধ্বংস হয়?,প্লীহা,যকৃত,পাকস্থলী,বৃক্ক,"A,B","লোহিত কণিকার উৎপত্তি জন্মের একমাস পূর্বে যকৃত ও প্লীহায় হয়। জন্মের পর লোহিত অস্থিমজ্জা, হিউমেরাস ও ফিমারের মস্তক, কশেরুকা, পশুর্কা, করোটির চ্যাপ্টা অস্থিতে উৎপন্ন হয়।
লোহিত কণিকা ধ্বংস হয় মূলত যকৃত ও প্লীহায়।"
494,MAT 2009-2010,নিম্নের কোনটি শরীরের অণুপ্রবেশিত জীবাণু ধ্বংস করার প্রক্রিয়া?,অটোলাইসিস,অটোফ্যাগি,পিনোসাইটোসিস,ফ্যাগোসাইটোসিস,D,শ্বেত রক্তকণিকা ফ্যাগোসাইটোসিস পদ্ধতিতে রোগজীবাণু ভক্ষণ করে রোগ আক্রমণ প্রতিহত করে।
495,MAT 2008-2009,নিম্নের কোনটি রক্ত জমাট বাঁধার মূল উপাদান নয়?,ফিব্রিনোজেন,প্রোথ্রোম্বিন,অ্যালবুমিন,Ca,C,"রক্ত জমাট বাঁধা বা রক্ততঞ্চন প্রক্রিয়ায় অণুচক্রিকা ও রক্তরসে অবস্থিত ১৩ ধরনের ক্লটিং ফ্যাক্টর গুরুত্বপূর্ণ ভূমিকা পালন করে। এর মধ্যে অতি গুরুত্বপূর্ণ ৪টি ফ্যাক্টর হলো- ফিব্রিনোজেন, প্রোথ্রোম্বিন, থ্রম্বোপ্লাস্টিন ও ক্যালসিয়াম আয়ন।"
497,MAT 1997-1998,নিউক্লিয়াস বিশিষ্ট লোহিত কণিকা কোন প্রাণীতে থাকে?,আরশোলায়,গিনিপিগে,ব্যাঙে,মানুষে,C,"উট, পাখি, ব্যাঙ এর লোহিত রক্তকণিকায় নিউক্লিয়াস থাকে। উট একমাত্র স্তন্যপায়ী প্রাণী যা লোহিত রক্তকণিকায় নিউক্লিয়াস আছে। বাকি সব স্তন্যপায়ীর RBC তে নিউক্লিয়াস নেই।"
498,MAT 1993-1994,কণিকাবিহীন রক্তের জলীয় অংশকে বলে-,লসিকা,প্লাজমা,গ্লোবিন,সিরাম,B,কণিকাবিহীন রক্তের জলীয় অংশকে প্লাজমা বা রক্তরস বলা হয়।
499,MAT 1988-1989,মানবদেহে রোগ প্রতিরোধক হিসাবে কাজ করে কোনটি?,হিমোগ্লোবিন,শ্বেতকণিকা,লোহিত কণিকা,অনুচক্রিকা,B,শ্বেত রক্তকণিকাকে আণুবীক্ষনিক সৈনিকও বলা হয়।
500,DAT 2009-2010,নিম্নের কোন কোষটি হেপারিন নিঃসরণ করে?,নিউট্রোফিল,বেসোফিল,ইউসিনোফিল,লিম্ফোসাইট,B,"বেসোফিল হেপারিন ও হিস্টামিন নিঃসৃত করে, রক্ত জমাট বাঁধতে বাধা দেয়।"
501,DAT 2007-2008,নিম্নের উল্লেখিত কয়টি ফ্যাক্টর রক্ত জমাট বাধার প্রক্রিয়ায় অংশগ্রহণ করে?,10,11,12,13,D,"রক্ত জমাট বাঁধা বা রক্ততঞ্চন প্রক্রিয়ায় অণুচক্রিকা ও রক্তরসে অবস্থিত ১৩ ধরনের ক্লটিং ফ্যাক্টর গুরুত্বপূর্ণ ভূমিকা পালন করে। এর মধ্যে অতি গুরুত্বপূর্ণ ৪টি ফ্যাক্টর হলো- ফিব্রিনোজেন, প্রোথ্রোম্বিন, থ্রম্বোপ্লাস্টিন ও ক্যালসিয়াম আয়ন।"
502,DAT 1989-1990,লোহিত রক্তকণিকার উৎপত্তিস্থল নয়-,অস্থি মজ্জা,হৃদপিণ্ড,যকৃত,প্লীহা,B,"লোহিত রক্তকণিকার উৎপত্তিস্থল:
ভ্রূণীয় অবস্থায়: যকৃত, প্লীহা, থাইমাস
২০ বছর বয়স পর্যন্ত: অস্থির অস্থিমজ্জার হিমোসাইটোব্লাস্ট নামক কোষ
জীবনের বাকি সময়: হিউমেরাস, ফিমার, স্টার্নাম, কশেরুকা, পশুকা ইত্যাদি।"
503,DAT 1990-1991,লাল অস্থিমজ্জায় তৈরি হয়-,লোহিত রক্তকণিকা,শ্বেত রক্তকণিকা,অণুচক্রিকা,সবকটি,D,"লাল অস্থিমজ্জায় লোহিত রক্তকণিকা, শ্বেত রক্তকণিকা এবং অণুচক্রিকা তৈরি হয়।"
504,MAT 2013-2014,হৃদপিন্ডের ডান অলিন্দ ও ডান নিলয়ের সংযোগ স্থলের কপাটিকার নাম-,মাইট্রাল কপাটিক,ট্রাইকাসপিড কপাটিকা,পালামোনারী কপাটিকা,অ্যাওর্টিক কপাটিকা,B,"মানুষের হৃৎপিণ্ডের বিভিন্ন কপাটিকার অবস্থান:
ট্রাইকাসপিড কপাটিকা: ডান অলিন্দ ও ডান নিলয়ের সংযোগস্থলে
বাইকাসপিড বা মাইট্রাল কপাটিকা: বাম অলিন্দ ও বাম নিলয়ের সংযোগস্থলে
সেমিলুনার ভাল্ব: পালামোনারি কপাটিকা: ডান নিলয় ও পালমোনারি ধমনির সংযোগস্থলে
সেমিলুনার ভাল্ব: অ্যাওর্টিক কপাটিকা: বাম নিলয় ও অ্যাওর্টার সংযোগস্থলে
থিবেসিয়ান কপাটিকা: করোনারি সাইনাস ও ডান অলিন্দের সংযোগস্থলে
ইউস্টেশিয়ান কপাটিকা: ইনফেরিয়র ভেনাক্যাভা ও ডান অলিন্দের সংযোগস্থলে"
505,MAT 2013-2014,মাইট্রাল কপাটিকা নিম্নে উল্লেখিত কোথায় অবস্থিত?,এওর্টার ছিদ্রমুখে,বাম অলিন্দ-নিলয় ছিদ্রমুখে,ডান অলিন্দ-নিলয় ছিদ্রমুখে,ডান ও বাম নিলয়ের গোড়ায়,B,মাইট্রাল কপাটিকা বা বাইকাসপিড কপাটিকা বাম অলিন্দ ও বাম নিলয়ের সংযোগস্থলে অবস্থিত। এটি রক্ত প্রবাহের জন্য একটি গুরুত্বপূর্ণ কপাটিকা।
506,MAT 2009-2010,নিম্নের কোন শ্বেতকণিকার নিউক্লিয়াসটি দুই লোব বিশিষ্ট?,নিউট্রোফিল,ইউসিনোফিল,মনোসাইট,লিম্ফোসাইট,B,ইউসিনোফিল শ্বেত রক্তকণিকার নিউক্লিয়াসটি দুই লোব বিশিষ্ট। সাইটোপ্লাজমে বড় দানা থাকে এবং এটি সাধারণত অ্যালার্জি বা প্রদাহের প্রতিক্রিয়ায় সহায়তা করে।
507,MAT 2009-2010,নিলয়ের ডায়াস্টলের সময় নিম্নের কত সেকেন্ড?,0.1,0.3,0.5,0.7,C,"নিলয়ের ডায়াস্টল হল সেই সময়কাল, যখন হৃদপিণ্ডের নিলয় রক্তের জন্য প্রসারিত হয়। এই সময়কাল সাধারণত 0.5 সেকেন্ড হয়।"
508,MAT 2009-2010,নিম্নের কোনটি সঠিক নয়?,"কার্ডিয়াক চক্রের সময়কাল, হৃদপিন্ডের স্পন্দনের সমাণুপাতিক",কৈশিকজালক থেকে শিরার উৎপত্তি,লসিকা দেহের কিছু কিছু স্থানে রক্তের পরিবর্তে হিসাবে কাজ করে,শিরায় রক্তচাপ কম থাকে,C,"লসিকা কখনও রক্তের পরিবর্তে কাজ করে না। এটি কোষীয় তরল, যা টিস্যু থেকে অতিরিক্ত তরল এবং বর্জ্য পদার্থ নিয়ে শরীরের লসিক সিস্টেমে প্রবাহিত হয়।"
509,MAT 2008-2009,নিম্নের কোন তথ্যটি সঠিক নয়?,হৃদপিন্ডের বাম অলিন্দ থেকে পালমোনারী ধমনী উৎপন্ন হয়,পালমোনারী ধমনীর প্রবেশ মুখে একটা অর্ধচন্দ্রাকৃতি কপাটিকা থাকে,পালমোনারী শিরা ফুসফুস থেকে অক্সিজেনযুক্ত রক্ত নিয়ে হৃদপিন্ডে ফিরে আসে,মানুষের রক্তসংবহতন্ত্রে দ্বিচক্রীয় সংবহন দেখা যায়,A,"পালমোনারী ধমনী ডান নিলয় থেকে বের হয়, বাম অলিন্দ থেকে নয়। এটি রক্তকে ফুসফুসের দিকে পাঠায়, যেখানে রক্ত অক্সিজেন গ্রহণ করে।"
510,MAT 2008-2009,সিস্টোলিক এবং ডায়াস্টলিক প্রেসারের পার্থক্যকে বলা হয়-,পালস্ প্রেসার,মিল প্রেসার,বেসাল প্রেসার,পরিস্রাবণ প্রেসার,A,পালস প্রেসার হল সিস্টোলিক চাপ (যখন হৃদপিণ্ড সংকুচিত হয়) এবং ডায়াস্টোলিক চাপ (যখন হৃদপিণ্ড প্রসারিত হয়) এর মধ্যে পার্থক্য। এটি সাধারণত 40 মিমি পারদ হয়।
511,DAT 2009-2010,নিম্নের কোনটি হৃৎপিন্ডের সংবহন তন্ত্রের অংশ নহে?,পেস মেকার,মায়োকার্ডিয়াম,বান্ডেল অব হিজ,পারকিনজি তন্তু,B,"হৃৎপিন্ডের সংবহনতন্ত্রের অংশ হচ্ছে SAN, AVN, বান্ডেল অব হিজ, পারকিঞ্জি তন্তু। মায়োকার্ডিয়াম হৃৎপিন্ডের পেশীস্তর, যা সংবহনতন্ত্রের অংশ নয়।হৃৎপিন্ডের বিশেষ সংযোগী টিস্যুগুলোর মাধ্যমে বৈদ্যুতিক তরঙ্গ প্রবাহের অনুক্রমটি নিম্নরূপ:

SA node → AV node → বান্ডেল অব হিজ → পারকিঞ্জি তন্তু।"
512,DAT 2008-2009,নিম্ন প্রদত্ত কোন ধমনিটির উৎপত্তি এ্যাওর্টার বাঁক থেকে হয় না?,বাম সাধারণ ক্যারোটিকড,ইনোমিনেট,বামস বিক্রেভিয়ান,ডান সাধারণ ক্যারোটিড,D,"ডান সাধারণ ক্যারোটিডের উৎপত্তি ইনোমিনেট অ্যার্টারি থেকে হয়, যা এ্যাওর্টার বাঁক থেকে উৎপন্ন হয় না। ডান সাধারণ ক্যারোটিড এবং ডান সাবক্লেভিয়ান এর উৎপত্তি ইনোমিনেট যা ব্রাকিওসেফালিক অ্যার্টারি থেকে।
Aortic Arch এর শাখা:
Brachiocephalic trunk/Innominate artery
Left common carotid artery
Left subclavian artery"
513,DAT 2009-2010,নিম্নের কোনটি হৃদপিণ্ডকে বিভিন্ন প্রকোষ্ঠে বিভক্ত করে?,এপিকার্ডিয়াম,পেরিকার্ডিয়াম,এন্ডোকার্ডিয়াম,মায়োকার্ডিয়াম,B,পেরিকার্ডিয়াম হৃৎপিণ্ডের চারদিকে একটি পাতলা দ্বিস্তরী আবরণী হিসেবে থাকে যা হৃদপিণ্ডকে বিভিন্ন প্রকোষ্ঠে বিভক্ত করে। পেরিকার্ডিয়াম: হৃৎপিণ্ডের চারদিকে একটা পাতলা দ্বিস্তরী আবরণী হিসেবে থাকে।
514,MAT 2008-2009,সিলিয়াক ধমনী নিম্নের কোন অঙ্গে রক্ত সরবরাহ করে না?,পাকস্থলী,বৃক্ক,প্লীহা,যকৃত,B,"সিলিয়াক ধমনী পাকস্থলী, প্লীহা, এবং যকৃতকে রক্ত সরবরাহ করে, তবে বৃক্কে রক্ত সরবরাহ করে না। সিলিয়াক ধমনী ৩টি প্রধান শাখায় বিভক্ত:
বাম গ্যাস্ট্রিক ধমনী - এটা পাকস্থলীতে যায়।
স্পেনিক ধমনী - এটা প্লীহায় রক্ত সরবরাহ করে।
হিপাটিক ধমনী - এরা যকৃতে রক্ত পরিবহন করে।"
515,MAT 2005-2006,শিরার জন্য কোন তথ্যটি সঠিক নয়?,লুমেন বড়,সাধারণত কার্বনডাই অক্সাইড সমৃদ্ধ রক্ত দেহের বিভিন্ন অংশ থেকে হৃদপিন্ডে বহন করে নিয়ে আসে,শিরাপ্রাচীর তিন স্তরে গঠিত,প্রাচীর স্থিতিস্থাপক,D,শিরার প্রাচীর স্থিতিস্থাপক হয় না; শিরার প্রাচীর পাতলা ও অস্থিতিস্থাপক হয়।
516,DAT 2008-2009,মানব শিরাতন্ত্রে নিম্নের কোনটি অনুপস্থিত?,পোর্টাল,করোনারি,পালমোনারি,সিস্টেমিক,A,"পোর্টাল শিরা মানুষের শিরাতন্ত্রে অনুপস্থিত, এটি কিছু অন্যান্য স্তন্যপায়ী প্রাণীতে রয়েছে।"
517,DAT 2002-2003,ধমনীর ক্ষেত্রে নীচের কোনটির প্রযোজ্য?,উৎসস্থল কৈশিক জালিকা,সমাপ্তিস্থল হৃদপিন্ড,কপাটিকা আছে,রক্ত সাধারণত হৃৎপিন্ড থেকে দেহের বিভিন্ন অংশে পরিবাহিত হয়,D,ধমনীর রক্ত সাধারণত হৃৎপিন্ড থেকে দেহের বিভিন্ন অংশে পরিবাহিত হয়।
518,MAT 2012-2013,নিম্নের কোন তথ্যটি লসিকাতন্ত্র সম্পর্কে সত্য নয়?,প্রকৃতপক্ষে লসিকা এক ধরনের পরিবর্তিত কলারস,কলা থেকে কলারসের প্রায় ১০ শতাংশ লসিকা দ্বারা অপসৃত হয়,লসিকায় অনেক অণুচক্রিকা থাকে,লসিকাগ্রন্থি অ্যান্টিবডি তৈরি করে,B,"লসিকায় লোহিত রক্তকনিকা ও অনুচক্রিকা থাকে না। লসিকায় প্রধানত ২ ধরনের উপাদান দেখা যায়:
১. কোষ উপাদান: লিম্ফোসাইট এবং কিছু মনোসাইট। প্রতি কিউবিক মিলিমিটার লসিকায় ৫০০-৭৫০০০ লিম্ফোসাইট থাকতে পারে।
২. কোষবিহীন উপাদান: পানি, শর্করা, প্রোটিন, লিপিড, রেচন বর্জ্য।"
519,MAT 2005-2006,লসিকা সম্বন্ধে কোনটি সঠিক নয়?,লোহিত কণিকা থাকে না,লসিকা নালিতে চলাচল করে,লসিকা স্বচ্ছ,লসিকাতে অণুচক্রিকা আছে,D,"লসিকার বৈশিষ্ট্য:
পরিবর্তিত ঈষৎ ক্ষারধর্মী স্বচ্ছ কলারস, যা লসিকাগ্রন্থের ভিতরে থাকে।
এর বর্ণ হলুদ, পানি 94%, কঠিন 6%, শ্বেতকণিকা প্রচুর (500 - 75000 লিম্ফোসাইট), লোহিত কণিকা ও অণুচক্রিকা নেই, এনজাইম ও অ্যান্টিবডি থাকে।
আপেক্ষিক গুরুত্ব 1.01 – 1.016।"
520,MAT 2003-2004,লসিকার আপেক্ষিক গুরুত্ব কত?,১.০১২,১.০১৪,১.০১৩,১.০১৫,D,লসিকায় আপেক্ষিক গুরুত্ব ১.০১৫।
521,MAT 2008-2009,শ্বসনতন্ত্র সম্পর্কে নিচের কোন তথ্যটি সঠিক নয়?,ব্যাপন প্রক্রিয়ায় অক্সিজেন বায়ুথলি থেকে কৈশিক নালির রক্তে প্রবেশ করে।,ফুসফুসের কৈশিক নালিতে অক্সিজেন রক্তের হিমোগ্লোবিনের সঙ্গে বিক্রিয়া করে স্থায়ী যৌগ অক্সিহিমোগ্লোবিন তৈরি করে।,উপজিহ্বা শ্বাসনালিতে খাদ্যদ্রব্য প্রবেশে বাধা দান করে।,প্রশ্বাসের সময় ফুসফুস প্রসারিত হয়।,B,ফুসফুসের কৈশিক নালীতে অক্সিজেন রক্তের হিমোগ্লোবিনের সাথে বিক্রিয়া করে অস্থায়ী যৌগ অক্সিহিমোগ্লোবিন তৈরি করে।
522,MAT 2006-2007,স্বরতন্ত্রীর অবস্থান হচ্ছে-,গলবিল,ট্রাকিয়া বা শ্বাসনালি,নাসাগহ্বর,ল্যারিংক্স,D,"স্বরযন্ত্র বা ল্যারিংস:
এটি শ্বাসনালিতে উন্মুক্ত হয়।
এর দুপাশে ২টি করে পাতলা মাংসপেশি আছে, এরাই স্বরতন্ত্রী বা ভোকাল কর্ড (Vocal cord)।
এটি কয়েকটি তরুণাস্থি দ্বারা গঠিত। এদের মধ্যে থাইরয়েড তরুণাস্থি সবচেয়ে বড়।
স্বরযন্ত্রের উপরিভাগের জিহ্বাকৃতির ঢাকনাকে উপজিহ্বা বা এপিগ্লটিস (epiglottis) বলা হয়।"
523,MAT 2006-2007,ব্রঙ্কিয়াল নালীগুলোর কোনটি সঠিক পর্যায়ক্রম?,মুখ্য ব্রংকাই- ব্রঙ্কিওল- গৌণ ব্রঙ্কাই- শ্বসন ব্রঙ্কিওল- প্রান্তীয় ব্রঙ্কিওল- অ্যালভিওলার থলি- অ্যালভিওলার নালী- অ্যালভিওথলি,মুখ্য ব্রংকাই- ব্রঙ্কিওল- গৌণ ব্রঙ্কাই- শ্বসন ব্রঙ্কিওল- প্রান্তীয় ব্রঙ্কিওল- অ্যালভিওলার নালী- অ্যালভিওলার থলি- অ্যালভিওলি,মুখ্য ব্রংকাই- গৌণ ব্রঙ্কাই- ব্রঙ্কিওল- শ্বসন ব্রঙ্কিওল- প্রান্তীয় ব্রঙ্কিওল- অ্যালভিওরার নালী- অ্যালভিওলার থলি- অ্যালভিওলি,মুখ্য বঙ্কাই- গৌণ ব্রঙ্কাই- ব্রঙ্কিওল- প্রান্তীয় ব্রঙ্কিওল- শ্বসন ব্রঙ্কিওল- অ্যালভিওলার নালী- অ্যালভিওলার থলি- অ্যালভিওলি,B,শ্বসন বৃক্ষের পর্যায়ক্রম: ট্রাকিয়া → Primary (মুখ্য) ব্রঙ্কাস → Secondary (গৌণ) ব্রঙ্কাস → Tertiary (সেগমেন্টাল) ব্রঙ্কাস → ব্রঙ্কিওল → টার্মিনাল ব্রঙ্কিওল → শ্বসন ব্রঙ্কিওল → অ্যালভিওলার নালী → অ্যালভিওলার থলি → অ্যালভিওলি।
524,MAT 2006-2007,নিচের কোন উক্তিটি সত্য নয়?,আরশোলার ভ্রূনোত্তর রূপান্তরের দুই খোলস মোচনের অন্তর্বর্তী কালকে স্টেডিয়াম বলে,মেদকলা দেহের সুষম আকৃতি দানে সাহায্য করে,মানব দেহের ডান ফুসফুস দুই খন্ডবিশিষ্ট এবং বাম ফুসফুস তিন খন্ডবিশিষ্ট,হাইড্রার সিলোম সিলোমিক পাউচ থেকে উৎপত্তি লাভ করে,C,মানব দেহের ডান ফুসফুস তিনটি লোব এবং বাম ফুসফুস দুটি লোব নিয়ে গঠিত।
525,MAT 2006-2007,ফুসফুসের ক্ষেত্রে নিম্নের কোনটি সঠিক?,ডান ফুসফুসটি তিন খন্ডে বিভক্ত এবং বাম ফুসফুসটি দুই খন্ডে বিভক্ত,ডান ফুসফুসটি দুই খন্ডে বিভক্ত এবং বাম ফুসফুসটি তিনটি খন্ডে বিভক্ত,ডান ফুসফুসটি চারটি খন্ডে বিভক্ত এবং বাম ফুসফুসটি খন্ডে বিভক্ত,কোনটিই ঠিক নয়।,A,ডান ফুসফুস তিনটি লোব এবং বাম ফুসফুস দুটি লোব নিয়ে গঠিত।
526,MAT 1997-1998,সিলিয়াযুক্ত এপিথেলিয়াম কোথায় পাওয়া যায়?,মূত্রনালীতে,শ্বাসনালীতে,পাকস্থলীতে,ক্ষুদ্রান্তে,B,সিলিয়াযুক্ত এপিথেলিয়াম শ্বাসনালীতে পাওয়া যায়।
527,MAT 2009-2010,নিম্নের কোন তথ্যটি সঠিক নয়?,উপজিহ্বা খাদ্যদ্রব্য শ্বাসনালীতে প্রবেশে বাধা দান করে,প্রশ্বাসের সময় ফুসফুস প্রসারিত হয়,ব্যাপন প্রক্রিয়ায় অক্সিজেন বায়ুথলি থেকে কৈশিকনালীর রক্তে প্রবেশ করে,ফুসফুসের কৈশিক নালীতে অক্সিজেন রক্তের হিমোগ্লোবিনের সঙ্গে বিক্রিয়া করে স্থায়ী যৌগ অক্সিহিমোগ্লোবিন তৈরি করে,D,ফুসফুসের কৈশিক নালীতে অক্সিজেন রক্তের হিমোগ্লোবিনের সঙ্গে বিক্রিয়া করে অস্থায়ী যৌগ অক্সিহিমোগ্লোবিন তৈরি করে।
528,MAT 1991-1992,ব্রঙ্কিওল শেষ হয়-,বোম্যান্স ক্যাপসিউল,গ্রটিস,ইউস্টেশিয়ন নালী,অ্যালভিওলাইতে,D,ব্রঙ্কিওল শেষ হয় অ্যালভিওলাইতে।
529,MAT 2006-2007,কোনটি মানব দেহের শ্বসনের জন্য সঠিক নয়?,ফুসফুসের কৈশিক জালিকায় দেহ থেকে আগত রক্তে অক্সিজেনের চাপ থাকে 107 mm Hg,গ্লাইকোলাইসিসের জন্য প্রয়োজনীয় এনজাইমগুলো মাইটোকন্ড্রিয়ার বাইরে সাইটোসলের মধ্যে পাওয়া যায়,অন্তঃশ্বসন একটি জৈব রাসায়নিক প্রক্রিয়া,বহিঃশ্বসন প্রক্রিয়ায় শক্তি উৎপন্ন হয় না,A,"ফুসফুসের কৈশিক জালিকায় দেহ থেকে আগত রক্তে অক্সিজেনের চাপ থাকে 40 mm Hg, কিন্তু প্রশ্বাসের মাধ্যমে আগত বাতাসে অক্সিজেনের চাপ 107 mm Hg থাকে।"
530,MAT 2002-2003,পূর্ণ বয়স্ক সুস্থ মানুষের বিশ্রামকালে প্রতিমিনিটে শ্বসনের হার?,১৫-২০ বার,২০-২৪ বার,১৬-২০ বার,১৪-১৮ বার,C,"সাধারণভাবে, পূর্ণবয়স্ক সুস্থ মানুষের বিশ্রামকালে শ্বাসের হার ১৬-২০ বার প্রতি মিনিটে হয়।"
531,MAT 2002-2003,আজকাল অধিক হারে শ্বাস-কষ্ট রোগের জন্য কোনটি দায়ী?,SO₂,CO,NO₂,CaSO₃,B,"CO (কার্বন মনোক্সাইড) অধিক মাত্রায় রক্তে উপস্থিত হলে এটি অক্সিজেনের পরিবহণ ক্ষমতা কমিয়ে দেয়, যার ফলে শ্বাসকষ্টের সমস্যা হয়।"
532,MAT 2002-2003,ফুসফুসের ক্যান্সারের জন্য দায়ী-,SiO₂,CO₂,MnO₂,H₂S,A,"ফুসফুস ক্যান্সারের জন্য ধূমপান অন্যতম প্রধান কারণ, বিশেষত সিলিকা ও অন্যান্য ক্ষুদ্র কণার সাথে।"
533,MAT 2009-2010,নিম্নের কোনটি বৃক্কের কাজ নয়?,দেহ থেকে নাইট্রোজেন যুক্ত বর্জ্য পদার্থ অপসারণ করা,শ্বেত রক্তকণিকা তৈরিতে ভূমিকা রাখা,রক্তে অম্ল-ক্ষারের সমতা রক্ষা করা,দেহে পানির সমতা রক্ষা করা,B,বৃক্কের কাজের মধ্যে শ্বেত রক্তকণিকা তৈরিতে ভূমিকা থাকা অন্তর্ভুক্ত নয়। এটি লসিকা ও অন্যান্য শ্বেত রক্তকণিকা উৎপাদনের জন্য মজ্জায় হয়
534,MAT 2006-2007,মানুষের রেচনতন্ত্রের সাহায্যে দেহের প্রায় কত শতাংশ রেচিত হয়?,৭০,৮০,৯০,১০০,B,"মানুষের রেচনতন্ত্রের মাধ্যমে প্রায় ৮০% রেচন পদার্থ নিষ্কাশিত হয়। বাকী ২০% ফুসফুস, ত্বক এবং মলত্যাগের মাধ্যমে নিষ্কাশিত হয়।"
535,MAT 2006-2007,কোনটি মানবদেহের রেচন/রেচনতন্ত্র এর জন্য সঠিক নয়?,মূত্র দুইটি ধাপে সৃষ্টি হয়ঃ অতিপরিস্রাবণ ও সক্রিয় ক্ষরণ,নাইট্রোজেনজাত বর্জ্য পদার্থই হচ্ছে রেচন পদার্থ,মানুষের প্রত্যেক বৃক্কে ১০লক্ষ থেকে ১২লক্ষ নেফ্রন রয়েছে,সাধারণত মূত্রের pH কিছুটা আম্লিক,D,"মূত্রের pH সাধারণত সামান্য অম্লীয় হয়, তবে এটি কিছুটা পরিবর্তনশীল হতে পারে।"
536,MAT 2004-2005,বৃক্কের কাজ নয় কোনটি?,রক্তচাপ নিয়ন্ত্রন,দেহে পানির ভারসাম্য রক্ষা,রক্তে অম্লের পরিমান বৃদ্ধি করা,ভিটামিন ডি ও লোহিত কণিকা তৈরীতে অংশ নেয়া,C,"বৃক্কের কাজের মধ্যে অম্লের পরিমাণ নিয়ন্ত্রণ রয়েছে, তবে রক্তে অম্লের পরিমাণ বৃদ্ধি করা এর কাজ নয়।"
537,DAT 2009-2010,নিম্নের কোনটি বৃক্ক সম্পর্কে সঠিক নয়?,অসমোরেগুলেশনের প্রধান অঙ্গ হচ্ছে বৃক্ক,বৃক্কে অ্যামোনিয়া থেকে ইউরিয়া উৎপন্ন হয়,ADH এর প্রভাবে পানির পুনঃশোষণ বেশি হয়,সক্রিয় পরিবহণ পদ্ধতিতে গ্লুকোজ শোষিত হয়,A,"অসমোরেগুলেশন একটি প্রসেস, তবে এটি বৃক্কের একটি ভূমিকা নয়।"
538,DAT 2004-2005,রেচনতন্ত্রের নিচের কোনটি ইউরেটার নামক নালি গঠন করে?,ডাক্ট অব বেলিনি,সংগ্রাহক নালিকা,ডিস্টাল নালিকা,হেনলির লুপ,B,"ইউরেটার সংগ্রাহক নালিকা থেকে গঠিত হয়, যা মূত্রকে বৃক্ক থেকে মূত্রথলিতে পরিবহণ করে।"
539,MAT 2013-2014,লুপ অফ হেন্সি শরীরের নিম্নলিখিত কোন অঙ্গের অংশ?,যকৃত,বৃক্ক,প্লীহা,হৃৎপিন্ড,B,লুপ অফ হেন্সি বৃক্কের নেফ্রনের অংশ। এটি মূত্র গঠন প্রক্রিয়ার একটি গুরুত্বপূর্ণ উপাদান।
540,MAT 2012-2013,নিম্নের কোন তথ্যটি নেফ্রনের জন্য প্রযোজ্য হবে?,সরল প্রক্রিয়ায় দেহ থেকে নাইট্রোজেন বর্জ্য পৃথক করে,প্রত্যেক বৃক্কে 10 কোটি নেফ্রন থাকে,ভ্রুনীয় এক্টোডার্ম থেকে সৃষ্ট,ক্রনীয় মেসোডার্ম থেকে সৃষ্ট,D,নেফ্রন মেসোডার্ম থেকে সৃষ্ট।
541,MAT 2003-2004,প্রতিটি বৃক্কে নেফ্রন থাকে-,প্রায় ৮ থেকে ৯ লক্ষ,প্রায় ১২ থেকে ১৪ লক্ষ,প্রায় ১০ থেকে ১২ লক্ষ,প্রায় ১৩ থেকে ১৫ লক্ষ,C,প্রতিটি বৃক্কে প্রায় ১০ লক্ষ থেকে ১২ লক্ষ নেফ্রন থাকে।
542,MAT 2002-2003,কোন অংশটি রেনাল টিউব্যুল এর অংশ নয়?,গোড়াদেশীয় বা প্রক্সিমাল প্যাঁচানো নালিকা,প্রান্তীয় বা ডিস্টাল প্যাঁচানো নালিকা,হেনলি-র লুপ,অ্যাফারন্ট আর্টারিওল,D,অ্যাফারন্ট আর্টারিওল রেনাল টিউব্যুলের অংশ নয়। এটি নেফ্রনের রক্ত সরবরাহের অংশ।
543,MAT 1995-1996,নেফ্রন কোনটির একক-,বৃক্ক,যকৃত,শুক্রাশয়,অগ্নাশয়,A,নেফ্রন বৃক্কের গাঠনিক ও কার্যকরী একক।
544,MAT 1992-1993,গ্লোমেরুলাসের কাজ হল-,নিঃসরণ,পরিস্রাবণ,শোষণ,নিয়ন্ত্রণ,B,"গ্লোমেরুলাসের প্রধান কাজ হচ্ছে রক্তের আলট্রাফিলট্রেশন করা, যেখানে রক্ত থেকে বর্জ্য, পানি এবং অন্যান্য দ্রব্য পরিস্রাবণ হয়।"
545,MAT 1989-1990,বৃক্কে বিদ্যমান-,নেফ্রন,নিউরন,মূত্রথলি,ল্যাঙ্গারহ্যান্স এর দ্বীপপুঞ্জ,A,বৃক্কের গাঠনিক ও কার্যকরী একক হচ্ছে নেফ্রন।
546,DAT 2010-2011,প্রক্সিমাল প্যাঁচানো নালিকায় নিম্নের কোনটির সক্রিয় ক্ষরণ হয়?,ভিটামিন,ক্রিয়েটিনিন,অ্যামিনো এসিড,ক্লোরাইড আয়ন,B,প্রক্সিমাল প্যাঁচানো নালিকায় ক্রিয়েটিনিনসহ কিছু অবাঞ্চিত পদার্থ সক্রিয়ভাবে ক্ষরণ হয়।
547,MAT 2012-2013,মূত্রের উপাদান নয় কোনটি?,ক্রিয়েটিনিন,ইউরিক এসিড,বিলিরুবিন,ইউরোক্রোম,C,"মূত্রের প্রধান উপাদানগুলোর মধ্যে ক্রিয়েটিনিন, ইউরিক এসিড, এবং ইউরোক্রোম অন্তর্ভুক্ত থাকে, তবে বিলিরুবিন সাধারণত মূত্রে থাকে না।"
548,MAT 2010-2011,মানুষের গ্লোমেরুলাসে পরিদ্রুত মূত্র ADH এর প্রভাব ছাড়া নিম্নের (%) কতভাগ পুনঃশোষণ প্রক্রিয়ায় নেফ্রনের প্রক্সিমাল প্যাঁচানো নালিকায় শোষিত হয়?,20,40,60,80,C,"নেফ্রনের প্রক্সিমাল প্যাঁচানো নালিকায় প্রায় 60% পুনঃশোষণ ঘটে, বাকি 40% লুপ অব হেনলি, ডিস্টাল প্যাঁচানো নালিকা ও সংগ্রাহী নালিকায় শোষিত হয়।"
549,MAT 2005-2006,কোন ধাপটি মূত্র সৃষ্টির জন্য প্রয়োজন নয়?,সক্রিয় ক্ষরণ,নির্বাচনমূলক পুণঃশোষণ,শোষণ,অতিপরিস্রবণ,B,"মূত্র সৃষ্টির জন্য প্রয়োজনীয় তিনটি ধাপ হলো: অতিপরিস্রবণ, শোষণ এবং সক্রিয় ক্ষরণ, নির্বাচনমূলক পুণঃশোষণ এতে অন্তর্ভুক্ত নয়।"
550,MAT 2003-2004,কোন রঞ্জক পদার্থের জন্য মূত্র তার স্বাভাবিক খড় রং প্রাপ্ত হয়?,ক্রিয়েটিনিন,ইউরিক অ্যাসিড,ইউরোক্রোম,বিলিরুবিন,C,ইউরোক্রোম এর প্রভাবে মূত্রের স্বাভাবিক খড় রঙ পাওয়া যায়।
551,MAT 2008-2009,মূত্র তৈরি হয় কোথায়?,যকৃত,প্লীহা,বৃক্ক,মূত্রথলি,C,মূত্র বৃক্কে তৈরি হয় এবং এটি পরবর্তী সময়ে মূত্রথলিতে জমা হয়।
552,MAT 2013-2014,স্ফেনয়েড অস্থি কঙ্কালের কোন অংশে থাকে?,করোটিকা,মুখমন্ডল,পেক্টোরাল গার্ডল,মেরদন্ড,A,"স্ফেনয়েড অস্থি করোটিক অস্থির অংশ, যা মুখমন্ডল ও পেক্টোরাল গার্ডলের অংশ নয়।"
553,MAT 2006-2007,কোনটি মানবদেহের টার্সাল অস্থির অন্তর্ভূক্ত নয়?,ক্যালকেনিয়াস,কুনিফর্ম,ট্রাপেজিয়াম,কিউবয়েড,C,"টার্সাল অস্থির মধ্যে ক্যালকেনিয়াস, কুনিফর্ম, এবং কিউবয়েড অন্তর্ভুক্ত, কিন্তু ট্রাপেজিয়াম হস্তের কার্পাল অস্থির অংশ।"
554,MAT 2007-2008,নিম্নলিখিত কয়টি অস্থি নিয়ে মানব করোটি গঠিত?,31,21,27,29,D,মানব করোটির অস্থির সংখ্যা 29।
555,MAT 2006-2007,মানুষের গ্রীবাদেশীয় কশেরুকার নিম্নের কোনটির নাম অ্যাক্সিস?,প্রথম,দ্বিতীয়,ষষ্ঠ,সপ্তম,B,"মানুষের গ্রীবাদেশীয় কশেরুকার দ্বিতীয় কশেরুকা, যা অ্যাক্সিস নামে পরিচিত।"
556,MAT 2004-2005,নিম্নের কোনটি মানুষের মুখমন্ডলীর অস্থি?,প্যারাইটাল,স্ফেনয়েড,ভোমার,এথময়েড,C,"ভোমার একটি মুখমণ্ডলীয় অস্থি। মুখমণ্ডলীয় অস্থি হলো ম্যাক্সিলা, ম্যান্ডিবল, জাইগোম্যাটিক, ন্যাসাল, ল্যাক্রিমাল, ভোমার, প্যালেটাইন ও ইনফিরিয়র ন্যাসাল কঙ্কা।"
557,MAT 2002-2003,করোটিকার অস্থি নয় কোনটি?,ফ্রন্টাল অস্থি,প্যারাইটাল অস্থি,হাইঅয়েড অস্থি,এথময়েড অস্থি,C,"হাইঅয়েড অস্থি করোটিকার অস্থি নয়। করোটিকার অস্থি হলো ফ্রন্টাল, প্যারাইটাল, টেমপোরাল, অক্সিপিটাল, স্ফেনয়েড ও এথময়েড।"
558,MAT 1989-1990,গ্লেনয়েড গহ্বর কোথায় থাকে?,অগ্রপদে,পশ্চাৎপদে,শ্রোণীচক্রে,আদর্শ কশেরুকায়,A,"গ্লেনয়েড গহ্বর স্ক্যাপুলায় (কাঁধের ফলা) অবস্থিত, যা বাহু অস্থির (হিউমেরাস) সঙ্গে যুক্ত হয়।"
559,MAT 1990-1991,হিউমেরাস কোন অস্থিটিকে বলা হয়?,অগ্রপদের অস্থি,হাতের অস্থি,বাহুর অস্থি,পায়ের অস্থি,C,হিউমেরাস হচ্ছে বাহুর অস্থি। এটি ঊর্ধ্ব বাহুর একক বৃহৎ অস্থি।
560,MAT 1989-1990,ফিমার কোন অস্থিটিকে বলা হয়?,বাহুর অস্থি,হাতের অস্থি,উরুর অস্থি,পায়ের অস্থি,C,ফিমার হচ্ছে উরুর অস্থি এবং মানবদেহের সবচেয়ে দীর্ঘ অস্থি।
561,DAT 2000-2001,উপরের চোয়াল যে ধরনের অস্থি?,খাটো বা ক্ষুদ্র অস্থি,অনিয়ত অস্থি,চাপা অস্থি,বায়ুপূর্ণ অস্থি,D,উপরের চোয়াল ম্যাক্সিলা অস্থি দ্বারা গঠিত যা বায়ুপূর্ণ অস্থির (Pneumatic bone) অন্তর্ভুক্ত।
562,DAT 1996-1997,কোনটি মানবদেহের করোটির অস্থি?,ভোমার,টেমপোরাল,টিবিয়া ও ফিবুলা,ইশ্চিয়াম,B,টেমপোরাল অস্থি করোটির অস্থি। করোটিকার অস্থির মধ্যে টেমপোরাল অন্যতম।
563,DAT 1987-1988,মুখমণ্ডলীয় অস্থির সংখ্যা নিচের কোনটি?,8,12,14,16,C,মুখমণ্ডলীয় অস্থির সংখ্যা হলো ১৪টি।
564,MAT 2011-2012,নিম্নের কোনটিতে তরুণাস্থি নাই?,বহিঃকর্ণের পিনা,নাকের অন্তস্থিত বিভক্তি দেয়াল,স্বরথলি,মুত্রথলি,D,"মূত্রথলিতে অনৈচ্ছিক পেশী থাকে, তবে তরুণাস্থি থাকে না।"
565,MAT 2010-2011,গোড়ালার পেশা নিম্নের কোনটি?,ডিজিটোরাম লঙ্গাস,গ্যাস্ট্রকনেমিয়াস,এক্সটেনসর ডিজিটোরাম,কোয়াড্রিসেপস্,B,গোড়ালার প্রধান পেশি হলো গ্যাস্ট্রকনেমিয়াস পেশি।
566,MAT 2009-2010,নিম্নের কোন তথ্যটি সঠিক?,দশম পর্ষকাকে ভাসমান পর্ষকা বলে,টেন্ডন পেশীকে অস্থির সঙ্গে সংযুক্ত রাখে,HCI নিষ্ক্রিয় আন্ত্রিক পেপসিনোজেনকে সক্রিয় পেপসিনে পরিণত করে,মানুষের ক্ষেত্রে মেলাটোনিন সক্রিয় থাকে,B,টেনডন পেশীকে অস্থির সাথে সংযুক্ত রাখে।
567,MAT 2009-2010,নিম্নে উল্লেখিত কোন অঙ্গে স্থিতিস্থাপক তরুণাস্থি থাকে?,বহিঃকর্ণ,শ্বাসনালী,হিউমেরাস,স্বরযন্ত্র,A,বহিঃকর্ণে স্থিতিস্থাপক (elastic) তরুণাস্থি থাকে।
568,MAT 2007-2008,সিমফাইসিস নিম্নের কোন অস্থি সন্ধি?,কন্ডাইলয়েড,অন্তময়,তরুণাস্থিময়,সাইনোভিয়াল,C,"সিমফাইসিস হলো তরুণাস্থিময় (cartilaginous) অস্থি সন্ধি, যেমন শ্রোণীদেশে।"
569,MAT 2006-2007,ম্যাট্রিক্সের গঠনের উপর ভিত্তি করে যেটি তরুণাস্থির প্রকারভেদে পড়বে না-,ক্যালসিফাইড,স্পঞ্জি,স্বচ্ছ,স্থিতিস্থাপক,B,"স্পঞ্জি তরুণাস্থির প্রকার নয়; তরুণাস্থির প্রকার হচ্ছে স্বচ্ছ, স্থিতিস্থাপক ও ক্যালসিফাইড।"
570,MAT 2004-2005,মানবদেহের সাইনোভিয়াল অস্থিসন্ধি নয় কোনটি?,কন্ডাইলয়েড,স্যাডল,হিঞ্জ,সিমফাইসিস,D,"সিমফাইসিস তরুণাস্থিময় সন্ধি, সাইনোভিয়াল সন্ধি নয়।"
571,MAT 2009-2010,চলনের সময় পায়ের কোন পেশি সংকোচন এর ফলে গোড়ালির অস্থিটিতে চাপ পড়ে ফলে গোড়ালি মাটি থেকে উত্থিত হয়?,ট্রাপিজিয়াস,সোলিয়াস,রেকটাস,গ্লুটিয়াস,B,চলার সময় সোলিয়াস পেশীর সংকোচনে গোড়ালি মাটি থেকে উত্থিত হয়।
572,MAT 2009-2010,নিম্নের কোন অস্থিতে মজ্জা গহ্বর নাই?,ইশ্চিয়াম,স্টার্নাম,কারপাল,ক্ল্যাভিকল,D,"ক্ল্যাভিকল অস্থিতে মজ্জা গহ্বর থাকে না, এটি পরিবর্তিত দীর্ঘ অস্থি।"
573,MAT 2004-2005,দাঁত ও চোয়াল কোটরের মধ্যস্থিত সন্ধি নিম্নের কোনটি?,গমফোসিস,সিনডেসমোসিস,সমতল,উপবৃত্তাকার,A,দাঁত ও চোয়ালের মধ্যে থাকা সন্ধিকে গমফোসিস (Gomphosis) বলা হয়।
574,MAT 2008-2009,ঐচ্ছিক পেশী পাওয়া যায়-,হৃদপিন্ডের প্রাচীরে,বৃক্কের প্রাচীরে,পৌষ্টিক নালীর,কঙ্কালতন্ত্রের গায়ে,D,ঐচ্ছিক পেশী (skeletal muscle) কঙ্কালতন্ত্রের গায়ে অবস্থান করে এবং ইচ্ছানুযায়ী নিয়ন্ত্রিত হয়।
575,MAT 2008-2009,নিম্নের কোনটিতে ঐচ্ছিক পেশী থাকে না?,চোখ,জিহ্বা,জরায়ু,হাত,C,"ঐচ্ছিক পেশী আমাদের ইচ্ছাধীনভাবে নিয়ন্ত্রিত হয়। যেমন: চোখ, জিহ্বা, হাতের পেশী ইত্যাদি। কিন্তু জরায়ুতে অনৈচ্ছিক পেশী বিদ্যমান, যা স্বয়ংক্রিয়ভাবে কাজ করে।"
576,MAT 2007-2008,নিম্নের কোন তথ্যটি সঠিক নয়?,তরুণাস্থির ম্যাট্রিক্সে কন্ড্রিন থাকে,যোজক কলা মেসোডার্ম নামক ভ্রূণস্তর থেকে উৎপন্ন হয়,ফাইব্রোব্লাস্ট শ্বেততন্ত্র উৎপাদনে সহায়তা করে,হৃদপেশী ঐচ্ছিক পেশী,D,হৃদপেশীর গঠন ঐচ্ছিক পেশীর মতো হলেও এর কাজ অনৈচ্ছিক পেশীর মতো। তাই একে আলাদা ধরনের পেশী ধরা হয় এবং এটি অনৈচ্ছিক প্রকৃতির।
577,MAT 2003-2004,নিম্নের কোনটি হৃদপেশীর বৈশিষ্ট্য নয়?,পেশী তন্ত্র শাখান্বিত,নিউক্লিয়াস একাধিক এবং একপাশে থাকে,ডোরা বিশিষ্ট,প্রকৃতি অনৈচ্ছিক,B,হৃদপেশীতে সাধারণত একটি নিউক্লিয়াস কেন্দ্রে অবস্থান করে। এটি শাখান্বিত ও ডোরা বিশিষ্ট হয় এবং অনৈচ্ছিকভাবে কাজ করে।
578,DAT 2008-2009,নিম্নের কোন তথ্যটি সঠিক?,ফ্যাগোসাইটোসিস প্রক্রিয়ায় জীবাণু ধ্বংস করে না,হৃদপেশি এক ধরনের অনৈচ্ছিক পেশি,একটিন ও মায়োসিন নামক লিপিড দ্বারা মায়োফাইব্রিল গঠিত,মায়োলিনযুক্ত নিউরনের এক্সনে র ্যানভিয়ার পর্ব থাকে না,B,হৃদপেশী গঠনে ঐচ্ছিক পেশীর বৈশিষ্ট্য থাকলেও কাজের দিক থেকে এটি অনৈচ্ছিক। তাই একে অনৈচ্ছিক পেশী বলা হয়।
579,DAT 2001-2002,হিউমেরাসের বাইসিপেটাল গ্রুভে যে পেশিটির প্রান্তীয় অবস্থান রয়েছে-,বাইসেপস,ট্রাইসেপস,ডেলটয়েড,পেকটোরালিস মেজর,A,বাইসেপস পেশীর প্রান্তীয় অবস্থান হলো হিউমেরাসের বাইসিপেটাল গ্রুভ। এটি স্ক্যাপুলার কোরাকয়েড প্রসেস থেকে শুরু হয়।
580,MAT 2012-2013,যেটি স্নায়ুতন্ত্রের সঙ্গে সম্পর্কিত নয়-,রেটিনা,এপিনেফ্রিন,মেলানিন,গ্লাইসিন,C,"মেলানিন একটি বর্ণদ্রব্য, যা ত্বক, চোখের আইরিস ইত্যাদিতে রঙ প্রদান করে। এটি সরাসরি স্নায়ুতন্ত্রের সাথে সংশ্লিষ্ট নয়।"
581,DAT 2010-2011,কোন এনজাইম স্নায়ু উদ্দীপনা পরিবহনে গুরুত্বপূর্ণ ভূমিকা পালন করে?,অ্যাসিটাইলকোলিন এস্টারেজ,মেটালোপ্রোটিন কাইনেজ,ক্ষারীয় ফসফাটেজ,লাইসোজাইম,A,"অ্যাসিটাইলকোলিন এস্টারেজ এনজাইম স্নায়ু উদ্দীপনার অবসান ঘটাতে গুরুত্বপূর্ণ ভূমিকা রাখে, যা স্নায়ুতন্ত্রের সঠিক কার্যকারিতার জন্য অপরিহার্য।"
582,MAT 2011-2012,নিম্নের কোনটি দেহের ভারসাম্য রক্ষায় ভূমিকা রাখে না?,অন্তকর্ণ,সেরিবেলাম,হাইপোথ্যালামাস,ভেস্টিবুলার স্নায়ু,C,"হাইপোথ্যালামাস দেহতাপ, ক্ষুধা ইত্যাদি নিয়ন্ত্রণ করে, কিন্তু দেহের ভারসাম্য রক্ষায় সরাসরি ভূমিকা রাখে না। অন্তকর্ণ, সেরিবেলাম ও ভেস্টিবুলার স্নায়ু ভারসাম্য নিয়ন্ত্রণে গুরুত্বপূর্ণ।"
583,MAT 2007-2008,নিম্নের কোন করোটিক স্নায়ু চোয়ালের সঞ্চালনে সাহায্য করে?,ট্রাইজেমিনাল,ফেসিয়াল,হাইপোগ্লোসাল,গ্লাসোফ্যারিঞ্জিয়াল,A,ট্রাইজেমিনাল স্নায়ুর ম্যাক্সিলারি ও ম্যান্ডিবুলার শাখা উর্ধ্ব ও নিম্ন চোয়ালের সঞ্চালন নিয়ন্ত্রণ করে।
584,MAT 2006-2007,নিম্নের কোন স্নায়ু ঘ্রাণের সঙ্গে জড়িত?,অলফ্যাক্টরি,গ্লসোফ্যারিঞ্জিয়াল,হাইপোগ্লোসাল,অডিটরি,A,অলফ্যাক্টরি স্নায়ু ঘ্রাণ অনুভূতি গ্রহণ করে এবং তা মস্তিষ্কে পৌঁছে দেয়। এটি সরাসরি ঘ্রাণের সাথে জড়িত প্রথম করোটিক স্নায়ু।
585,MAT 2006-2007,নিম্নের কোনটি সঠিক নয়?,ভেস্টিবুলার স্নায়ু মানুষকে শ্রবণে সাহায্য করে,অনালী গ্রন্থির রস রক্ত দ্বারা পরিবাহিত হয়,গ্লুকোকটিকয়েড হরমোন অ্যাডরেনাল কর্টেক্স থেকে নিঃসৃত হয়,রেডিয়াস এবং আলনার সন্ধি একটি সাইনোভিয়াল সন্ধি,A,"ভেস্টিবুলার স্নায়ু মানুষের শ্রবণের জন্য নয়, বরং দেহের ভারসাম্য রক্ষার কাজে নিয়োজিত। মানুষের শ্রবণ প্রক্রিয়ায় অডিটরি স্নায়ু ভূমিকা রাখে।"
586,MAT 2005-2006,নিম্নের কোনটি সঠিক নয়?,অডিটরি স্নায়ু চেষ্টীয় ভারসাম্য নিয়ন্ত্রনের,কনজাংটিভা চোখকে ধুলাবলি থেকে রক্ষা করে,কর্ণিয়া ও আইরিসের মধ্যবর্তী সম্মুখ প্রকোষ্ঠ অ্যাকুয়াস হিউমারে পূর্ণ থাকে,করোটিক স্নায়ু ১২ জোড়া,A,"অডিটরি স্নায়ু শ্রবণের জন্য কাজ করে, ভারসাম্য নিয়ন্ত্রণের সাথে সংশ্লিষ্ট নয়। ভারসাম্য রক্ষার জন্য ভেস্টিবুলার স্নায়ু দায়িত্বশীল।"
587,MAT 2005-2006,কোন তথ্যটি ফেসিয়াল স্নায়ুর জন্য সঠিক নয়?,কাজ: লালাক্ষরণ ও অশ্রুক্ষরণে সহায়তা করে,উৎস: মেডুলা অবলঙ্গাটা,"বিস্তার: মুখমন্ডল, কর্ণপটহ্ ও নিম্ন চোয়াল",প্রকৃতি: চেষ্টীয়,B,"ফেসিয়াল স্নায়ুর উৎস হলো পনস ও মেডুলার সংযোগস্থলের পার্শ্বদেশ, শুধুমাত্র মেডুলা অবলঙ্গাটা নয়। এটি মুখমণ্ডলের পেশি ও গ্রন্থির কার্যক্রমে নিয়োজিত।"
588,MAT 2005-2006,ফেসিয়াল স্নায়ুর কাজ কোনটি?,আস্বাদন,মুখের অভিব্যক্তি,গ্রীবাপেশি সঞ্চালন,সবগুলো,D,"ফেসিয়াল স্নায়ু আস্বাদন, মুখের অভিব্যক্তি প্রকাশ এবং গ্রীবাপেশির সঞ্চালনসহ একাধিক কাজের জন্য দায়ী।"
589,DAT 2009-2010,নিম্নের কোন তথ্যটি হাইপোগ্লোসাল স্নায়ুর জন্য সঠিক নয়?,উৎস : মেডুলা অবলঙ্গাটার অঙ্কীয় দেশ,বিস্তার: জিহ্বা,প্রকৃতি: সংবেদী,কাজ: জিহ্বার সঞ্চালন,C,"হাইপোগ্লোসাল স্নায়ু মোটর প্রকৃতির, সংবেদী নয়। এটি জিহ্বা ও গলার পেশি নিয়ন্ত্রণ করে এবং জিহ্বার চলাচল নিয়ন্ত্রণে সহায়তা করে।"
590,DAT 2008-2009,নিম্নের কোনটি দশম করোটিক স্নায়ু?,গ্লসোফ্যারিঞ্জিয়াল,হাইপোগ্লোসাল,ট্রাইজেমিনাল,ভেগাস,D,"ভেগাস স্নায়ু হলো দশম করোটিক স্নায়ু। গ্লসোফ্যারিঞ্জিয়াল নবম, ট্রাইজেমিনাল পঞ্চম এবং হাইপোগ্লোসাল দ্বাদশ করোটিক স্নায়ু।"
591,MAT 2010-2011,মল-মূত্র ত্যাগ নিয়ন্ত্রণ করে মস্তিষ্কের নিম্নের কোন অংশ?,মেডুলা অবলঙ্গাটা,পন্,থ্যালামাস,হাইপোথ্যালামাস,A,"মেডুলা অবলঙ্গাটা মলত্যাগ, মূত্রত্যাগ, হৃদস্পন্দন, শ্বাসনালী ও অন্যান্য স্বয়ংক্রিয় কাজ নিয়ন্ত্রণ করে। এটি সুষুম্নাকাণ্ড ও মস্তিষ্কের মধ্যে যোগসূত্র হিসেবেও কাজ করে।"
592,MAT 2009-2010,মস্তিষ্ক সম্পর্কে নিম্নের কোন তথ্যটি সঠিক?,হৃদস্পন্দন নিয়ন্ত্রণ কেন্দ্র সেরিবেলামে থাকে,পরিপাক নিয়ন্ত্রণ কেন্দ্র মেডুলা অবলংগাটায় থাকে,স্মৃতিশক্তি নিয়ন্ত্রণ কেন্দ্র হাইপোথ্যালামাসে থাকে,চলনে সমন্বয় সাধন করে থ্যালামাস,B,"পরিপাকসহ হৃদস্পন্দন, শ্বাস ইত্যাদির নিয়ন্ত্রণ কেন্দ্র মেডুলা অবলংগাটায় অবস্থিত। সেরিবেলাম চলনে সমন্বয় সাধন করে এবং স্মৃতিশক্তির নিয়ন্ত্রণ কেন্দ্র সেরেব্রামে থাকে।"
593,MAT 2007-2008,নিম্নের কোনটি সেরেব্রোস্পাইনাল ফ্লুইডের কাজ নয়?,শরীরের ব্লাড প্রেসার নিয়ন্ত্রণ করা,কেন্দ্রীয় স্নায়ুতন্ত্রের নিউরনের পুষ্টি পদার্থ সরবরাহ করা,সংক্রমণ থেকে রক্ষা করা,শ্বসনিক গ্যাসের বিনিময় ঘটানো,D,"সেরেব্রোস্পাইনাল ফ্লুইড নিউরনকে পুষ্টি সরবরাহ করে, সংক্রমণ থেকে রক্ষা করে এবং মস্তিষ্ক ও সুষুম্নাকাণ্ডের জন্য গঠনগত সহায়তা প্রদান করে, তবে শ্বসনিক গ্যাসের (O₂-CO₂) বিনিময় করে না।"
594,MAT 2007-2008,নিম্নের কোনটি অগ্রমস্তিস্কের অংশ নয়?,সেরেব্রাম,সেরেবেলাম,থ্যালামাস,হাইপোথ্যালামাস,B,"অগ্রমস্তিষ্কের অংশ তিনটি — সেরেব্রাম, থ্যালামাস এবং হাইপোথ্যালামাস। সেরেবেলাম মধ্যমস্তিষ্কের নিচে অবস্থিত এবং এটি অগ্রমস্তিষ্কের অংশ নয়।"
595,MAT 2006-2007,"আবেগ, উদ্বেগ প্রভৃতির প্রধান কেন্দ্র হিসেবে কাজ করে-",কর্পাস স্ট্রায়েটাম,থ্যালামাস,হাইপোথ্যালামাস,সেরেব্রাম,C,"হাইপোথ্যালামাস স্বয়ংক্রিয় স্নায়ুকেন্দ্র হিসেবে কাজ করে, দেহতাপ নিয়ন্ত্রণ করে এবং আবেগ, উদ্বেগ, রাগ ইত্যাদির প্রধান কেন্দ্র হিসেবে কাজ করে।"
596,MAT 2004-2005,হাইপোথ্যালামাসের কাজ কোনটি?,দেহে তাপ নিয়ন্ত্রণ করে,ঐচ্ছিক চলাফেরাকে নিয়ন্ত্রণ করে,দেহের ভারসাম্য রক্ষা করে,চলাফেরার দিক নির্ধারণ করে,A,হাইপোথ্যালামাস দেহের তাপমাত্রা নিয়ন্ত্রণ করে। অন্যদিকে ঐচ্ছিক চলাফেরা এবং দেহের ভারসাম্য নিয়ন্ত্রণ করে সেরেবেলাম।
597,MAT 2002-2003,নিম্নের কোনটি সেরেবেলামের কাজ নয়?,ঐচ্ছিক চলাফেরাকে নিয়ন্ত্রণ করে,ঐচ্ছিক পেশীর টান নিয়ন্ত্রণ করে,চলাফেরার দিক নির্ধারণ করে,স্বাভাবিক শ্বাসক্রিয়ার হারকে নিয়ন্ত্রণ করে,D,"স্বাভাবিক শ্বাসক্রিয়ার হার পন্স (Pons) নিয়ন্ত্রণ করে, সেরেবেলাম নয়।"
598,MAT 2007-2008,নিম্নের কোনটি চোখের কোরয়েড-এর অংশ নয়?,রেটিনা,আইরিশ,পিউপিল,সিলিয়ারী বডি,A,"কোরয়েডের অংশ চারটি — সিলিয়ারী বডি, সাসপেন্সরি লিগামেন্ট, আইরিশ এবং পিউপিল। রেটিনা কোরয়েডের অংশ নয়।"
599,MAT 2007-2008,নিম্নে উল্লেখিত চোখের কোন অংশে বস্তুর প্রতিবিম্ব সৃষ্ট হয়?,লেন্স,কর্ণিয়া,পিউপিল,রেটিনা,D,"রেটিনাই চোখের একমাত্র আলোক সংবেদী অংশ, যেখানে বস্তুর প্রতিবিম্ব গঠিত হয়।"
600,MAT 2006-2007,কোন উক্তিটি সত্য নয়?,তরুণাস্থিতে অবস্থিত ল্যাকুনাগুলো তরলে পূর্ণ থাকে,রেটিনার 'রড' কোষগুলি উজ্জ্বল আলোকে সংবেদী,হাইড্রার নেমাটোসিস্টর মধ্যে স্টিনোটিল বৃহত্তম,অলিন্দের ডায়াসেটাল এবং নিলয়ের সিস্টোল এর সময় ট্রাইকাসপিড ও বাইকাসপিড কপাটিকা বন্ধ থাকে,B,রড কোষগুলি মৃদু আলোতে সংবেদনশীল; উজ্জ্বল আলোতে নয়। রড মানে রাত।
601,MAT 2006-2007,কোনটি অক্ষিপেশী নয়?,এক্সটার্নাল অবলিক,এক্সটার্নাল রেক্টাস,সুপিরিয়ার সেক্টাস,সুপিরিয়ার অবলিক,C,"সুপিরিয়ার রেক্টাস একটি অক্ষিপেশী, তবে ""সুপিরিয়ার সেক্টাস"" নামে কোনো পেশী নেই।"
602,DAT 2003-2004,নিম্নের কোনটি দৃষ্টির ত্রুটি নয়?,চালশে,অ্যামিনিয়া,দূরদৃষ্টি,ক্ষীণদৃষ্টি,B,"চালশে — বার্ধক্যজনিত চোখের ত্রুটি।
দূরদৃষ্টি — নিকটবর্তী বস্তু স্পষ্ট দেখতে পারে না।
ক্ষীণদৃষ্টি — দূরের বস্তু স্পষ্ট দেখতে পারে না।
অ্যামিনিয়া কোনো দৃষ্টির ত্রুটি নয়।"
603,MAT 2001-2002,হার্ডেরিয়ান গ্রন্থির অবস্থান যেখানে-,ক্ষুদ্রান্ত,চক্ষু,অ্যাড্রেনাল,অগ্ন্যাশয়,B,হার্ডেরিয়ান গ্রন্থি চোখের সাথে যুক্ত থাকে। এটি চোখের অশ্রুগ্রন্থি এবং চোখের আদ্রতা বজায় রাখতে সাহায্য করে।
604,MAT 2000-2001,যেটি সত্য নয়-,রেটিনার কোণ কোষগুলিতে ভিটামিন 'এ' এবং রডোপসিন নামক লালচে বেগুনী বর্ণের আমিষ জাতীয় রঞ্জক পদার্থ বিদ্যমান,অন্ধ বিন্দু অপটিক ডিস্ক নামক বৃত্তাকার অঞ্চলে অবস্থিত,ভিট্রিয়াস হিউমার লেন্স ও রেটিনার মধ্যবর্তী প্রকোষ্ঠে অবস্থান করে,ম্যাকুলা লুটিয়ার মধ্যস্থলে সবচেয়ে স্পষ্ট প্রতিবিম্ব গঠিত হয় এবং এই বিন্দুকে পীত বিন্দু বলে,A,"রড কোষগুলিতে ভিটামিন 'এ' এবং রডোপসিন থাকে, কোণ কোষে নয়। কোণ কোষে আয়োডপসিন থাকে।"
605,MAT 1991-1992,মানুষের চোখের ভিতরে আলোর পরিমাণ নিয়ন্ত্রণ করে-,চক্ষুলেন্স,অক্ষিপট,চক্ষুস্নায়ু,চক্ষুমণিকা বা তারারন্ধ্র,D,চোখের তারারন্ধ্র বা পিউপিল আলোর পরিমাণ নিয়ন্ত্রণ করে। পিউপিল সংকুচিত বা সম্প্রসারিত হয়ে আলো প্রবেশের মাত্রা ঠিক করে।
606,MAT 1990-1991,কোনটি সত্য?,কর্নিয়া প্রতিসরণশীল বলে আলোক রশ্মি প্রবেশে অনুমতি দেয়,লেন্স আলোকরশ্মিকে রেটিনার সুনির্দিষ্ট অংশে প্রতিফলিত করে না,স্ক্লেরা আলোকরশ্মিকে গ্রহণ করে মস্তিষ্কে প্রেরণ করে,আইরিস আলোক নিয়ন্ত্রণে কোনো কাজ করে না,A,"কর্ণিয়া একটি স্বচ্ছ ও প্রতিসারক মাধ্যম, যা আলোকে চোখের ভিতরে প্রবেশে সহায়তা করে।"
607,MAT 1988-1989,রডোপসিন চোখের কোন অংশে পাওয়া যায়?,রেটিনা,কোরয়েড,একোয়াস হিউমার,কোনোটিই নয়,A,রডোপসিন রেটিনার রড কোষে পাওয়া যায়। এটি আলোক সংবেদনশীল রঞ্জক পদার্থ এবং অন্ধকারে দৃষ্টির জন্য গুরুত্বপূর্ণ।
608,MAT 1988-1989,চোখের কনজাংক্টিভা সিক্ত রাখে-,ল্যাক্রিমাল গ্রন্থি,হার্ডেরিয়ান গ্রন্থি,সিবেসিয়াস গ্রন্থি,মিউকাস গ্রন্থি,A,"ল্যাক্রিমাল গ্রন্থি লাইসোজাইম ক্ষরণ করে কনজাংকটিভাকে নরম, সিক্ত, জীবাণুমুক্ত রাখে এবং চোখের স্বাস্থ্যে গুরুত্বপূর্ণ ভূমিকা রাখে।"
609,DAT 2008-2009,নিম্নের কোনটি চোখের কোরয়েডের অংশ?,রেটিনা,আইরিশ,পিউপিল,সিলিয়ারি বডি,B,"কোরয়েডের অংশ হলো সিলিয়ারী বডি, সাসপেন্সরি লিগামেন্ট, আইরিশ এবং পিউপিল। রেটিনা কোরয়েডের অংশ নয়।"
610,MAT 2007-2008,নিম্নের কোনটি শরীরের ভারসাম্য রক্ষা করে?,ইনকাস,অর্গান অব কর্টি,ভেস্টিবুলার যন্ত্র,ককলিয়া,C,ভেস্টিবুলার যন্ত্র (অর্ধবৃত্তাকার নালি এবং ইউট্রিকুলাস-স্যাকুলাস) শরীরের ভারসাম্য রক্ষা করে।
611,MAT 2005-2006,কোনটি মানুষের কানের ক্যুপুলার কাজ?,ভারসম্য নিয়ন্ত্রণ,শব্দ তরঙ্গ প্রেরণ করা,বায়ুচাপের সমতা রক্ষা করা,ভারসাম্য রক্ষা করা,D,অর্ধবৃত্তাকার নালীর অ্যাম্পুলায় অবস্থিত ক্যুপুলা ভারসাম্য রক্ষায় সহায়তা করে।
612,MAT 2000-2001,কর্ণাস্থি স্টেপিস অন্তঃকর্ণ ও মধ্যকর্ণের মধ্যবর্তী প্রাচীরে যে পর্দার সঙ্গে যুক্ত থাকে সেটি হল-,অম্বো,কর্ণপটহ,ফেনেস্ট্রা ওভালিস,ফেনেস্ট্রা রোটান্ডা,C,"স্টেপিস অস্থিটি ফেনেস্ট্রা ওভালিস নামক পর্দার সঙ্গে যুক্ত থাকে, যার মাধ্যমে শব্দ তরঙ্গ অন্তঃকর্ণে প্রবেশ করে।"
613,MAT 1992-1993,কোন অঙ্গটির অবস্থান সম্পর্কবোধ সৃষ্টি করে?,ভেসিকল,অর্ধবৃত্তাকার নালি,ককলিয়া,ওভাল জানালা,B,"অর্ধবৃত্তাকার নালিগুলো অন্তঃকর্ণের অংশ, যা অবস্থান সংবেদন এবং ভারসাম্য নিয়ন্ত্রণে গুরুত্বপূর্ণ ভূমিকা রাখে।"
614,MAT 1990-1991,কর্ণপটহের ভিতরে ও বাইরে বায়ুর চাপের সমতা রক্ষা করে-,মালপিজিয়ান নালি,স্টেপিস,ইউস্টেশিয়ান নালি,কোনোটিই নয়,C,ইউস্টেশিয়ান নালি হলো মধ্যকর্ণ ও গলবিলের সংযোগকারী নালি। এটি টিমপেনিক পর্দার উভয় পাশে বায়ুচাপের সমতা বজায় রাখে। ফলে শ্রবণ সক্ষমতা ঠিক থাকে।
615,MAT 1989-1990,অর্গান অব কর্টি কোথায় থাকে?,অন্তঃকর্ণে,পেরিলিম্ফে,ককলিয়াতে,কোনোটিই নয়,C,অর্গান অব কর্টি অন্তঃকর্ণের ককলিয়ার বেসিলার ঝিল্লির উপর অবস্থিত এবং এটি অডিটরি স্নায়ুর সাথে যুক্ত থাকে। এটি শব্দ তরঙ্গ গ্রহণ করে শ্রবণ অনুভূতি সৃষ্টি করে।
616,MAT 1989-1990,শ্রবণ ছাড়াও কর্ণের অন্যতম কাজ-,দেহকে সতেজ রাখা,দেহের কার্যক্ষমতা বাড়ানো,দেহের ভারসাম্য রক্ষা করা,কোনোটিই নয়,C,কর্ণের দুটি প্রধান কাজ হলো- শ্রবণ এবং দেহের ভারসাম্য রক্ষা করা। অন্তঃকর্ণের অর্ধবৃত্তাকার নালির মাধ্যমে ভারসাম্য রক্ষা করা হয়।
617,MAT 1988-1989,কোন অস্থিটি মধ্যকর্ণে নেই?,ম্যালিয়াস,ইনকাস,অ্যাটলাস,স্টেপিস,C,"মধ্যকর্ণে তিনটি ক্ষুদ্র অস্থি থাকে: ম্যালিয়াস, ইনকাস ও স্টেপিস। অ্যাটলাস হলো প্রথম সার্ভাইক্যাল কশেরুকা, যা মাথার খুলি বহন করে।"
618,DAT 2009-2010,নিম্নের কোনটি বহিঃকর্ণে থাকে?,ককলিয়া,স্টেপিস,পিনা,ইনকাস,C,"বহিঃকর্ণের অংশ হলো পিনা, কর্ণকুহর ও কর্ণপটহ। পিনা হলো বাহ্যিক কর্ণপত্র, যা শব্দ সংগ্রহ করে।"
619,MAT 2011-2012,পিটুইটারী গ্রন্থি সম্পর্কে কোন তথ্যটি সঠিক নয়?,এটি হাইপোথ্যালামাসের সঙ্গে যুক্ত,এটি তিন দিক থেকে অস্থি দ্বারা আবৃত,এটি থেকে স্টেরয়েড হরমোন নিঃসৃত হয়,এটি মূলতঃ ২ ভাগে বিভক্ত,C,"পিটুইটারী গ্রন্থির নিঃসৃত হরমোনসমূহ সাধারণত প্রোটিন ধর্মী। স্টেরয়েড হরমোন নিঃসৃত হয় অ্যাড্রেনাল কর্টেক্স, টেস্টিস ও ডিম্বাশয় থেকে।"
620,MAT 2010-2011,নিম্নের কোন হরমোন আয়নের সমতা রক্ষার কাজ করে?,অ্যালডোস্টেরন,প্রোজেস্টেরন,গ্যাস্ট্রিন,থাইরক্সিন,A,অ্যাড্রেনাল কর্টেক্স থেকে ক্ষরিত অ্যালডোস্টেরন সোডিয়াম ও পটাশিয়াম আয়নের সমতা রক্ষা করে এবং পানির পরিমাণ নিয়ন্ত্রণ করে।
621,MAT 2009-2010,নিম্নের কোনটি হৃদপিন্ডের সংকোচনের শক্তিকে বাড়ায়?,ইনসুলিন,ভেগাস,এডরেনালিন,প্যারাথরমোন,C,এডরেনালিনকে আপদকালীন হরমোন বলা হয়। এটি হৃদস্পন্দন বৃদ্ধি করে ও হৃদপিণ্ডের সংকোচনের শক্তি বাড়ায়।
622,MAT 2009-2010,পোস্টেরিয়র পিটুইটারী থেকে নিম্নের কোন হরমোন নিঃসরণ হয়?,লিউটিনাইজিং হরমোন,অক্সিটোসিন,সোমাটোট্রপিন,ক্যালসিটোনিন,B,হাইপোথ্যালামাস থেকে উৎপন্ন অক্সিটোসিন ও ADH (অ্যান্টি-ডায়ুরেটিক হরমোন) পোস্টেরিয়র পিটুইটারিতে জমা থাকে এবং সেখান থেকে নিঃসৃত হয়।
623,MAT 2008-2009,নিম্নের কোন হরমোন থাইরয়েড গ্রন্থি থেকে নিঃসৃত হয় না?,থাইমোক্রাইসিন,থাইরক্সিন,ক্যালসিটোনিন,ট্রাই-আয়োডা-থাইরোনিন,A,"থাইমোক্রাইসিন থাইমাস গ্রন্থি থেকে নিঃসৃত হয়। থাইরয়েড গ্রন্থি থেকে নিঃসৃত হয় থাইরক্সিন, ক্যালসিটোনিন ও ট্রাই-আয়োডোথাইরোনিন।"
624,MAT 2008-2009,নিম্নে উল্লেখিত কোনটি থেকে টেস্টোস্টেরণ হরমোন নিঃসৃত হয়?,শুক্রাণু মাতৃকোষ,সারটলি কোষ,ইন্টারস্টিশিয়াল কোষ,প্রোস্টেট গ্রন্থি,C,পুরুষদের টেস্টিসের ইন্টারস্টিশিয়াল কোষ (লেডিগ কোষ) থেকে টেস্টোস্টেরন হরমোন নিঃসৃত হয়। এটি পুরুষত্বের বৈশিষ্ট্য উন্নত করে।
625,MAT 2004-2005,ইনসুলিন নিঃসৃত হয় কোনটি থেকে?,থাইমাস গ্রন্থি,পিনিয়াল গ্রন্থি,অ্যাড্রোনাল/সুপ্রারেনাল গ্রন্থি,অগ্ন্যাশয় গ্রন্থির আইলেটস অব ল্যাঙ্গারহ্যান্স,D,"ইনসুলিন নিঃসৃত হয় অগ্ন্যাশয়ের আইলেটস অব ল্যাঙ্গারহ্যান্স থেকে।
থাইমাস গ্রন্থি → থাইমোসিন হরমোন নিঃসরণ করে।
পিনিয়াল গ্রন্থি → মেলাটোনিন নিঃসরণ করে।
অ্যাড্রেনাল গ্রন্থি → কর্টেক্স থেকে গ্লুকোকর্টিকয়েড, মিনারেলোকর্টিকয়েড এবং যৌন হরমোন, মেডুলা থেকে এপিনেফ্রিন, নর-এপিনেফ্রিন ও ডোপামিন নিঃসৃত হয়।"
626,MAT 2004-2005,হরমোনের বৈশিষ্ট্য নয় কোনটি?,হরমোন অনালী গ্রন্থি থেকে নিঃসৃত হয়,হরমোন রক্তের মাধ্যমে পরিবাহিত হয়,হরমোন প্রধানত এক প্রকার শর্করা জাতীয় পদার্থ,হরমোন কার্যের পর এক প্রকার নষ্ট হয়ে যায়,C,"অধিকাংশ হরমোন প্রোটিন, পেপটাইড, স্টেরয়েড বা অ্যামিনো এসিডজাতীয় হলেও, শর্করা জাতীয় (কার্বোহাইড্রেট) হয় না।"
627,MAT 1999-2000,যে গ্রন্থিটি ক্যালসিয়াম বিপাকে সাহায্য করে-,পিটুইটারি,অগ্ন্যাশয়,অ্যাড্রেনাল,প্যারাথাইরয়েড,D,প্যারাথাইরয়েড গ্রন্থি ক্যালসিয়াম ও ফসফরাসের বিপাক নিয়ন্ত্রণ করে।
628,MAT 1997-1998,পিটুইটারী গ্রন্থির পশ্চাৎবর্তী অংশ হতে কোন হরমোনটি নিঃসৃত হয়?,থাইরক্সিন,অ্যাড্রোনোকার্টিকোট্রপিন হরমোন,ভ্যাসোপ্রেসিন,সিক্রেটিন,C,পশ্চাৎ পিটুইটারী গ্রন্থি থেকে ভ্যাসোপ্রেসিন (ADH) ও অক্সিটোসিন হরমোন নিঃসৃত হয়।
629,MAT 1990-1991,নালিবিহীন গ্রন্থি কোনটি?,প্যারোটিড,যকৃত,প্যারাথাইরয়েড,টনসিল,C,প্যারাথাইরয়েড একটি অন্তঃক্ষরা বা নালিবিহীন গ্রন্থি।
630,MAT 1990-1991,প্যারাথাইরয়েড গ্রন্থি থেকে নিঃসৃত হরমোন-,Parathyroid hormone,Parathormone,Parathyrin,সবগুলো,D,"প্যারাথাইরয়েড গ্রন্থি থেকে নিঃসৃত হরমোনের তিনটি নামই প্রচলিত: Parathyroid hormone (PTH), Parathormone, এবং Parathyrin।"
631,MAT 1988-1989,কোনটি অন্তঃক্ষরা গ্রন্থি নয়?,যকৃত,পিটুইটারি,অন্ডকোষ,থাইরয়েড,A,"যকৃত একটি বহিঃক্ষরা গ্রন্থি, অন্তঃক্ষরা নয়। পিটুইটারি, অন্ডকোষ ও থাইরয়েড অন্তঃক্ষরা গ্রন্থি।"
632,MAT 1988-1989,মানবদেহের সর্ববৃহৎ গ্রন্থি কোনটি?,বৃক্ক,অগ্ন্যাশয়,যকৃত,পাকস্থলী,C,যকৃত মানবদেহের সর্ববৃহৎ গ্রন্থি এবং ত্বক মানবদেহের সর্ববৃহৎ অঙ্গ।
633,MAT 2012-2013,নিম্নের কোনটি পুরুষ প্রজননতন্ত্রের অন্তর্ভূক্ত নয়?,সেমিনাল ভেসিকল,প্রস্টেট গ্রন্থি,বার্থোলিন গ্রন্থি,কাওপার এর গ্রন্থি,C,"বার্থোলিন গ্রন্থি স্ত্রী প্রজননতন্ত্রের অন্তর্ভুক্ত। সেমিনাল ভেসিকল, প্রস্টেট গ্রন্থি এবং কাওপার এর গ্রন্থি পুরুষ প্রজননতন্ত্রের অংশ।"
634,MAT 2010-2011,মানুষের শুক্রানু প্রতি সেকেন্ডে কত মিলিমিটার পথ অতিক্রম করতে পারে?,১-৮,১-৪,৫-৮,৮-১২,B,মানুষের শুক্রানু প্রতি সেকেন্ডে ১-৪ মিলিমিটার পথ অতিক্রম করতে পারে। শুক্রাণুর আয়ুষ্কাল প্রক্ষেপণের পর ১-৩ দিন পর্যন্ত।
635,MAT 2009-2010,নিম্নের কোন তথ্যটি সঠিক নয়?,শুক্রাশয়ের সারটলি কোষ টেস্টোস্টেরন নামক গুরুত্বপূর্ণ যৌন হরমোন নিঃসরণ করে,এপিডিডাইমিস শুক্রাণুর চলন শক্তির বৃদ্ধি করে,প্রস্টেট গ্রন্থি থেকে অ্যালক্যালাইন ফসফেটেজ নামক একরকম ক্ষারকীয় রস নিঃসরণ হয়,সেমিনাল রস প্রধানত শুক্রাণুর পুষ্টি জোগায়,A,"শুক্রাশয়ের ইন্টারস্টিশিয়াল কোষ থেকে টেস্টোস্টেরন নিঃসৃত হয়, সারটলি কোষ নয়। সারটলি কোষ এস্ট্রোজেন উৎপন্ন করে।"
636,MAT 2003-2004,স্ক্রোটামের অভ্যন্তরীণ তাপমাত্রা দেহ গহ্বর থেকে কত কম বা বেশী?,২ সেন্টিগ্রেড বেশী,২ সেন্টিগ্রেড কম,৩ সেন্টিগ্রেড বেশী,৩ সেন্টিগ্রেড কম,D,শুক্রানু তৈরির জন্য উপযোগী পরিবেশ নিশ্চিত করতে স্ক্রোটামের অভ্যন্তরীণ তাপমাত্রা দেহ গহ্বরের তুলনায় প্রায় ৩°C কম থাকে। এর ফলে শুক্রাণুর উৎপাদন এবং সংরক্ষণে সহায়তা করে।
637,MAT 2011-2012,কোনটি উওজেনেসিসে ঘটে না?,উওজেনেসিসে মাধ্যমে উৎপন্ন ডিম্বাণুর সংখ্যা অনেক কম,এ প্রক্রিয়ায় স্ত্রী গ্যামিট বা ডিম্বাণু উৎপন্ন হয়,একটি জনন মাতৃকোষ থেকে একটি সক্রিয় ডিম্বাণু ও তিনটি নিষেকে ভূমিকাহীন পোলার বডি সৃষ্টি হয়,"উৎপন্ন ডিম্বাণু ছোট, সক্রিয় ও চলাচলে সক্ষম",D,"উওজেনেসিসে উৎপন্ন ডিম্বাণু সাধারণত বড়, সক্রিয় এবং চলাচল অক্ষম। ডিম্বাণু নিজের থেকে চলাচল করতে পারে না; শুক্রাণু তার দিকে অগ্রসর হয়।"
638,MAT 2009-2010,নিম্নের কোনটি সঠিক?,আমিষ জাতীয় খাদ্য বিপাকের ফলে নাইট্রোজেনযুক্ত বর্জ্য পদার্থ সৃষ্টি হয়,ডিম্বাশয় থেকে কোরিওনিক গোনাডোট্রপিন নিঃসৃত হয়,অ্যামাইনো এসিড আমিষের গঠনমূলক একক,চোখের অগ্র প্রকোষ্ঠ অ্যাকুয়াস হিউমার দিয়ে পূর্ণ থাকে,A,"আমিষের বিপাকের ফলে ইউরিয়া, অ্যামোনিয়া ইত্যাদি নাইট্রোজেনযুক্ত বর্জ্য উৎপন্ন হয়। ডিম্বাশয় থেকে নয়, বরং প্লাসেন্টা থেকে কোরিওনিক গোনাডোট্রপিন হরমোন নিঃসৃত হয়।"
639,MAT 2008-2009,নিম্নের কোন তথ্যটি সঠিক নয়?,ইস্ট্রোজেন এবং প্রজেস্টেরণ গুরুত্বপূর্ণ নারী যৌন হরমোন,ইস্ট্রোজেনের প্রভাবে মেয়েদের নারীসুলভ লক্ষণ বিকশিত হয়,করপাস লুটিয়াম থেকে লুটিনাইজিং হরমোন নিঃসৃত হয়,ডিম্বাশয়ের সবচেয়ে পরিপক্ক ফলিকলটিকে গ্রাফিয়ান ফলিকল বলে,C,করপাস লুটিয়াম থেকে লুটিনাইজিং হরমোন নিঃসৃত হয় না। এটি নিঃসৃত হয় পিটুইটারি গ্রন্থি থেকে। করপাস লুটিয়াম থেকে প্রজেস্টেরণ নিঃসৃত হয়।
640,MAT 2004-2005,সাধারণত রজঃচক্র কতদিন স্থায়ী হয়?,৩-৪,৮-১০,২-৩,৪-৫,D,"রজঃচক্র সাধারণত ২৮ দিন ব্যাপী হলেও, মাসিকের স্থায়িত্বকাল ৪-৫ দিন হয় এবং এতে ৩০-৪০ মিলি রক্ত নিঃসরণ ঘটে।"
641,MAT 2003-2004,যেটি গর্ভাবস্থায় অমরার কাজ নয়-,লুটিনাইজিং হরমোন নিঃসৃতকরণ,প্রোজেস্টেরন হরমোন নিঃসৃতকরণ,রিলাক্সিন হরমোন নিঃসৃতকরণ,মাতা ও ভ্রুণের মধ্যে পদার্থের আদান-প্রদান,A,"লুটিনাইজিং হরমোন (LH) অগ্র পিটুইটারী গ্রন্থি থেকে নিঃসৃত হয়, অমরা (প্লাসেন্টা) থেকে নয়। অমরা প্রোজেস্টেরন, রিলাক্সিন ও অন্যান্য হরমোন নিঃসরণ করে এবং মাতা-ভ্রূণের মধ্যে পুষ্টি ও বর্জ্য পদার্থের আদান-প্রদান ঘটায়।"
642,MAT 1990-1991,স্ত্রীলিঙ্গের কোন অংশে ভ্রূণ বর্ধিত হয়?,ডিম্বাণু,ডিম্বনালি,গর্ভাশয়,ডিম্বাশয়,C,গর্ভাশয় বা ইউটেরাস হলো সেই অঙ্গ যেখানে নিষিক্ত ডিম্বাণু গর্ভধারণের পরে বসে যায় এবং ভ্রূণ হিসাবে বিকশিত হয়।
643,MAT 1990-1991,ডিম্বাণুতে কতটি ক্রোমোসোম থাকে?,এক জোড়া,একটি,তেইশ জোড়া,তেইশটি,D,"মানুষের ডিম্বাণুতে মোট ২৩টি ক্রোমোসোম থাকে, যেগুলো নিষেকের সময় শুক্রাণুর ২৩টি ক্রোমোসোমের সাথে মিলিত হয়ে ৪৬টি পূর্ণাঙ্গ ক্রোমোসোমের জাইগোট গঠন করে।"
644,DAT 2010-2011,মানুষের জরায়ু গর্ভাবস্থায় কত গুণ বৃদ্ধি পায়?,৩০,২০,৪০,১০,B,"গর্ভাবস্থায় জরায়ু প্রায় ২০ গুণ পর্যন্ত বৃদ্ধি পায়, যা ভ্রূণের বৃদ্ধির জন্য প্রয়োজনীয় স্থান প্রদান করে।"
645,DAT 2010-2011,ফিলোপিয়ান টিউব কোথায় থাকে?,বৃহদন্ত্রে,ক্ষুদ্রান্তে,স্ত্রী প্রজননতন্ত্রে,পায়ে,C,"ফিলোপিয়ান টিউব বা ডিম্বনালি স্ত্রী প্রজননতন্ত্রের অংশ, যেখানে ডিম্বাণু নিষিক্ত হয় এবং তারপর জরায়ুতে স্থানান্তরিত হয়।"
646,DAT 2010-2011,জরায়ুর প্রাচীর কয়টি স্তরে বিভক্ত?,১টি,২টি,৪টি,৩টি,D,"জরায়ুর প্রাচীর তিনটি স্তরে বিভক্ত — বহিঃস্থ পেরিমেট্রিয়াম, মধ্যস্থ মায়োমেট্রিয়াম এবং অন্তঃস্থ এন্ডোমেট্রিয়াম।"
647,,ডিম্বাশয় কোন পেরিটোনিয়াম পর্দা দ্বারা আবৃত?,মেসোরকিয়াম,করপাস লুটিয়াম,মেসোভেরিয়াম,সার্ভিক্স,C,"ডিম্বাশয় মেসোভেরিয়াম নামক পেরিটোনিয়াম পর্দা দ্বারা আবৃত থাকে, যা এর সাথে রক্তনালী ও নার্ভের সংযোগ সাধন করে।"
648,DAT 2000-2001,নিচের কোনটি স্ত্রী প্রজননতন্ত্রের অংশ নয়?,ডিম্বাশয়,হাইমেন,কাওপার-এর গ্রন্থি,ক্লাইটোরিস,C,"কাওপার-এর গ্রন্থি পুরুষ প্রজননতন্ত্রের একটি অংশ। ডিম্বাশয়, হাইমেন এবং ক্লাইটোরিস সবই নারী প্রজননতন্ত্রের অন্তর্ভুক্ত।"
649,DAT 1994-1995,ফেলোপিয়ান নালির যে অংশ জরায়ু প্রাচীরের কাছে থাকে-,ইসথমাস,অ্যাম্পুলা,ফিমব্রি,কোনোটিই নয়,A,"ফেলোপিয়ান নালির যে অংশ জরায়ু প্রাচীরের কাছে থাকে তা হলো ইসথমাস। ডিম্বাশয় সংলগ্ন প্রান্তটি অসংখ্য আঙুলের মতো প্রবর্ধনযুক্ত হয়ে ফিমব্রিতে পরিণত হয়, এরপর ফানেলাকার অংশ ইনফান্ডিবুলাম, তারপরে স্ফীত অংশ অ্যাম্পুলা এবং শেষে ইসথমাস জরায়ুর দিকে থাকে।"
650,DAT 1994-1995,যোনি প্রাচীরের ভাঁজকে বলা হয়-,রুগী,হাইমেন,ফিমব্রি,সারভিক্স,A,"যোনি প্রাচীরের ভাঁজগুলোকে রুগী বলা হয়। এটি যোনির দৈর্ঘ্য বৃদ্ধি করতে সহায়তা করে। সারভিক্স হলো জরায়ুর নিচের অংশ, ফিমব্রি হলো ফেলোপিয়ান নালির ডিম্বাশয় সংলগ্ন প্রান্ত এবং হাইমেন হলো যোনির প্রবেশমুখের একটি পাতলা মিউকাস ঝিল্লি।"
651,DAT 1992-1993,নারীর বয়ঃপ্রাপ্তিতে কোন হরমোনের ভূমিকা নেই?,গ্রোথ হরমোন,অ্যান্ড্রোস্টেরণ,এস্ট্রোজেন,ভ্যাসোপ্রেসিন,D,"ভ্যাসোপ্রেসিন হলো জল ও লবণের ভারসাম্য রক্ষাকারী হরমোন, যা বয়ঃপ্রাপ্তির সাথে সরাসরি জড়িত নয়। এস্ট্রোজেন এবং গ্রোথ হরমোন বয়ঃপ্রাপ্তির জন্য প্রয়োজনীয়, আর অ্যান্ড্রোস্টেরণ সাধারণত পুরুষের গৌণ যৌন বৈশিষ্ট্য বিকাশে ভূমিকা রাখে।"
652,MAT 2008-2009,নিম্নলিখিত কোনটি মেসোডার্ম থেকে গঠিত হয় না?,স্নায়ুতন্ত্র,রক্তবহনতন্ত্র,কংকালতন্ত্র,প্রজননতন্ত্র,A,"স্নায়ুতন্ত্র এক্টোডার্ম থেকে গঠিত হয়, মেসোডার্ম থেকে গঠিত হয় রক্তবহনতন্ত্র, কংকালতন্ত্র এবং অধিকাংশ প্রজননতন্ত্র।"
653,MAT 2007-2008,নিম্নের কোনটি ভ্রূণের এক্টোডার্ম থেকে তৈরি?,শ্বসনতন্ত্র,কঙ্কালতন্ত্র,রক্ত সংবহন তন্ত্র,স্নায়ুতন্ত্র,D,"এক্টোডার্ম থেকে তৈরি হয় স্নায়ুতন্ত্র, ত্বকের উপরিভাগ, চোখের কিছু অংশ ও অন্তঃকর্ণ। অপরদিকে শ্বসনতন্ত্র এন্ডোডার্ম থেকে তৈরি হয়।"
654,MAT 2005-2006,কোনটি অ্যালানটয়েসের কাজ নয়?,অঙ্গ প্রত্যঙ্গের সুষ্ঠু বিকাশে সাহায্য করে,অ্যালানটো-কোরিওন প্লাসেন্টা গঠনে সক্রিয় অংশগ্রহণ করে,ভ্রূণের শ্বসনে সাহায্য করে,ভ্রূণের রেচনে সাহায্য করে,A,"অঙ্গ-প্রত্যঙ্গের সুষ্ঠু বিকাশ অ্যামিনিওনের কাজ। অ্যালানটয়েস ভ্রূণের রেচন, শ্বাসন এবং অ্যালানটো-কোরিওন প্লাসেন্টা গঠনে অংশগ্রহণ করে।"
655,MAT 2005-2006,উওজেনেসিসে মোট পোলারবডি তৈরী হয়-,১,২,৩,৮,C,উওজেনেসিস প্রক্রিয়ায় একটি প্রাথমিক উওসাইট থেকে একটি বৃহৎ উওটিড ও তিনটি ছোট পোলার বডি সৃষ্টি হয়। তিনটি পোলার বডি সাধারণত পরবর্তীতে বিনষ্ট হয়।
656,MAT 2005-2006,নিচের কোনটি গ্যামিটোজেনেসিসের জন্য সঠিক নয়?,শুক্রাণু-নিউক্লিয়াসের সম্মুখ প্রান্তে গলগি বডি থেকে অ্যাক্রোসোম সৃষ্টি হয়,ব্যাঙের সাইটোপ্লাজমসহ ডিম্বাণু নিউক্লিয়াসটি কুসুম থেকে পৃথক হয়ে ডিম্বাণুর নিম্নপ্রান্ত জুড়ে থাকে,স্পার্মাটোজেনেসিসে হ্যাপ্লয়েড ক্রোমোসোম সেটের DNA অপরিবর্তিত থাকে,প্রত্যেকটি উওগোনিয়াম ডিপ্লয়েড (2n) সংখ্যক ক্রোমোসোম বহন করে,B,ব্যাঙের ডিম্বাণুতে নিউক্লিয়াস ও সাইটোপ্লাজম পৃথক হয় না। বাকি অপশনগুলো গ্যামিটোজেনেসিসের বৈশিষ্ট্য সঠিকভাবে ব্যাখ্যা করে।
657,MAT 2005-2006,কোনটি উওজেনেসিসের জন্য প্রযোজ্য নয়?,নিউক্লিয়াস ও সাইটোপ্লাজম একই সাথে পূর্ণতাপ্রাপ্ত হয়,মুখ্যঝিল্লি সৃষ্টি করে,পূর্ণতা প্রাপ্তির শেষ পর্যায় ডিম্বাশয়ের ভিতরে সম্পন্ন হয়,অ্যানিমেল ও ভেজিটাল মেরুর সৃষ্টি হয়,C,"ডিম্বাণুর পূর্ণতা প্রাপ্তির শেষ ধাপ সাধারণত নিষেকের সময় সম্পন্ন হয়, ডিম্বাশয়ের ভেতরে নয়।"
658,MAT 2005-2006,ট্রফোব্লাস্ট থেকে ভিলাই বেরোতে থাকে-,তৃতীয় সপ্তাহে,চতুর্থ সপ্তাহের শেষ দিকে,দ্বিতীয় সপ্তাহের শেষ দিকে,দ্বিতীয় সপ্তাহের প্রথম দিকে,C,নিষেকের পর ৬ষ্ঠ-৯ম দিনের মধ্যে ট্রফোব্লাস্ট কোষ জরায়ুর এন্ডোমেট্রিয়ামের সাথে সংযোগ স্থাপন করে এবং দ্বিতীয় সপ্তাহের শেষ দিকে ভিলাই গঠন শুরু করে।
659,MAT 2005-2006,স্নায়ুতন্ত্র গঠিত হয়-,এক্টোডার্ম থেকে,মেসোডার্ম থেকে,এন্ডোডার্ম থেকে,এক্টোডার্ম ও মেসোডার্ম থেকে,A,স্নায়ুতন্ত্র গঠিত হয় একমাত্র এক্টোডার্ম থেকে। মেসোডার্ম বা এন্ডোডার্ম স্নায়ুতন্ত্র গঠনে অংশগ্রহণ করে না।
660,MAT 2001-2002,কোনটি উওজেনেসিসের ক্ষেত্রে প্রযোজ্য নয়?,একটি উওগোনিয়াম থেকে চারটি কার্যক্ষম ডিম্বাণু সৃষ্টি হয়,পরিণত ডিম্বাণু সঙ্গে সঙ্গেই নিষিক্ত হওয়ায় ক্ষমতাপ্রাপ্ত হয়,জার্মিনাল এপিথেলিয়াম থেকে বিচ্ছিন্ন প্রিমোর্ডিয়াল জননকোষগুলো ডিম্বাণু সৃষ্টি করে,পরিণত ডিম্বাণুর চারদিকে কয়েকটি আবরণ দেখা যায়,A,একটি উওগোনিয়াম থেকে কেবল একটি কার্যক্ষম ডিম্বাণু এবং তিনটি পোলার বডি তৈরি হয়। চারটি কার্যক্ষম ডিম্বাণু সৃষ্টি হয় না।
661,DAT 2004-2005,যকৃত ও অগ্ন্যাশয় সৃষ্টি হয় কোনটি থেকে?,এন্ডোডার্ম,মেসোডার্ম,এক্টোডার্ম,এপিডার্ম,A,"এন্ডোডার্ম থেকে গঠিত হয়:
পৌষ্টিক নালীর অন্তঃস্তর।
পাকস্থলী ও অন্ত্রের গ্রন্থিসমূহ।
শ্বসনতন্ত্র, থাইরয়েড ও থাইমাস গ্রন্থি, যকৃত ও অগ্ন্যাশয়।
মধ্যকর্ণের আবরণ (কখনও কখনও)।
রেচন-জননতন্ত্রের কিছু অংশ (কখনও কখনও)।"
662,DAT 2004-2005,কোনটি মেসোডার্ম থেকে তৈরি হয়?,কঙ্কালতন্ত্র,শ্বসনতন্ত্র,মুখ গহ্বর,ত্বকীয় গ্রন্থি,A,"মেসোডার্ম থেকে গঠিত হয়:
অধিকাংশ পেশী, মেদকলা ও অন্যান্য যোজক কলা।
ডার্মিস, আঁইশ, দাঁতের ডেন্টিন।
কঙ্কালতন্ত্র, রক্ত সংবহনতন্ত্র ও লসিকাতন্ত্র।
রেচন-জননতন্ত্রের অধিকাংশ অংশ।
পৌষ্টিক নালীর বহিঃস্তর।"
663,DAT 2000- 2001,ব্লাস্টোসিস্ট মানুষের জরায়ুর কোন স্তরে গ্রথিত হয়?,মায়োমেট্রিয়াম,মায়োমেট্রিয়াম এবং পেরিমেট্রিয়ামের মাঝখানে,এন্ডোমেট্রিয়াম,পেরিমেট্রিয়াম,C,নিষেকের ৬ষ্ঠ থেকে ৯ম দিনের মধ্যে ব্লাস্টোসিস্ট জরায়ুর এন্ডোমেট্রিয়ামে সংস্থাপিত হয়।
664,DAT 2000- 2001,মানুষের ডিম্বাণু কোন ধরনের?,মেসোলেসিথাল,সেন্ট্রোলেসিথাল,টেলোলেসিথাল,মাইক্রোলেসিথাল,D,"মানুষের ডিম্বাণু মাইক্রোলেসিথাল ধরনের, যেখানে খুব সামান্য কুসুম থাকে এবং তা সাইটোপ্লাজমে সমানভাবে ছড়ানো থাকে।"
665,DAT 1994-1995,আবরণী কলার কোষগুলো ভ্রূণের কোন স্তর হতে উৎপন্ন হয়?,এক্টোডার্ম,এন্ডোডার্ম,এক্টোডার্ম,মেসোডার্ম,A,"ক্টোডার্ম থেকে গঠিত হয়:
ত্বকের এপিডার্মাল অংশ ও ত্বকীয় গ্রন্থি।
চুল, পালক, নখ, ক্ষুর, আঁইশ।
চোখ ও অন্তঃকর্ণের কিছু অংশ।
দাঁতের এনামেলসহ মৌখিক গহ্বর"
666,MAT 2004-2005,ইন্টারফেরনের কাজ নয় কোনটি?,অনাক্রম্যতন্ত্রকে নিয়ন্ত্রণ করা,অ্যান্টিবডি উৎপাদনে বাঁধা দেওয়া,হরমোন উৎপাদনে সাহায্য করা,NK কোষের ক্ষমতা ও বংশবৃদ্ধি করা,C,ইন্টারফেরন হলো ভাইরাস আক্রান্ত কোষ থেকে নিঃসৃত ক্ষুদ্র গ্লাইকোপ্রোটিন। এটি সুস্থ কোষকে ভাইরাস আক্রমণের বিরুদ্ধে প্রতিরোধী করে তোলে। তবে এটি হরমোন উৎপাদনে সাহায্য করে না।
667,DAT 2010-2011,নিচের কোন গ্রন্থি মোমের মতো আঠালো পদার্থ তৈরি করে?,সিবেসিয়াস,সেরুমিনাস,লালাগ্রন্থি,মিবোমিয়ান,B,সেরুমিনাস গ্রন্থি কর্ণকুহরে অবস্থিত এবং সেরুমেন (মোমজাতীয় পদার্থ) তৈরি করে।
668,DAT 2009-2010,নিচের কোনটি এককোষী গ্রন্থি?,গবলেট,অগ্ন্যাশয়,লালাগ্রন্থি,যকৃত,A,"গবলেট কোষ এককোষী গ্রন্থি, যা ক্ষুদ্রান্ত্র ও বৃহদান্ত্রের মিউকোসা স্তরে পাওয়া যায় এবং মিউকাস নিঃসরণ করে।"
669,DAT 2007-2008,সিবাম নিচের কোন গ্রন্থি থেকে নিঃসৃত হয়?,মিবোমিয়ান,সিবেসিয়াস,সেরুমিনাস,সাবলিঙ্গুয়াল,B,"সিবেসিয়াস গ্রন্থি থেকে সিবাম নিঃসৃত হয়, যা এক ধরনের তৈলাক্ত পদার্থ এবং এটি ত্বক ও চুলকে মসৃণ রাখে।"
670,DAT 2008-2009,মৃত Salmonella typhi জীবাণু থেকে নিম্নের কোনটি তৈরি করা হয়?,জলবসন্ত,টাইফয়েড ভ্যাকসিন,পোলিও,র ্যাবিস ভ্যাকসিন,B,টাইফয়েড টিকা মৃত Salmonella typhi ব্যাকটেরিয়া থেকে তৈরি হয়।
671,MAT 2003-2004,বংশগতি বিদ্যার জনক গ্রেগর জোহান মেন্ডেল কোন দেশে জন্ম গ্রহণ করেন?,অস্ট্রিয়া,ইতালী,জার্মানী,সুইডেন,A,গ্রেগর জোহান মেন্ডেল ১৮২২ সালে তৎকালীন অস্ট্রিয়ার ব্রুনোতে জন্মগ্রহণ করেন। তিনি মটরশুটি নিয়ে ৭ বছর গবেষণা করে বংশগতির সূত্র আবিষ্কার করেন।
672,MAT 2001-2002,প্রথম সংকর পুরুষের সাথে প্রচ্ছন্ন বা প্রকট বংশধরের ক্রস হলো-,টেস্ট ক্রস,ব্যাক ক্রস,মনোহাইব্রিড ক্রস,ডাইহাইব্রিড ক্রস,B,ব্যাক ক্রস হলো F₁ (সংকর) প্রজন্মের সঙ্গে মাতা-পিতার (recessive বা dominant) ক্রস।
673,DAT 2012-2013,যে জিন বৈশিষ্ট্য প্রকাশে বাধা পায় তাকে বলে-,Hypostatic,Epistatic,Lethal,Complementary,A,যে জীনটি অপর জীনের বৈশিষ্ট্য প্রকাশে বাধা দান করে তাকে এপিস্ট্যাটিক জীন বলে এবং যে জীনটি বৈশিষ্ট্য প্রকাশে বাধা পায় তাকে হাইপোস্ট্যাটিক জীন বলে।
674,DAT 2009-2010,বংশগতির ধারক নিম্নের কোনটি?,ক্রোমোমিয়ার,ক্রোমোটিড,ক্রোমোসোম,টেলোমিয়ার,C,"ক্রোমোসোমের মধ্যে DNA থাকে। DNA-র নির্দিষ্ট খণ্ডাংশকে জিন বলে, যা এক প্রজন্ম থেকে অন্য প্রজন্মে বৈশিষ্ট্য বহন করে। তাই ক্রোমোসোমকেই বংশগতির ধারক বলা হয়।"
675,DAT 2006-2007,জীবের প্রকাশিত লক্ষণকে বলা হয়-,এক্সিবিশিনিজম,অ্যালিল,ফিনোটাইপ,জিনোটাইপ,C,জীবের বাহ্যিক বা প্রকাশিত বৈশিষ্ট্যসমূহকে ফিনোটাইপ বলে।
676,DAT 2005-2006,জিনতত্ত্বের জন্য কোনটি সঠিক নয়?,হেটারোজাইগাস জীবের দুটি অসম প্রকৃতির অ্যালিল থাকে।,DNA হলো জীবের বংশগতির মৌলিক একক এবং এটিকে ফ্যাক্টর বা জিন বলা হয়।,কোনো জীবের লক্ষণ নিয়ন্ত্রণকারী জিন যুগলের গঠনকে জিনোটাইপ বলা হয়।,জীবের বাহ্যিক লক্ষণকে ফিনোটাইপ বলা হয়।,B,"DNA হলো জীবের বংশগতির মৌলিক একক হলেও ""DNA-কে সরাসরি ফ্যাক্টর বা জিন"" বলা ঠিক নয়, বরং DNA-র নির্দিষ্ট অংশকে জিন বলে।"
677,DAT 2003-2004,যে জীনটি অপর জীনের বৈশিষ্ট্য প্রকাশে বাধা দান করে সে জীনকে বলে-,এপিস্ট্যাটিক জীন,পরিপূরক জীন,লিথাল জীন,হাইপোষ্টাটিক জীন,A,এপিস্ট্যাটিক জীন এমন একটি জীন যা অপর জীনের বৈশিষ্ট্য প্রকাশে বাধা দেয়।
678,MAT 2013-2014,লিথাল জিন-এর প্রভাব নেই কোন রোগে?,হিমোফিলিয়া,জন্মগত ইকথিওসিস,অস্টিওপরোসিস,থ্যালাসেমিয়া,C,"অস্টিওপরোসিস একটি ভিটামিন ডি-ঘাটতি সংশ্লিষ্ট রোগ। এটি লিথাল জীন দ্বারা সৃষ্ট নয়। অন্যদিকে থ্যালাসেমিয়া, জন্মগত ইকথিওসিস ইত্যাদি লিথাল জীনঘটিত রোগ।"
679,DAT 2012-2013,লিথাল জীন বর্ণনা করেন সর্বপ্রথম কোন বিজ্ঞানী?,ক্যুনো,চেরমার্ক,মেন্ডেল,দ্য ভিস,A,ফরাসী বিজ্ঞানী ক্যুনো সর্বপ্রথম ইঁদুরের গায়ের রং নিয়ে গবেষণার মাধ্যমে লিথাল জীনের উপস্থিতি প্রমাণ করেন।
680,MAT 2008-2009,নিচের কোনটি দ্বৈত-প্রচ্ছন্ন এপিস্ট্যাসিস অনুপাত?,7:9,9:7,13:3,13:7,B,দ্বৈত প্রচ্ছন্ন এপিস্ট্যাসিসে ফিনোটাইপিক অনুপাত হয় ৯:৭।
681,MAT 2000-2001,বংশগতির পরীক্ষার জন্য মেন্ডেল কোন গাছ নির্বাচন করেছিলেন?,সন্ধ্যামালতি,মটরশুটি,ছোলা,স্ন্যাপড্রাগন,B,"মেন্ডেল মটরশুটি গাছ বেছে নিয়েছিলেন কারণ এটি স্ব-পরাগী, দ্রুত বেড়ে ওঠে, সুস্পষ্ট বৈশিষ্ট্য প্রদর্শন করে এবং সংকরায়নে উর্বর সন্তান জন্মায়।"
682,MAT 1995-1996,মেন্ডেলের সূত্রের প্রকৃত ব্যতিক্রম কোনটি?,এপিস্ট্যাসিস,লিংকেজ,সমপ্রকটতা,ঘাতক জিন,B,"লিংকেজ হলো প্রকৃত ব্যতিক্রম, যেখানে জীনগুলি একসাথে উত্তরাধিকারসূত্রে প্রাপ্ত হয় এবং স্বাধীন সঞ্চারণ বাধাগ্রস্ত হয়।"
683,MAT 1995-1996,মেন্ডেলের দ্বিতীয় সূত্রে জিনের স্বাধীন সঞ্চারণ না ঘটলে জিনোটাইপের অনুপাত হবে-,৩:১,১:২:১,৯:৩:৩:১,কোনোটিই নয়,D,"যদি স্বাধীন সঞ্চারণ না ঘটে (যেমন লিংকেজের ক্ষেত্রে), তাহলে ৯:৩:৩:১ অনুপাত পাওয়া যাবে না। তাই সঠিক উত্তর “কোনোটিই নয়”।"
684,DAT 2003-2004,প্রকট এপিস্ট্যাসিস এ ব্যতিক্রমধর্মী অনুপাত হল-,৩:১,৯:৩:৩:১,১৩:৩,৯:৭,C,"মেন্ডেলের সূত্রের ব্যতিক্রমসমূহের মধ্যে প্রকট এপিস্ট্যাসিসে ফিনোটাইপিক অনুপাত হয় ১৩:৩।
এছাড়া অন্যান্য ব্যতিক্রম:
অসম্পূর্ণ প্রকটতা: ১:২:১
লিথাল জীন: ১:২
পরিপূরক জীন: ৯:৭
দ্বৈত প্রচ্ছন্ন এপিস্ট্যাসিস: ৯:৭"
685,MAT 2013-2014,নিচের কোনটি সেক্স-লিংকড অসুখ নয়?,বর্ণান্ধতা,মায়োপিয়া,রক্ত স্বল্পতা,হিমোফিলিয়া,C,"সেক্স-লিংকড অসুখের মধ্যে রয়েছে বর্ণান্ধতা, হিমোফিলিয়া, এক্টোডার্মাল ডিসপ্লেসিয়া, স্প্যাজটিক পেরাপেলাজিয়া, রাতকানা ইত্যাদি।
রক্ত স্বল্পতা (অ্যানিমিয়া) সাধারণত সেক্স-লিংকড নয়; এটি নানা কারণে হতে পারে যেমন আয়রন স্বল্পতা।"
686,MAT 2012-2013,"একজন বাদামি চোখবিশিষ্ট পুরুষ যার বাবার চোখ বাদামি কিন্তু মায়ের চোখ নীল বর্ণের, যদি নীল চোখবিশিষ্ট মহিলাকে বিয়ে করেন তবে তাঁদের সন্তানের চোখের বৈশিষ্ট্য কী হারে পাওয়া যাবে?",৫০% বাদামি ও ৫০% নীল,১০০% নীল,১০০% বাদামি,কোনোটিই নয়,A,"Bb × bb

সম্ভাব্য সন্তানের জিনোটাইপ:
- Bb (বাদামি) → ৫০%
- bb (নীল) → ৫০% তাই ৫০% বাদামি এবং ৫০% নীল চোখবিশিষ্ট সন্তান হবে।"
687,DAT 2004-2005,যকৃত ও অগ্ন্যাশয় সৃষ্টি হয় কোনটি থেকে?,এন্ডোডার্ম,মেসোডার্ম,এক্টোডার্ম,এপিডার্ম,A,"এন্ডোডার্ম থেকে গঠিত হয়:
পৌষ্টিক নালীর অন্তঃস্তর।
পাকস্থলী ও অন্ত্রের গ্রন্থিসমূহ।
শ্বসনতন্ত্র, থাইরয়েড ও থাইমাস গ্রন্থি, যকৃত ও অগ্ন্যাশয়।
মধ্যকর্ণের আবরণ (কখনও কখনও)।
রেচন-জননতন্ত্রের কিছু অংশ (কখনও কখনও)।"
688,MAT 2006-2007,পুরুষের ক্ষেত্রে কোনটি সঠিক?,৪৪ টি অটোসোম আছে,কোনো X ক্রোমোসোম নেই,দুটি Y ক্রোমোসোম আছে,দুটি X ক্রোমোসোম আছে,A,মানুষের দেহকোষে মোট ৪৬টি ক্রোমোসোম থাকে। এর মধ্যে ৪৪টি অটোসোম এবং ২টি সেক্স ক্রোমোসোম থাকে। পুরুষের ক্ষেত্রে সেক্স ক্রোমোসোম XY (হেটারোগ্যামেটিক সেক্স) হয়।
689,MAT 1992-1993,মানব কোষে সেক্স ক্রোমোসোমের সংখ্যা কত?,৪টি,৩টি,১টি,১ জোড়া,D,"মানব কোষে ২৩ জোড়া ক্রোমোসোম থাকে, যার মধ্যে ২২ জোড়া অটোসোম এবং ১ জোড়া সেক্স ক্রোমোসোম (XX বা XY)।"
690,DAT 2006-2007,বর্ণান্ধ পুরুষ ও স্বাভাবিক মহিলার মধ্যে বিয়ে হলে তাদের সন্তান হতে পারে-,"পুত্র হউক বা কন্যা হউক, স্বাভাবিক দৃষ্টি সম্পন্ন",কন্যা বর্ণান্ধ বাহক,পুত্র বর্ণান্ধ,পুত্র ৫০% বর্ণান্ধ,B,"বর্ণান্ধ পিতা (XhY) এবং স্বাভাবিক মাতা (XHXH) এর মধ্যে বিয়ে হলে,

সমস্ত কন্যা বাহক (XHXh) হবে এবং

সমস্ত পুত্র স্বাভাবিক (XHY) হবে।
সুতরাং কন্যারা বাহক হবে।"
691,DAT 2003-2004,নিচের কোনটি সেক্স-লিংকড বৈশিষ্ট্যের উদাহরণ নয়?,রাতকানা,বহুমূত্র,বর্ণান্ধতা,হিমোফিলিয়া,B,"রাতকানা, বর্ণান্ধতা, ও হিমোফিলিয়া — এগুলো সেক্স-লিংকড বৈশিষ্ট্য। তবে বহুমূত্র (ডায়াবেটিস মেলিটাস) সেক্স-লিংকড বৈশিষ্ট্য নয়।"
692,MAT 2010-2011,Rh negative রক্তের গ্রুপ নিচের কোন জনগোষ্ঠীর মধ্যে সবচেয়ে বেশি পাওয়া যায়?,চাইনিজ,কানাডিয়ান,পাইরেনিজের বাস্ক,ফিলিপিনো,C,Rh negative রক্তের গ্রুপ পাইরেনিজের বাস্ক জনগোষ্ঠীর মধ্যে সবচেয়ে বেশি (২৫-৩৫%) পাওয়া যায়। এছাড়া আফ্রিকার বার্বার এবং সাইনাই উপদ্বীপের বেদুইনদের মধ্যেও উচ্চমাত্রায় পাওয়া যায়।
693,MAT 2008-2009,নিম্নের কোনটি ব্লাড গ্রুপের নির্দিষ্ট এন্টিজেন না?,A,B,AB,O,D,ব্লাড গ্রুপ O এর কোনো নির্দিষ্ট এন্টিজেন নেই। O গ্রুপের রক্তের লোহিত কণিকায় A বা B কোনো এন্টিজেন থাকে না।
694,MAT 2007-2008,নিচে উল্লিখিত কোন বিজ্ঞানী মানুষের রক্তের শ্রেণিবিন্যাস করেন?,থিওডোর সোয়ান,উইলিয়াম হার্ভে,কার্ল ল্যান্ডস্টেইনার,ক্যারোলাস লিনিয়াস,C,কার্ল ল্যান্ডস্টেইনার (Karl Landsteiner) ১৯০১ সালে মানুষের রক্তের ABO শ্রেণিবিন্যাস আবিষ্কার করেন। তিনি রক্তের লোহিত কণিকার উপরিভাগে বিভিন্ন অ্যান্টিজেনের উপস্থিতির ভিত্তিতে শ্রেণিবিন্যাস করেন।
695,DAT 2010-2011,উইসাং নালি কোথায় অবস্থিত?,লালা গ্রন্থি,আন্ত্রিক গ্রন্থি,অগ্ন্যাশয়,যকৃত,C,"অগ্ন্যাশয়ের এনজাইম নিঃসরণকারী গ্রন্থিগুলো থেকে ছোট ছোট নালি বেরিয়ে একত্রিত হয়ে উইসাং নালি গঠন করে, যা অগ্ন্যাশয়ের দৈর্ঘ্য বরাবর এসে পিত্তনালির সাথে মিলিত হয়ে অ্যাম্পুলা অব ভ্যাটার'এর মাধ্যমে ডিওডেনামে প্রবেশ করে।"
696,DAT 2009-2010,নিম্নের কোনটি সঠিক নয়?,লালারসে টায়ালিন নামক উৎসেচক উপস্থিত থাকে,প্রতিদিন প্রায় 2 লিটার গ্যাস্ট্রিক রস নিঃসৃত হয়,মিউসিন HCl-এর ক্ষতিকর ভূমিকা থেকে পাকস্থলি প্রাচীরকে রক্ষা করে,হাইড্রোক্লোরিক এসিডের উপস্থিতি পেপসিনের কার্যক্রমকে বাধাগ্রস্ত করে,D,"HCl এর উপস্থিতিতে নিষ্ক্রিয় পেপসিনোজেন সক্রিয় পেপসিনে রূপান্তরিত হয়, ফলে হাইড্রোক্লোরিক এসিড পেপসিনের কার্যক্রম বাধাগ্রস্ত করে না বরং সক্রিয় করে।"
697,DAT 2009-2010,নিম্নের বামদিকের কোনটি ডানদিকের কোনটির সঙ্গে সামঞ্জস্যপূর্ণ?,গ্যাস্ট্রিন-আন্ত্রিক রস নিঃসরণ নিয়ন্ত্রণ করে,কোলেসিস্টোকাইনিন-লালারস নিঃসরণ নিয়ন্ত্রণ করে,সিক্রেটিন-অগ্ন্যাশয় রস নিঃসরণ নিয়ন্ত্রণ করে,প্যানক্রিওজাইমিন-পাচক রস নিঃসরণ নিয়ন্ত্রণ করে,C,সিক্রেটিন অগ্ন্যাশয় রস নিঃসরণে উদ্দীপনা দেয়। এছাড়া প্যানক্রিওজাইমিনও অগ্ন্যাশয় রস নিঃসরণে সাহায্য করে।
698,DAT 2004-2005,যকৃতের কাজ নয় কোনটি?,যকৃতে রক্ত তৈরি হয়,অ্যামাইলেজ ও লাইপেজ নিঃসরণ করা,পিত্তরস নিঃসরণের মাধ্যমে পরিপাকে সাহায্য করা,রক্ত থেকে মৃতপ্রায় লোহিত কণিকাসমূহ অপসারণ করা,B,"যকৃত অ্যামাইলেজ বা লাইপেজ নামক কোন এনজাইম নিঃসরণ করে না। এগুলো অগ্ন্যাশয় থেকে নিঃসৃত হয়। যকৃত প্রধানত পিত্তরস উৎপাদন, টক্সিন অপসারণ ও রক্তকণিকা ভাঙনের কাজ করে।"
699,DAT 2001-2002,অগ্ন্যাশয় কেবল-,একটি বহিঃক্ষরা গ্রন্থি,একটি অন্তঃক্ষরা গ্রন্থি,একটি পরিপাক গ্রন্থি,সবকটি,D,"অগ্ন্যাশয় হলো একটি মিশ্র গ্রন্থি, যা একসঙ্গে বহিঃক্ষরা (পাচকরস) ও অন্তঃক্ষরা (ইনসুলিন, গ্লুকাগন) উভয় ধরণের নিঃসরণ করে এবং পরিপাকে ভূমিকা রাখে।"
700,DAT 2000-2001,কোন অংশটি বৃহদান্ত্রের?,ইলিয়াম,ডিওডেনাম,জেজুনাম,সিকাম,D,"সিকাম বৃহদান্ত্রের প্রথম অংশ, যেখানে ক্ষুদ্রান্ত্র শেষ হয়। অন্যদিকে ইলিয়াম, ডিওডেনাম ও জেজুনাম ক্ষুদ্রান্ত্রের অংশ।"
701,DAT 2000-2001,যকৃতনালি পিত্তনালির সাথে মিলিত হয়ে অভিন্ন পিত্তনালি তৈরি করে। এই অভিন্ন নালি ভ্যাটার এর অ্যাম্পুলা নামে নালির মাধ্যমে কোথায় উন্মুক্ত হয়?,অনুপ্রস্থ কোলনে,পাইরোবিকে,ডিওডেনামে,জেজুনামে,C,"যকৃতনালি ও পিত্তনালি একত্র হয়ে অভিন্ন পিত্তনালি গঠন করে, যা অ্যাম্পুলা অব ভ্যাটার'এর মাধ্যমে ডিওডেনামে প্রবেশ করে।"
702,MAT 1993-1994,সিক্রেটিন ও প্যানক্রিওজাইমিন কোনটির নিঃসরণ ঘটায়?,অগ্ন্যাশয় রস,গ্যাস্ট্রিক রস,পিত্তরস,আন্ত্রিক রস,A,সিক্রেটিন ও প্যানক্রিওজাইমিন অগ্ন্যাশয় রস নিঃসরণে উদ্দীপনা যোগায়। গ্যাস্ট্রিক রসের জন্য দায়ী গ্যাস্ট্রিন এবং পিত্তরস ক্ষরণে সাহায্য করে সিক্রেটিন ও CCK।
703,MAT 1991-1992,গ্যাস্ট্রিক রস কিসের প্রভাবে নিঃসৃত হয়?,এনজাইম,HCl,গ্যাস্ট্রিক হরমোন,কাইম,C,গ্যাস্ট্রিক হরমোন বা গ্যাস্ট্রিন পাকস্থলী থেকে গ্যাস্ট্রিক রস নিঃসরণে সহায়তা করে।
704,MAT 1989-1990,কোন রসে উৎসেচক থাকে না?,পাকস্থলী রস,আন্ত্রিক রস,অগ্ন্যাশয় রস,পিত্তরস,D,পিত্তরসে কোনো এনজাইম থাকে না। এটি ফ্যাট ইমালসিফিকেশনে সাহায্য করে তবে হজমে সরাসরি উৎসেচক কাজ করে না।
705,MAT 2011-2012,নিম্নের কোনটি অগ্ন্যাশয় থেকে নিঃসৃত হয় না?,ট্রিপসিন,এমাইলেজ,বাইল সল্ট,গ্লুকাগন,C,"বাইল সল্ট (P bile salt) অগ্ন্যাশয় থেকে নয়, বরং যকৃত (Liver) থেকে উৎপন্ন হয়। অগ্ন্যাশয় থেকে নিঃসৃত হয় ট্রিপসিন (Tripcin), এমাইলেজ (Amylase) এবং গ্লুকাগন (Glucagon)। গ্লুকাগন একটি হরমোন যা আইলেটস অব ল্যাঙ্গারহ্যান্স (Islets of Langerhans) থেকে উৎপন্ন হয়।"
706,MAT 2005-2006,কোনটি অগ্ন্যাশয় রসে থাকে না?,পেপসিন,লাইপেজ,ট্রিপসিন,অ্যামাইলেজ,A,"পেপসিন (Pepsin) উৎপন্ন হয় পাকস্থলীতে এবং এটি পাকস্থলীর পাচক রসের একটি উপাদান। অগ্ন্যাশয়ের রসে থাকে অ্যামাইলেজ, লাইপেজ এবং ট্রিপসিন, যা যথাক্রমে শর্করা, লিপিড ও প্রোটিন পরিপাকে সাহায্য করে।"
707,MAT 2004-2005,মানবদেহে পিত্ত উৎপন্ন হয়-,অগ্ন্যাশয়,যকৃত,ল্যারিক্সে,পিত্তথলিতে,B,"পিত্তরস (Bile) উৎপন্ন হয় যকৃতে (Liver) এবং এটি পিত্তথলিতে (Gallbladder) সংরক্ষিত থাকে। পিত্তরসে কোনো এনজাইম থাকে না, এটি মূলত চর্বি পরিপাকে সাহায্য করে।"
708,MAT 1989-1990,নিম্নের কোনটি সঠিক নয়?,লালরসে টায়ালিন ও মলটেজ থাকে,পাকস্থলীর যে অংশে অন্ননালী উন্মুক্ত হয় তা পাইলোরাস,যকৃত দেহের সবচেয়ে বেশি শক্তি ব্যবহার করে,ডিওডেনাম ২৫-৩০ সেন্টিমিটার লম্বা,B,"অন্ননালী পাকস্থলীর কার্ডিয়া (Cardia) অংশে উন্মুক্ত হয়। পাইলোরাস (Pylorus) হলো পাকস্থলীর সেই অংশ, যা ডিওডেনামের সাথে যুক্ত থাকে।"
709,MAT 2003-2004,অগ্ন্যাশয়ের আইলেটস অব ল্যাঙ্গারহ্যান্স নিম্নের কোন হরমোন নিঃসৃত করে?,প্রোজেস্টেরন,ইস্ট্রোজেন,এন্টেরোগ্যাসটোন,গ্লুকাগন,D,অগ্ন্যাশয়ের আইলেটস অব ল্যাঙ্গারহ্যান্সের α কোষ (alpha cell) থেকে গ্লুকাগন (Glucagon) হরমোন নিঃসৃত হয়। এটি রক্তে শর্করার মাত্রা বাড়াতে সাহায্য করে।
710,DAT 2010-2011,নিচের কোন বিক্রিয়াটি সঠিক?,ডেক্সট্রিন অ্যামাইলেজ গ্লুকোজ + গ্যালাক্টোজ,"তৈল + চর্বি এন্টারেজ, ফ্যাটি এসিড + গ্লিসারিন",সেলুলোজ সেলুলেজ গ্লুকোজ + গ্লুকোজ,প্রোটিন ট্রিপসিন অ্যামাইনো এসিড,D,"প্রোটিন (Protein) ট্রিপসিন (Trypsin) এনজাইমের মাধ্যমে অ্যামাইনো অ্যাসিডে ভেঙে যায়। অন্যদিকে, তৈল ও চর্বি লাইপেজ (Lipase) এনজাইম দ্বারা ভাঙে এবং সেলুলোজ সেলুলেজ দ্বারা ভেঙে যায় গ্লুকোজে।"
711,DAT 2007-2008,পাকস্থলীর পাচক রসে নিম্নের কোনটি অনুপস্থিত?,পেপসিন,অ্যামাইলেজ,লাইপেজ,হাইড্রোক্লোরিক এসিড,B,পাকস্থলীর পাচক রসে অ্যামাইলেজ (Amylase) উপস্থিত থাকে না। এখানে প্রোটিন পরিপাকের জন্য পেপসিন (Pepsin) এবং প্যারাইটাল কোষ থেকে হাইড্রোক্লোরিক এসিড (HCl) ক্ষরিত হয়।
712,DAT 2006-2007,মানবদেহের পরিপাকের জন্য কোনটি সঠিক এনজাইমের উদাহরণ নয়?,"প্রোটিন পরিপাকে সাহায্যকারী পাকস্থলীর রসের এনজাইম অ্যামাইনো পেপটাইডেজ, ট্রাইপেপটাইডেজ, প্রোলিডেজ প্রভৃতি",কার্বোহাইড্রেট পরিপাকে সাহায্যকারী অগ্ন্যাশয়ের রসের এনজাইম: অ্যামাইলেজ ও মল্টেজ,"প্রোটিন পরিপাকে সাহায্যকারী অগ্ন্যাশয় রসের এনজাইম: নিষ্ক্রিয় ট্রিপসিনোজেন, কার্বক্সিপেপটাইডেজ এ এবং বি, ইলাস্টেজ, কোলাজিনেজ প্রভৃতি",লিপিড পরিপাকে সাহায্যকারী তান্ত্রিক রসের এনজাইম ফসফোলাইপেজ ও কোলেস্টেরল এস্টারেজ,D,"লিপিড পরিপাকে সাহায্যকারী উৎসেচক ফসফোলাইপেজ ও কোলেস্টেরল এস্টারেজ আসলে তন্ত্রিক রসের (intestinal juice) এনজাইম নয়, এগুলো অগ্ন্যাশয় রসের এনজাইম।
তন্ত্রিক রসে সাধারণত থাকে কার্বোহাইড্রেট, প্রোটিন, লিপিড ভাঙার জন্য ভিন্ন উৎসেচক।"
713,DAT 2004-2005,কোনটি পাকস্থলীর গ্রন্থি থেকে নিঃসৃত হয় না?,পেপসিন,HCI এসিড,মিউসিন,টায়ালিন,D,"টায়ালিন (Tyallin) বা লালা অ্যামাইলেজ মুখগহ্বরের লালার গ্রন্থি থেকে নিঃসৃত হয়। এটি মুখে কার্বোহাইড্রেট পরিপাকে সাহায্য করে।
অন্যদিকে, পেপসিন, HCI এবং মিউসিন পাকস্থলীর গ্যাস্ট্রিক গ্রন্থি থেকে নিঃসৃত হয়।"
714,DAT 1994-1995,আমিষ জাতীয় খাদ্য পরিপাকের উৎসেচক কোনটি?,অ্যামাইলেজ,পেপটাইডেজ,লাইপেজ,মল্টেজ,B,"পেপটাইডেজ (Peptidase) এনজাইম প্রোটিন বা আমিষ জাতীয় খাদ্যের পেপটাইড বন্ধন ভেঙে অ্যামিনো অ্যাসিডে পরিণত করে।
অন্যদিকে, অ্যামাইলেজ কার্বোহাইড্রেট, লাইপেজ লিপিড এবং মল্টেজ মাল্টোজ ভেঙে দেয়।"
715,DAT 1991-1992,প্রোটিন পরিপাক-,পাকস্থলীতে শুরু হয়ে ক্ষুদ্রান্ত্রে শেষ হয়,পাকস্থলীতে শুরু হয়ে ডিওডেনামে শেষ হয়,মুখ হতে শুরু হয়ে ক্ষুদ্রান্ত্রে শেষ হয়,পাকস্থলীতে শুরু হয়ে বৃহদন্ত্রে শেষ হয়,A,"প্রোটিনের পরিপাক মুখে শুরু হয় না। এটি পাকস্থলীতে পেপসিন দ্বারা শুরু হয় এবং ক্ষুদ্রান্ত্রে ট্রিপসিন, কাইমোট্রিপসিন ইত্যাদির মাধ্যমে শেষ হয়।"
716,MAT 2001-2002,আমিষ জাতীয় খাদ্য পরিপাকে সাহায্য করে-,লালা,পেপসিন,লাইপেজ,অ্যামাইলেজ,B,"পেপসিন পাকস্থলীর একটি প্রধান এনজাইম যা প্রোটিন পরিপাকে সাহায্য করে। এটি পেপসিনোজেন থেকে সক্রিয় হয়ে তৈরি হয়।
অন্যদিকে, লালা ও অ্যামাইলেজ কার্বোহাইড্রেট পরিপাকে সাহায্য করে এবং লাইপেজ লিপিড ভাঙে।"
717,MAT 2001-2002,কোন উৎসেচকটি দুগ্ধ প্রোটিন পরিপাকে সাহায্য করে?,অ্যামাইলেজ,পেপসিন,ট্রিপসিন,রেনিন,D,"রেনিন (Renin) বা চাইল্ড রেনিন (Chymosin) পাকস্থলীতে তৈরি হয় এবং এটি দুধের কেসিন নামক প্রোটিনকে জমাট বাধতে সাহায্য করে।
পেপসিনও প্রোটিন ভাঙে, তবে রেনিন দুধের প্রোটিন পরিপাকের জন্য বিশেষায়িত।"
718,MAT 2001-2002,পাকস্থলীতে HCI তৈরি করে কোন কোষ?,প্যারাইটাল কোষ,গবলেট কোষ,পরিপাক কোষ,কোনোটিই নয়,A,"পাকস্থলীর গ্যাস্ট্রিক গ্রন্থির প্যারাইটাল কোষ (parietal cell) বা অক্সিনটিক কোষ HCl তৈরি করে, যা খাদ্যকে জীবাণুমুক্ত করে এবং পেপসিনোজেনকে পেপসিনে রূপান্তর করে।"
719,MAT 1992-1993,মানবদেহের সর্ববৃহৎ গ্রন্থি কোনটি?,বৃক্ক,অগ্ন্যাশয়,যকৃত,পাকস্থলী,C,"মানবদেহের সর্ববৃহৎ গ্রন্থি হলো যকৃত (liver)। এটি প্রোটিন সংশ্লেষণ, ডিটক্সিফিকেশন এবং পিত্তরস নিঃসরণসহ গুরুত্বপূর্ণ কাজ করে।
ত্বক মানবদেহের সবচেয়ে বড় অঙ্গ হলেও, যকৃত সবচেয়ে বড় গ্রন্থি।"
720,MAT 2016-2017,কোনটি ক্ষুদ্রান্ত্রের অংশ নয়?,ডিওডেনাম,ইলিয়াম,এপেনডিক্স,জেজুনাম,C,ক্ষুদ্রান্ত্রের তিনটি অংশ। যথা- ১) ডিওডেনাম ২) জেজুনাম ৩) ইলিয়াম। আর বৃহদান্ত্রের ৩টি অংশ হলো- ১) সিকাম ২) কোলন ৩) মলাশয়। সিকামের সাথে এপেনডিক্স সংযুক্ত থাকে। এপেনডিক্স একটি নিষ্ক্রিয় অঙ্গ যা উদরীয় টনসিল নামেও পরিচিত।
721,MAT 2016-2017,নিচের কোন BMI (Body Mass Index) অতিরিক্ত ওজন নির্দেশ করে?,18.5 – 24.9 Kg/m²,25.0 – 29.9 Kg/m²,30.0 - 34.9 Kg/m²,35.0 - 39.9 Kg/m²,B,"বিশ্ব স্বাস্থ্য সংস্থা (WHO) 2000 সালে BMI-এর যে মান নির্দেশিকা প্রকাশ করে তা হল:
শরীরের ওজন কম <18.5
স্বাভাবিক ওজন 18.50 - 24.09
অতিরিক্ত ওজন 25.00 - 29.99
স্থুলতা 30.00 - 34.99
স্থুলতার ১ম স্তর 35.00 - 39.99
স্থুলতার ২য় স্তর 40+"
722,MAT 2016-2017,নিউক্লিয়াসবিহীন কোষ হলো-,লোহিত রক্তকণিকা,শ্বেত রক্তকণিকা,স্নায়ুকোষ,হৃদকোষ,A,"মানুষের লোহিত কণিকায় নিউক্লিয়াস থাকে না। তবে যখন অস্থিমজ্জায় লোহিত কণিকা উৎপন্ন হয় তখন এই কোষে নিউক্লিয়াস থাকে।
অন্যান্য অপশন সম্পর্কিত তথ্য:
অণুচক্রিকা নিউক্লিয়াসবিহীন।
নিউট্রোফিলের নিউক্লিয়াস ২-৫ খণ্ডবিশিষ্ট
ইউসিনোফিলের নিউক্লিয়াস ২ খণ্ডবিশিষ্ট
বেসোফিলের নিউক্লিয়াস ২ খণ্ডবিশিষ্ট"
723,MAT 2016-2017,মানুষের স্বাভাবিক রক্ত ক্ষরণকাল-,৫-৭ মিনিট,১২-১৪ মিনিট,১-৪ মিনিট,৪০-৫৫ মিনিট,C,"মানুষের স্বাভাবিক রক্তক্ষরণকাল ১-৪ মিনিট।
অন্যান্য অপশন সম্পর্কিত তথ্য:
রক্ত তঞ্চনকাল ৩-৮ মিনিট।"
724,MAT 2016-2017,একই সাথে শরীরে রক্তে অক্সিজেনের ঘনত্ব ও হৃৎস্পন্দনের পরিমাপক যন্ত্রের নাম কি?,থার্মোমিটার,স্ফিগমোম্যানোমিটার,পাল্সঅক্সিমিটার,ব্যারোমিটার,C,"পাল্সঅক্সিমিটার এর মাধ্যমে অক্সিজেনের ঘনত্ব নির্ণয় করা হয়।
অন্যান্য অপশন সম্পর্কিত তথ্য:
থার্মোমিটার → তাপমাত্রা পরিমাপক যন্ত্র
স্ফিগমোম্যানোমিটার → রক্তচাপ পরিমাপক যন্ত্র
ব্যারোমিটার → বায়ুমণ্ডলীয় চাপ পরিমাপ যন্ত্র"
725,MAT 2016-2017,হৃদযন্ত্রের রোগ নির্ণয়ে প্রাথমিক পরীক্ষা কোনটি?,এনজিওগ্রাম,লিপিড প্রোফাইল,ইসিজি,ইটিটি,C,ইসিজি হৃৎপিণ্ডের প্রাথমিকভাবে রোগ নির্ণয়ে সহায়ক।
726,MAT 2016-2017,কৃত্রিম পেসমেকার যন্ত্রে কোন ব্যাটারি ব্যবহার করা হয়?,Ni-Cd ব্যাটারি,শুস্ক (Dry-cell),Li আয়ন ব্যাটারি,Li ব্যাটারি,D,"একটি লিথিয়াম ব্যাটারি, কম্পিউটারাইজড জেনারেটর ও শীর্ষে সেন্সরযুক্ত কতগুলো তার নিয়ে একটি পেসমেকার গঠিত। পেসমেকারের ব্যাটারির মেয়াদ থাকে ৭-১০ বছরের মতো।"
727,MAT 2016-2017,শ্বসন কেন্দ্র অবস্থিত কোথায়?,পনস,মধ্যমস্তিষ্ক,সেরিবেলাম,স্নায়ুরজ্জু,A,মস্তিস্কে অবস্থিত চারটি কেন্দ্র থেকে শ্বাসক্রিয়া নিয়ন্ত্রিত হয়। পনসের পাশে অবস্থিত স্নায়ুকেন্দ্র নিউমোট্যাক্সিক ও অ্যানিউস্টিক। মেডুলার পাশে অবস্থিত→ প্রশ্বাসকেন্দ্র ও শ্বাসকেন্দ্র।
728,MAT 2016-2017,কোনটি প্যারানাসাল সাইনাস নয়?,ফ্রন্টাল সাইনাস,ম্যাক্সিলারি সাইনাস,স্কেনয়ডাল সাইনাস,অক্সিপিটাল সাইনাস,D,"মাথার খুলিতে মুখমণ্ডলীয় অংশে নাসাগহ্বরের দুপাশে অবস্থিত বায়ুপূর্ণ চারজোড়া বিশেষ গহ্বরকে সাইনাস বা প্যারানাসাল সাইনাস বলে।
 প্যারানাসাল সাইনাস:
ম্যাক্সিলারি
এথময়ডাল
ফ্রন্টাল
স্ফেনয়ডাল
 অক্সিপিটাল প্যারানাসাল সাইনাস নয়। এটি করোটিকার পেছন দিকের অস্থি যা দেখতে খোলসের মতো।"
729,MAT 2016-2017,মানুষের কব্জিতে হাড়ের সংখ্যা কত?,৫টি,৮টি,৭টি,১০টি,B,"মানুষের হাতের কব্জিতে ৮টি অস্থি থাকে। এগুলোকে কার্পাল অস্থি বলে। অস্থিগুলো হলো:
স্ক্যাফয়েড
লুনেট
ট্রাইকুয়েট্রাল
পিসিফর্ম
ট্র্যাপেজয়েড
ক্যাপিটেট
হ্যামেট
ট্রাপেজিয়াম"
730,MAT 2015-2016,নিচের কোনটি মিনারেলোকোর্টিকয়েড হরমোনের কাজ নয়?,বৃক্কের NaCl ও পানি শোষণক্ষমতা বৃদ্ধি করা,রক্তের প্লাজমার পরিমাণ বৃদ্ধি করা,হৃৎক্রিয়া বৃদ্ধি করা,K⁺ রেচন হার বৃদ্ধি করা,C,"মিনারেলোকোর্টিকয়েড (যেমন: অ্যালডোস্টেরন)
NaCl ও পানি শোষণক্ষমতা বৃদ্ধি করে।
রক্তের প্লাজমার পরিমাণ বৃদ্ধি করে।
K⁺ রেচন হার বৃদ্ধি করে।
কিন্তু হৃৎক্রিয়া বৃদ্ধি করে না (এটি এপিনেফ্রিনের কাজ)।"
731,MAT 2015-2016,কোনটি মিশ্র গ্রন্থি?,প্যারোটিড,অগ্ন্যাশয়,সোয়েট,অশ্রু,B,"মিশ্র গ্রন্থি ৪টি:
অগ্ন্যাশয়, শুক্রাশয়, ডিম্বাশয়, যকৃত"
732,MAT 2015-2016,সিমেন তৈরির জন্য পিচ্ছিল পদার্থ ক্ষরণ করে কোন অঙ্গ?,সেমিনাল ভেসিকল,মূত্রাশয়,ভাস ডিফারেন্স,এপিডিডাইমিস,A,"সেমিনাল ভেসিকল হলো এক জোড়া ক্ষুদ্র থলি, যা মূত্রথলির নিম্নপ্রান্ত ও মলাশয়ের মধ্যবর্তী স্থানে অবস্থিত। এটি শুক্রাণুকে ধারণ করার জন্য পিচ্ছিল সিমেন তৈরি করে।"
733,MAT 2015-2016,ব্যাকটেরিয়া ধ্বংসে অ্যান্টিবডিকে সহায়তা করে কোনটি?,কমপ্লিমেন্ট সিস্টেম,ভ্যাক্সিন,ইন্টারফেরন,অণুচক্রিকা,A,"কমপ্লিমেন্ট সিস্টেম প্রায় ২০ ধরনের প্লাজমা প্রোটিন নিয়ে গঠিত, যা ব্যাকটেরিয়া ধ্বংসে অ্যান্টিবডি ও ফ্যাগোসাইটকে সাহায্য করে।"
734,MAT 2015-2016,হোমোলোগাস ক্রোমোজোমের একটি লোকাসে দুটি জিন একত্রে থাকাকে কী বলে?,জিনোম,অ্যালিলোমর্ফ,ফিনোটাইপ,জিনোটাইপ,B,একই লোকাসের দুটি জিন একে অপরের অ্যালিল (অ্যালিলোমর্ফ) হিসেবে কাজ করে।
735,MAT 2015-2016,জেলিফিশ কোন পর্বের প্রাণী?,নিডারিয়া,আর্থোপোডা,প্লাটিহেলমিনথেস,মোলাস্কা,A,"নিডারিয়া পর্বের প্রাণীঃ হাইড্রা, জেলিফিশ, নীল বোতাম, সাগর পাখা।"
736,MAT 2015-2016,কোন প্রাণী অযৌন ও যৌন দুভাবেই প্রজনন সম্পন্ন করে?,রুই মাছ,হাইড্রা,ঘাসফড়িং,মৌমাছি,B,"হাইড্রা অযৌন ও যৌন উভয় প্রক্রিয়ায় প্রজনন সম্পন্ন করে। অযৌন প্রজননে মুকুলোদগম এবং বিভাজন ঘটে, এবং যৌন প্রজননে জননাঙ্গ তৈরি, জননকোষ তৈরি, নিষেক এবং পরিস্ফুটন হয়।"
737,MAT 2015-2016,ঘাসফড়িং এর অগ্রভাগের সরু ও শক্ত ডানাদ্বয়কে কী বলে?,স্টার্নাম,টার্সাস,ট্রক্যান্টার,টেগমিনা,D,ঘাসফড়িংয়ের অগ্রভাগের সরু ও শক্ত ডানাদ্বয়কে টেগমিনা (এলিট্রা) বলা হয়।
738,MAT 2015-2016,কোন ভিটামিন পানিতে দ্রবণীয়?,ভিটামিন A,ভিটামিন D,ভিটামিন B কমপ্লেক্স,ভিটামিন K,C,পানিতে দ্রবণীয় ভিটামিন হলো ভিটামিন B এবং ভিটামিন C।
739,MAT 2015-2016,পেপসিনের ক্ষেত্রে কোনটি সত্য নয়?,ইহা অগ্ন্যাশয় থেকে নিঃসৃত হয়,ইহা পাকস্থলী থেকে নিঃসৃত হয়,পরিপাকের জন্য ইহা অম্লীয় পরিবেশ সৃষ্টি করে,ইহা আমিষ পরিপাক শুরু করে,A,"পেপসিন পাকস্থলীর চীফ কোষ থেকে নিঃসৃত হয়, অগ্ন্যাশয় থেকে নয়।"
740,MAT 2015-2016,কোনটি অদানাদার শ্বেত কণিকা?,নিউট্রোফিল,মনোসাইট,ইউসিনোফিল,বেসোফিল,B,"অ্যাগ্রানুলোসাইট বা অদানাদার লিম্ফোসাইট, মনোসাইট।
অন্যান্য অপশন সম্পর্কিত তথ্য:
গ্র্যানুলোসাইট বা দানাদার: নিউট্রোফিল, ইওসিনোফিল, বেসোফিল।"
741,MAT 2015-2016,স্বাভাবিক অবস্থায় মানবদেহের রক্তের pH এর মান-,7.00,7.40,7.80,7.04,B,"স্বাভাবিক অবস্থায় মানবদেহের রক্তের pH এর মান 7.36-7.45 হয়ে থাকে, তবে পরীক্ষায় যদি এই পরিসরের মধ্যে মান না থাকে তবে 7.40 পিএইচকে সঠিক উত্তর হিসেবে ধরা হয়।"
742,MAT 2015-2016,নিচের কোনটি পালমোনারি সংবহনের অংশ নয়?,ডান নিলয়,বাম অলিন্দ,ফুসফুস,মহাধমনি,D,"পালমোনারি সংবহনের গতিপথ:
 ডান নিলয় → পালমোনারি ধমনি → ফুসফুস → পালমোনারি শিরা → বাম অলিন্দ → বাম নিলয়।
 অন্যান্য অপশন সম্পর্কিত তথ্য:
সিস্টেমিক সংবহন: বাম ভেন্ট্রিকল → অ্যাওটা → টিস্যু ও অঙ্গ → মহাশিরা → ডান অ্যাট্রিয়াম
পোর্টাল সংবহন: পৌষ্টিক অঙ্গসমূহ → হেপাটিক পোর্টাল শিরা → যকৃত → হেপাটিক শিরা → ইনফিরিয়র ভেনাক্যাভা → হৃৎপিন্ড
করোনারি সংবহন: সিস্টেমিক ধমনি → করোনারি ধমনি → হৃৎপ্রাচীর → করোনারি শিরা → ডান অ্যাট্রিয়াম"
743,MAT 2015-2016,কোন চক্রের মাধ্যমে যকৃতে ইউরিয়া তৈরি হয়?,ক্রেবস চক্র,নাইট্রোজেন চক্র,অরনিথিন চক্র,কার্বন চক্র,C,"যকৃতে ইউরিয়া উৎপন্ন হয় অরনিথিন চক্রের মাধ্যমে।
অন্যান্য অপশন সম্পর্কিত তথ্য:
ডিঅ্যামিনেশন প্রক্রিয়ায় ইউরিয়া তৈরি হয়।"
744,MAT 2015-2016,নিচের কোনটি বক্ষ অস্থিচক্রের হাড়?,স্ফেনয়েড,ক্ল্যাভিকল,এথময়েড,পিউবিস,B,"বক্ষ অস্থিচক্রের হাড় হলো- একজোড়া ক্ল্যাভিকল ও একজোড়া স্ক্যাপুলা।
অন্যান্য অপশন সম্পর্কিত তথ্য:
স্ফেনয়েড, এথময়েড করোটিকার অস্থি
শ্রোণি অস্থিচক্রের অস্থি: ইলিয়াম, ইশ্চিয়াম ও পিউবিস একত্রিত হয়ে হিপ বোন গঠন করে।"
745,MAT 2015-2016,মানুষের নবম জোড়া করোটিক স্নায়ুর নাম কী?,হাইপোগ্লোসাল,স্পাইনাল অ্যাকসেসরি,অ্যাবডুসেন্স,গ্লাসোফ্যারিঞ্জিয়াল,D,"গ্লসোফ্যারিঞ্জিয়াল স্নায়ু নবম করোটিক স্নায়ু।
 অন্যান্য অপশন সম্পর্কিত তথ্য:
অ্যাবডুসেন্স স্নায়ু ষষ্ঠ করোটিক স্নায়ু
হাইপোগ্লোসাল স্নায়ু → ১২তম করোটিক স্নায়ু
স্পাইনাল অ্যাকসেসরি স্নায়ু ১১তম করোটিক স্নায়ু"
746,MAT 2014-2015,মস্তিষ্কের কোন অংশে ক্ষুধা নিয়ন্ত্রণ কেন্দ্র অবস্থিত?,সেরেব্রাম,থ্যালামাস,হাইপোথ্যালামাস,সেরেবেলাম,C,"হাইপোথ্যালামাসের কাজ:
স্বয়ংক্রিয় স্নায়ুকেন্দ্রের কেন্দ্র হিসেবে কাজ করে।
দেহতাপ, ক্ষুধা, তৃষ্ণা, ঘাম, ঘুম, রাগ, উদ্বেগ ইত্যাদি নিয়ন্ত্রণ করে।
নিউরোহরমোন উৎপন্ন করে ট্রপিক হরমোনের ক্ষরণ নিয়ন্ত্রণ করে।"
747,MAT 2014-2015,ডায়েনসেফালনের মধ্যস্থ গহবরটিকে কী বলে?,দ্বিতীয় ভেন্ট্রিকল,চতুর্থ ভেন্ট্রিকল,প্রথম ভেন্ট্রিকল,তৃতীয় ভেন্ট্রিকল,D,"তৃতীয় ভেন্ট্রিকল হাইপোথ্যালামাস বা ডায়েনসেফালনে অবস্থিত।
১ম ও ২য় ভেন্ট্রিকল (পার্শ্বীয় ভেন্ট্রিকল) → সেরেব্রাম-এর কেন্দ্রভাগে।
৪র্থ ভেন্ট্রিকল → মেডুলা-অবলংগাটায় অবস্থিত।"
748,MAT 2014-2015,পিউপিলের অবস্থান কোথায়?,রেটিনার পশ্চাতে,আইরিসের পশ্চাতে,আইরিসের মধ্যবর্তী স্থানে,কোরয়েডের নিচে,C,"পিউপিলের অবস্থান আইরিসের মধ্যবিন্দুতে।
পিউপিলের মাধ্যমে চোখে আলো প্রবেশ করে।
মৃদু আলোতে পিউপিল বড় হয়, তীব্র আলোতে ছোট হয়।"
749,MAT 2014-2015,মেলানিন রঞ্জকে রঞ্জিত স্তর কোনটি?,স্ক্লেরা,কোরয়েড,সিলিয়ারী বডি,সাসপেন্সরী লিগামেন্ট,B,"কোরয়েড হলো স্ক্লেরার নিচে অবস্থিত, রক্তবাহিকাসমৃদ্ধ ও মেলানিনযুক্ত স্তর। মেলানিন থাকায় এটি কালো দেখায়।"
750,MAT 2014-2015,অগ্ন্যাশয়ের আলফা কোষ থেকে নিঃসৃত হয়—,প্যানক্রিয়াটিক পলিপেপটাইড,লাইপেজ,ইনসুলিন,গ্লুকাগন,D,"অগ্ন্যাশয়ের কোষভেদে হরমোন নিঃসরণ—
α-কোষ → গ্লুকাগন
β-কোষ → ইনসুলিন
Δ-কোষ → সোমাটোস্ট্যাটিন
PP-কোষ → প্যানক্রিয়াটিক পলিপেপটাইড"
751,MAT 2014-2015,কোন গ্রন্থির ক্ষরণকাল আজীবন নয়?,সুপ্রারেনাল,পিনিয়াল,থাইমাস,টেসটিস,C,"থাইমাস গ্রন্থির ক্ষরণ নির্দিষ্ট সময় পর্যন্ত থাকে, পরে এটি নিশ্চিহ্ন হয়ে যায়।"
752,MAT 2014-2015,নিচের কোনটি ভ্রূণীয় এক্টোডার্ম স্তর থেকে তৈরি হয়?,লোহিত কণিকা,থাইমাস,কেন্দ্রীয় স্নায়ুতন্ত্র,অস্থি সন্ধি,C,"তিনটি ভ্রূণীয় স্তর ও তাদের পরিণতি:
ভ্রূণীয় স্তর → পরিণতি
এক্টোডার্ম → ত্বক, চুল, নখ, স্নায়ুতন্ত্র, চোখের অংশ, পায়ুর আবরণ
মেসোডার্ম → কঙ্কাল, পেশি, রক্ত, লসিকা, যোজক কলা, জনন ও রেচনতন্ত্র
এন্ডোডার্ম → পাকস্থলী, অন্ত্র, শ্বাসতন্ত্র, থাইরয়েড, থাইমাস, অগ্ন্যাশয়, যকৃত"
753,MAT 2014-2015,মানুষের দেহকোষে কতটি অটোজোম থাকে?,২২টি,৪৪টি,৪৬টি,২৩টি,B,মানুষের মোট ৪৬টি ক্রোমোজোম থাকে। এর মধ্যে ৪৪টি অটোজোম ও ২টি সেক্স ক্রোমোজোম।
754,MAT 2014-2015,নিচের কোনটির দ্বারা গনোরিয়া রোগ হয়?,ছত্রাক,ভাইরাস,ব্যাকটেরিয়া,প্রোটোজোয়া,C,গনোরিয়া রোগের জীবাণু → Neisseria gonorrhoeae (ব্যাকটেরিয়া)।
755,MAT 2014-2015,ভ্রান্ত সিলোমযুক্ত প্রাণীর পর্ব কোনটি?,Platyhelminthes,Nematoda,Arthropoda,Cnidaria,B,"সিলোমের ভিত্তিতে প্রাণীদেরকে ৩টি শ্রেণীতে ভাগ করা যায়:
স্যুডোসিলোমেট (ভ্রান্ত বা অপ্রকৃত) - Nematoda, Rotifera, Kinorhyncha প্রভৃতি পর্বভুক্ত প্রাণী।"
756,MAT 2014-2015,হাইড্রার মুকুল কী কাজে ব্যবহৃত হয়?,অযৌন প্রজনন,পুনরুৎপত্তি,চলন,যৌন প্রজনন,A,"হাইড্রার মুকুল অযৌন প্রজননের কাজে ব্যবহৃত হয়, যেখানে এটি নতুন সদস্যের সৃষ্টি করে।"
757,MAT 2014-2015,রক্তস্রোতে থাকা অতিরিক্ত গ্লুকোজ থেকে যকৃতে সঞ্চিত পলিস্যাকারাইড হলো-,সেলুলোজ,সুক্রোজ,স্টার্চ,গ্লাইকোজেন,D,"যখন রক্তস্রোতে অতিরিক্ত গ্লুকোজ থাকে, তখন এটি যকৃতে গ্লাইকোজেন নামে সঞ্চিত হয়। গ্লাইকোজেন একটি পলিস্যাকারাইড, যা শরীরে শক্তির উত্স হিসেবে কাজ করে।"
758,MAT 2014-2015,মাইক্রোভিলাইগুলো একত্রিতভাবে ক্ষুদ্রান্ত্রের উপরিভাগে কী সৃষ্টি করে?,ব্রাশ বর্ডার,মিউকোসাল ফোল্ড,লুমেন,পাইলোরিক স্ফিঙ্কটার,A,"মাইক্রোভিলাইগুলো একত্রিতভাবে ক্ষুদ্রান্ত্রের উপরিতলে ব্রাশ বর্ডার সৃষ্টি করে, যা ক্ষুদ্রান্ত্রের শোষণ তলকে বহুগুণ বাড়িয়ে দেয় এবং শোষণের মোট ক্ষেত্রফল ১০ বর্গমিটার পর্যন্ত বৃদ্ধি পায়।"
759,MAT 2014-2015,স্থূলতার সহিত সম্পর্কযুক্ত রোগ কোনটি?,রক্তশূন্যতা,হাঁপানি,করোনারি হার্ট ডিজিজ,রেনাল ফেইলিওর,C,"স্থূলতার কারণে বিভিন্ন রোগের ঝুঁকি বাড়ে, যার মধ্যে করোনারি হার্ট ডিজিজ (CHD), টাইপ-২ ডায়াবেটিস, ক্যানসার, উচ্চ রক্তচাপ, স্ট্রোক ইত্যাদি অন্তর্ভুক্ত।"
760,MAT 2014-2015,ফুসফুসের গঠন ও কার্যগত একক-,ফুদ্রের গঠন,নিউরন,অ্যালভিওলাস,গ্লোমেরুলাস,C,"ফুসফুসের গঠন ও কার্যগত একক অ্যালভিওলাস।
অন্যান্য অপশন সম্পর্কিত তথ্য:
বৃক্কের গঠন ও কার্যগত একক নেফ্রন।
স্নায়ুতন্ত্রের গঠন ও কার্যগত একক নিউরন।"
761,MAT 2014-2015,স্বাভাবিক মূত্রের বর্ণ হালকা হলুদ হয় কিসের উপস্থিতিতে?,বিলিভারডিন,ইউরোক্রোম,বিলিরুবিন,অ্যামোনিয়া,B,"ইউরোক্রোম এর প্রভাবে মূত্র স্বাভাবিক রং হালকা হলুদ (খড় রং) হয়।
 অন্যান্য অপশন সম্পর্কিত তথ্য:
বিলিরুবিন এর প্রভাবে মূত্রের বর্ণ হলুদ হয় (যখন জন্ডিস হয়)।
ইউরিনোড এর উপস্থিতির জন্য মূত্রের ঝাঁঝালো গন্ধ থাকে।"
762,MAT 2014-2015,নিচের কোনটি ক্লাভিকলের বৈশিষ্ট্য?,এটি একটি বাঁকানো অস্থি,একপ্রান্ত হিউমারাসের সাথে যুক্ত থাকে,এটি একটি খাঁটো অস্থি,এটি অস্থির মজ্জা গহবর আছে,A,"ক্ল্যাভিকল দেখতে ইটালিক 'f' এর মতো বাঁকা অস্থি। এটি একটি দেহ ও দুটি প্রান্ত, যথা স্টার্নাম এবং অ্যাক্রোমিয়াল প্রসেস নিয়ে গঠিত।
অন্যান্য অপশন সম্পর্কিত তথ্য:
মানুষের বক্ষ অস্থিচক্র ২ জোড়া অস্থি নিয়ে গঠিত, যথা একজোড়া ক্ল্যাভিকল ও একজোড়া স্ক্যাপুলা।"
763,MAT 2014-2015,চলনের সময় হাঁটুকে ভাঁজ করে কোন মাংসপেশী?,ট্রাইসেপস,রেকটাস ফিমোরিস,বাইসেপস ফিমোরিস,ডেল্টয়েড,C,"চলনের সময় হাঁটুকে ভাঁজ করতে দুটি পেশিগুচ্ছের প্রয়োজন হয়:
i. হ্যামস্ট্রিং পেশি (বাইসেপস ফিমোরিস, সেমিমেমব্রেনোসাস, সেমিটেন্ডিনোসাস)।
ii. গ্যাসট্রোকনেমিয়াস পেশি।"
764,MAT 2014-2015,মেরুদন্ডের এটলাস ও এক্সিসের মধ্যবর্তী অস্থিসন্ধি কোনটি?,গমফোসিস,কব্জা,কীলক,স্যাডেল,C,অ্যাটলাস ও অ্যাক্সিসের মধ্যবর্তী অস্থিসন্ধি কীলক ধরনের।
765,MAT 2014-2015,মোটর প্রকৃতির স্নায়ু কোনটি?,হাইপোগ্লোসাল,ফেসিয়াল,ভেগাস,অপথ্যালমিক,A,"মোটর বা চেষ্টীয় স্নায়ু → ৩, ৪, ৬, ১১, ১২।
অন্যান্য অপশন সম্পর্কিত তথ্য:
Mixed বা মিশ্র স্নায়ু → বাকি সব স্নায়ু।
Sensory বা সংবেদী স্নায়ু → ১, ২, ৮।"
766,AFMC 2020-2021,সন্তান প্রসবে কোন হরমোন সাহায্য করে?,অক্সিটোসিন,অক্সিন,টেস্টোস্টেরন,গোনাডোট্রপিন,A,শিশু প্রসব: ৪০তম সপ্তাহে অক্সিটসিন ও প্রোস্টাগ্লান্ডিন হরমোন দুটির সক্রিয়তায় জরায়ুর সংকোচন ঘটে। ফলে শিশু জরায়ু থেকে বাইরে আসতে পারে। এটি ৩টি ধাপে সম্পন্ন হয়।
767,AFMC 2020-2021,মায়ের দুধে কি ধরনের প্রতিরক্ষা থাকে?,প্রাকৃতিক সক্রিয়,প্রাকৃতিক অক্রিয়,কৃত্রিম সক্রিয়,কৃত্রিম অক্রিয়,B,"প্রাকৃতিক অক্রিয় প্রতিরক্ষা: এ ধরনের প্রতিরক্ষায় অমরা বা কলোস্ট্রাম (শাল দুধ)-এর মাধ্যমে অ্যান্টিবডি মায়ের শরীর থেকে শিশুদেহে প্রবেশ করে।
 এভাবে স্থানান্তরিত অ্যান্টিবডি কয়েক সপ্তাহমাত্র টিকে থাকে। এ সময়ের মধ্যে শিশুদেহে নিজের অ্যান্টিবডি উৎপন্নের জন্য নিজস্ব প্রতিরক্ষাতন্ত্র গড়ে উঠে।"
768,AFMC 2020-2021,অ্যান্টিবডি ক্ষরণ করে কোন কোষ?,T-cell,cell,প্লাজমা কোষ,ম্যাক্রোফেজ কোষ,C,"অ্যান্টিবডি বহিরাগত ক্ষতিকর বস্তুর (অ্যান্টিজেন) উপস্থিতি ও মিথষ্ক্রিয়ার মাধ্যমে সৃষ্ট প্রতিরোধী বস্তু।অ্যান্টিবডির প্রস্তুতি:
রক্ত শ্বেত কণিকা → লিম্ফোসাইট → B-লিম্ফোসাইট → প্লাজমা কোষ → অ্যান্টিবডি।"
769,AFMC 2020-2021,সর্বপ্রথম ভ্যাক্সিন কত সালে আবিষ্কৃত হয়?,1796,1856,1789,1956,A,"ড. এডওয়ার্ড জেনার ১৭৯৬ খ্রিস্টাব্দে সর্বপ্রথম গুটিবসন্তের ভ্যাক্সিন আবিষ্কারের মধ্যদিয়ে যুগান্তকারী 'ভ্যাক্সিন বিপ্লব' ঘটিয়ে মানুষের রোগমুক্ত দীর্ঘ সুন্দর জীবনের যে প্রত্যাশা জাগিয়েছেন, তার ধারাবাহিকতায় আজ দ্বিতীয় জেনারেশন ভ্যাক্সিন হিসেবে হেপাটাইটিস-বি ভ্যাক্সিন উৎপন্ন হয়েছে।"
770,AFMC 2020-2021,কোনটি সেক্স লিংকড ডিসঅর্ডার নয়?,ডায়াবেটিক ম্যালিটাস,হিমোফিলিয়া,বর্ণান্ধতা,সবগুলো,A,"মানুষের যেসব জিন নিয়ন্ত্রিত বংশগত রোগ সেক্স ক্রোমোজোমের (X ও Y) মাধ্যমে বংশ পরম্পরায় সঞ্চারিত হয়, তাদের সেক্স-লিঙ্কড ডিসঅর্ডার বা অস্বাভাবিকতা বলে।
ডায়াবেটিক ম্যালিটাস বংশগত নয়, তবে ডায়াবেটিক ইনসিপিডাস বংশগত।"
771,AFMC 2020-2021,কোয়াগুলেশন ফ্যাক্টর কোনটির অভাবে হিমোফিলিয়া হয়?,VI ফ্যাক্টর,V ফ্যাক্টর,VIII ফ্যাক্টর,VII ফ্যাক্টর,C,হিমোফিলিয়া হচ্ছে বংশগতভাবে সঞ্চারণশীল এক প্রকার রক্ততঞ্চন ঘটিত ত্রুটি বা অস্বাভাবিকতা। X-ক্রোমোসোমের একটি প্রচ্ছন্ন জিনের কারণে হিমোফিলিয়া হয়ে থাকে।
772,AFMC 2020-2021,সপ্তম করোটিক স্নায়ু কোনটি?,অলফ্যাকটোরি,অপটিক,ফেসিয়াল,অডিটরী,C,"৭ম করোটিক স্নায়ুর নাম- ফেসিয়াল স্নায়ু। যার ২টি শাখা থাকে ১টি প্যালেটাইন অপরটি হায়োম্যান্ডিবুলারি। এ স্নায়ুর কাজ স্বাদ গ্রহণ, চর্বণ ও গ্রীবা সঞ্চলন।"
773,MAT 2017-2018,মানবদেহে ক্যালসিয়াম ও ফসফরাসের বিপাক নিয়ন্ত্রণ করে কোন গ্রন্থি?,থাইমাস,থাইরয়েড,প্যারাথাইরয়েড,এড্রেনাল,C,প্যারাথাইরয়েড গ্রন্থি নিঃসৃত প্যারাথরমোন ক্যালসিয়াম ও ফসফরাসের বিপাক নিয়ন্ত্রণ করে।
774,MAT 2017-2018,মানব দেহে নিষেক প্রক্রিয়া কোথায় সংঘটিত হয়?,জরায়ু,ডিম্বনালি,ডিম্বাশয়,সারভিক্স,B,নিষেক প্রক্রিয়া ডিম্বনালিতে সংঘটিত হয়।
775,MAT 2017-2018,প্রথম টেস্টটিউব বেবির নাম কী?,লুইস ব্রাউন,প্যাট্রিক স্ট্রেপটো,রবার্ট এডওয়ার্ড,হেনরি ওয়ার্টসন,A,"বিশ্বের প্রথম টেস্টটিউব বেবি: লুইস ব্রাউন
 বাংলাদেশের প্রথম ত্রয়ী টেস্টটিউব বেবি: হিরা, মনি, মুক্তা"
776,MAT 2017-2018,নিচের কোনটি মানুষের প্রাথমিক প্রতিরোধ ব্যবস্থা নয়?,লোম,লালা,ইন্টারফেরন,সিরুমেন,C,"প্রথম প্রতিরক্ষা স্তর: ত্বক, লোম, সিলিয়া, অশ্রু, লালা, সিরুমেন, পৌষ্টিকনালির এসিড, রেচন জননতন্ত্রের এসিড।
দ্বিতীয় প্রতিরক্ষা স্তর: ফ্যাগোসাইট, সহজাত মারণকোষ, জ্বর, প্রদাহ, কমপ্লিমেন্ট সিস্টেম, ইন্টারফেরন।"
777,MAT 2017-2018,নিচের কোনটি সেক্স-লিংকড ডিসঅর্ডার নয়?,লাল-সবুজ বর্ণান্ধতা,থ্যালাসেমিয়া,হিমোফিলিয়া,ডুশেনি মাসকুলার ডিস্ট্রফি,B,"সেক্স-লিংকড ডিসঅর্ডারের উদাহরণ:
লাল-সবুজ বর্ণান্ধতা
মাসকুলার ডিস্ট্রফি
ফ্র্যাজাইল X সিনড্রোম
হাইপারট্রাইকোসিস
হিমোফিলিয়া
রাতকানা
ডায়াবেটিস ইনসিপিডাস
টেস্টিকুলার ফেমিনাইজেশন"
778,MAT 2017-2018,মারসুপিয়াল স্তন্যপায়ী প্রাণী কোন মহাদেশে পাওয়া যায়?,এশিয়া,ইউরোপ,অস্ট্রেলিয়া,আফ্রিকা,C,অস্ট্রেলিয়া একমাত্র মহাদেশ যেখানে মারসুপিয়াল স্তন্যপায়ীদের পাওয়া যায়। এর উপস্থিতি বিবর্তনের ভিত্তিতে জীব-ভৌগোলিক প্রমাণ হিসেবে ব্যাখ্যা করা যায়।
779,MAT 2017-2018,নিচের কোনটি দ্বিঅরীয় প্রতিসাম্য প্রাণীর উদাহরণ?,হাইড্রা,জেলিফিশ,টিনোফোরা,সী অ্যানিমন,C,টিনোফোরা দ্বিঅরীয় প্রতিসাম্য।
780,MAT 2017-2018,হাইড্রার খাদ্য নয় কোনটি?,সাইক্লপস,ড্যাফনিয়া,খণ্ডকায়িত প্রাণী,ছোট ঘাস,D,"হাইড্রার প্রধান খাদ্য হলো ক্রাস্টাসীয় সন্ধিপদী প্রাণী, মাছের ডিম, কীটপতঙ্গের লার্ভা, সাইক্লপস, ড্যাফনিয়া, খণ্ডায়িত প্রাণী, এবং ছোট ছোট কৃমি।"
781,MAT 2017-2018,ঘাসফড়িংয়ের রক্ত সংবহনতন্ত্রের অংশ নয় কোনটি?,হিমোসিল,সম্মুখ বাহিকা,পৃষ্ঠীয় বাহিকা,হিমোলিম্ফ,B,"ঘাসফড়িংয়ের রক্ত সংবহনতন্ত্রে হিমোসিল, হিমোলিম্ফ এবং পৃষ্ঠীয় বাহিকা অন্তর্ভুক্ত থাকে, কিন্তু সম্মুখ বাহিকা এর অংশ নয়।"
782,MAT 2017-2018,স্ত্রী রুইমাছ ডিম পাড়ে কখন?,জানুয়ারি-মার্চ মাস,ফেব্রুয়ারি-মে মাস,জুন-আগস্ট মাস,সেপ্টেম্বর-জানুয়ারি মাস,C,স্ত্রী রুইমাছ সাধারণত বর্ষাকাল (জুন-জুলাই) মাসে প্রজননের জন্য তৈরি হয় এবং ডিম পাড়ে।
783,MAT 2017-2018,নিচের কোন হরমোনটি পাকস্থলীর হাইড্রোক্লোরিক অ্যাসিড নিঃসরণ নিয়ন্ত্রণ করে?,এন্টেরোকাইনিন,সিক্রেটিন,সোমাটোস্টাটিন,গ্যাস্ট্রিন,D,"গ্যাস্ট্রিন পাকস্থলির পাইলোরিক প্রান্তের জি-কোষ থেকে ক্ষরিত হয়।
গ্যাস্ট্রিক গ্রন্থি থেকে গ্যাস্ট্রিক জুস ও HCl ক্ষরণ নিয়ন্ত্রণ করে।"
784,MAT 2017-2018,নিচের কোনটি তৈরির প্রক্রিয়াকে এরিথ্রোপোয়েসিস বলে?,লোহিত রক্তকণিকা,অণুচক্রিকা,প্লাজমা,শ্বেত রক্তকণিকা,A,"বৃক্কের গ্লোমেরুলাস থেকে উৎপন্ন এরিথ্রোপোয়েটিন নামক হরমোন লোহিত রক্তকণিকা তৈরি নিয়ন্ত্রণ করে; যাকে এরিথ্রোপোয়েসিস বলে।
অন্যান্য অপশন সম্পর্কিত তথ্য:
Hematopoiesis → রক্তকণিকা সৃষ্টির প্রক্রিয়া।
Hemostasis → রক্তপাত মন্থর ও বন্ধের প্রক্রিয়া।"
785,MAT 2017-2018,হৃদ-ফুসফুস যন্ত্র (Heart-Lung Machine) কোন কাজে ব্যবহৃত হয়?,অ্যানজিওপ্লাস্টিতে,হৃৎপিণ্ডের বাইপাস সার্জারিতে,রক্তচাপ নিয়ন্ত্রণ করতে,পেসমেকার বসাতে,B,"করোনারি বাইপাস সার্জারি: দেহের অন্য অংশ থেকে সুস্থ রক্তবাহিকা কেটে এনে ধমনির পাশে স্থাপন করে রক্ত সরবরাহের বিকল্প পথ সৃস্টি করার প্রক্রিয়াকে করোনারি বাইপাস সার্জারি বলে।
অন্যান্য অপশন সম্পর্কিত তথ্য:
অ্যানজিওপ্লাস্টি: করোনারি ধমনি উন্মুক্ত করার পদ্ধতিকে অ্যানজিওপ্লাস্টি বলে।
পেসমেকার: মানবদেহের হৃদযন্ত্রে Sino-Atrial node কে পেসমেকার বলে।"
786,MAT 2017-2018,হেনলির লুপের অবস্থান বৃক্কের কোথায়?,বৃক্কীয় নালিকায়,রেনাল করপাসলে,এফারেন্ট ধমনিকাতে,ইফারেন্ট ধমনিকাতে,A,"বৃক্কের কার্যকরী একক নেফ্রন। নেফ্রণের ২টি প্রধান অংশ:
i. রেনাল করপাসল (২টি অংশ):
রেনাল ক্যাপসুল
গ্লোমেরুলাস
ii. রেনাল টিউব্যুল (৪টি অংশ):
প্রক্সিমাল প্যাঁচানো নালিকা
লুপ অব হেনলি
ডিস্টাল প্যাঁচানো নালিকা
সংগ্রাহী নালী"
787,MAT 2017-2018,মানবদেহের করোটিকাতে কতগুলো অস্থি আছে?,12টি,17টি,৪টি,10টি,A,"মানবদেহের করোটিকাতে ৮টি অস্থি থাকে। অস্থিগুলো হলো:
ফ্রন্টাল-১
প্যারাইটাল-২
অক্সিপিটাল-১
টেমপোরাল-২
স্ফেনয়েড-১
এথময়েড-১"
788,MAT 2017-2018,পূর্ণ সংবেদী স্নায়ু নয় কোনটি?,অলফ্যাক্টরি স্নায়ু,ফেসিয়াল স্নায়ু,অডিটরি স্নায়ু,অপটিক স্নায়ু,B,"Sensory/সংবেদী স্নায়ু → 1, 2, 8
অন্যান্য অপশন সম্পর্কিত তথ্য:
Motor/চেষ্টীয় স্নায়ু → 3, 4, 6, 11, 12
Mixed/মিশ্র স্নায়ু → বাকি সব স্নায়ু"
789,MAT 2016-2017,প্রাপ্তবয়স্ক মানুষের মস্তিষ্কে নিউরনের সংখ্যা কত?,১০ মিলিয়ন,১০ কোটি,১০ বিলিয়ন,১০ লক্ষ,C,"মানব মস্তিষ্কের বৈশিষ্ট্য:
ওজন: প্রায় ১.৩৬ কেজি
আয়তন: প্রায় ১৫০০ ঘন সেন্টিমিটার
নিউরন সংখ্যা: প্রায় ১০০ বিলিয়ন (১ লক্ষ কোটি)"
790,MAT 2016-2017,নিচের কোনটি মিশ্র গ্রন্থি নয়?,অগ্ন্যাশয়,শুক্রাশয়,ডিম্বাশয়,এড্রেনাল গ্রন্থি,D,"মিশ্র গ্রন্থি ৪টি:
অগ্ন্যাশয়, শুক্রাশয়, ডিম্বাশয়, যকৃত"
791,MAT 2016-2017,বুকের দুধে কোন ধরনের ইমিউনোগ্লোবিন (Ig) থাকে?,IgE,IgM,IgG,IgA,A,"বিভিন্ন ধরনের ইমিউনোগ্লোবিনের নাম ও অবস্থান:
IgG → রক্ত, লসিকা, লালারসমবস্থান
IgM → রক্ত ও লসিকা
IgA → অশ্রু, লালা, পরিপাক রস, শ্বসন তরল, রক্ত
IgE → লসিকা, মায়ের দুধ প্রভৃতি দেহতরল
IgD → রক্ত, লসিকা ও লিম্ফোসাইট (B কোষের উপরিতল)"
792,MAT 2016-2017,"কনে হিমোফিলিয়া বাহক, বর সুস্থ, এদের সন্তানদের ক্ষেত্রে কোনটি মিথ্যা?",পুত্রদের অর্ধেক সুস্থ হবে,পুত্রদের সবাই সুস্থ হবে,পুত্রদের অর্ধেক হিমোফিলিয়ায় আক্রান্ত হবে,কন্যাদের অর্ধেক বাহক হবে,B,"স্বাভাবিক পুরুষ (XᴴY) × বাহক মহিলা (XᴴXʰ) হলে:
সন্তানের সম্ভাব্য জিনোটাইপ → ধরন
XᴴXᴴ →স্বাভাবিক কন্যা
XᴴXʰ →বাহক কন্যা
XᴴY →স্বাভাবিক পুত্র
XʰY → হিমোফিলিক পুত্র"
793,MAT 2016-2017,ফিলোসফিকা জুওলজিক' গ্রন্থের রচয়িতা কে?,ডারউইন,ল্যামার্ক,দ্য ভিস,ভাইজম্যান,B,"ল্যামার্ক ছিলেন একজন ফরাসি দার্শনিক ও প্রকৃতিবিজ্ঞানী।
তার লেখা ‘ফিলোসফিকা জুওলজিক’ (১৮০৯) গ্রন্থে ল্যামার্কিজম মতবাদ প্রকাশিত হয়।"
794,MAT 2016-2017,জুরাসিক সময়কাল বলা হয় কত আগের সময়কে?,১৫ কোটি বছর,সাড়ে ১৬ কোটি বছর,সাড়ে ১৩ কোটি বছর,২৫ কোটি বছর,B,"জুরাসিক সময়কাল:
সাড়ে ১৬ কোটি বছর পূর্বে মেসোজয়িক মহাকালের অন্তর্ভুক্ত
এই সময়ে বিভিন্ন ডাইনোসর ছিল
এ সময়কে ‘সরিসৃপের যুগ’ বলা হয়"
795,MAT 2024-2025,মস্তিষ্কের কোন অংশ মানুষের ক্ষুধা নিয়ন্ত্রণ করে?,মেডুলা অবলংগাটা,সেরিবেলাম,হাইপোথ্যালামাস,সেরিব্রাম,C,"হাইপোথ্যালামাস → ক্ষুধা, তৃষ্ণা, ঘাম, ঘুম, রাগ, পীড়ন, ভালোলাগা, ঘৃণা, উদ্বেগ প্রভৃতির কেন্দ্র হিসেবে কাজ করে; স্বয়ংক্রিয় স্নায়ুকেন্দ্রের কেন্দ্র হিসেবে কাজ করে; দেহতাপ নিয়ন্ত্রণ করে; অন্তঃক্ষরা গ্রন্থির ক্ষরণ এবং রক্তচাপ নিয়ন্ত্রণ করে।"
796,MAT 2024-2025,ডেলটয়েড টিউবারসিটি কোন অস্থির অংশ?,আলনা,স্ক্যাপুলা,রেডিয়াস,হিউমেরাস,D,"হিউমেরাস → ঊর্ধ্ববাহুর প্রথম অস্থি, টিউবার্কলের নিচে সার্জিকাল গ্রীবা থেকে মূল দেহ গঠিত হয়, মূল দেহের মধ্যভাগে পেশি সংযুক্তির জন্য খসখসে ডেলটয়েড রিজ রয়েছে।"
797,MAT 2024-2025,ফুসফুসের আবরণকে কি বলে?,গ্লিসন ক্যাপসুল,পেরিকার্ডিয়াম,ডায়াফ্রাম,প্লিওরা,D,ফুসফুসের আবরণ → প্লিউরা; হৃৎপিন্ডের আবরণ → পেরিকার্ডিয়াম; যকৃতের আবরণ→ গ্লিসন'স ক্যাপসুল।
798,MAT 2024-2025,নিচের কোনটি মানুষের দ্বিতীয় মস্তিষ্ক হিসাবে পরিচিত?,সুষুম্না কাণ্ড,এন্টেরিক স্নায়ুতন্ত্র,এক্সট্রিনসিক স্নায়ুতন্ত্র,মেডুলা অবলংগাটা,B,"দুটি ভিন্ন ধরনের স্নায়ুজালক মানুষের খাদ্য পরিপাক নিয়ন্ত্রণ করে-
(i) এক্সট্রিনসিক প্লেক্সাস
(ii) ইনট্রিনসিক প্রেক্সাস / অন্ত্রীয় (Enteric) স্নায়ুতন্ত্রঃ বিজ্ঞানীরা মানুষের দ্বিতীয় মস্তিষ্ক হিসেবে আখ্যায়িত করেছেন।"
799,MAT 2024-2025,কানের কোন অংশ ভারসাম্য রক্ষায় কাজ করে?,কর্ণাস্থি,ভেস্টিবুলার যন্ত্র,টিমপেনিক পর্দা,ককলিয়ার বডি,B,"মানুষের ভারসাম্যের অঙ্গকে ভেস্টিবুলার অ্যাপারেটাস / ভেস্টিবুলার যন্ত্র বলে। ইউট্রিকুলাস, স্যাকুলাস ও অর্ধবৃত্তাকার নালিগুলো ভেস্টিবুলার যন্ত্র গঠন করে।"
800,MAT 2024-2025,নিচের কোন হরমোনটি মানুষের ডিম্বাশয় থেকে নিঃসৃত হয়??,অক্সিটোসিন,প্রোল্যাকটিন,প্রজেস্টেরন,থাইরোনিন,C,"ডিম্বাশয় নিঃসৃত হরমোন → ইস্ট্রোজেন ও প্রজেস্টেরন;
থাইরোনিন → থাইরয়েড নিঃসৃত হরমোন;
প্রোল্যাকটিন → অগ্র পিটুইটারি নিঃসৃত হরমোন;
অক্সিটোসিন → পশ্চাৎ পিটুইটারি নিঃসৃত হরমোন।"
801,MAT 2024-2025,কোন চক্রের মাধ্যমে যকৃতে ইউরিয়া তৈরী হয়?,কার্বন চক্র,অরনিথিন চক্র,ক্রেবস চক্র,নাইট্রোজেন চক্র,B,"অরনিথিন চক্র এ প্রক্রিয়ায় যকৃত অত্যন্ত বিষাক্ত NH3 কে শর্করা বিপাকে সৃষ্ট CO2 এর সাথে যুক্ত করে ইউরিয়া তৈরি করে, যা মূত্ররূপে দেহ হতে নিষ্কাশিত হয়। NH3 + CO2 → ইউরিয়া।"
802,MAT 2024-2025,কোন এন্টিবডি প্রধানত এলার্জির সাথে সংশ্লিষ্ট?,IgA,IgM,IgG,IgE,D,"IgE → এটি দুর্লভ Ig, প্রদাহ সাড়া সক্রিয় করে, অ্যালার্জিক সাড়াদানে নেতিবাচক ভূমিকা রাখে।
IgG → গর্ভাবস্থায় অমরা অতিক্রম করে।
IgA → মায়ের বুকের দুধের মাধ্যমে শিশুতে স্থানান্তরিত হয়।"
803,MAT 2024-2025,মানবদেহে সপ্তম করোটিক স্নায়ুর নাম কি?,ট্রকলিয়ার স্নায়ু,ফেসিয়াল স্নায়ু,ভেগাস স্নায়ু,অপটিক স্নায়ু,B,"সপ্তম করোটিক স্নায়ু → ফেসিয়াল স্নায়ু
দ্বিতীয় করোটিক স্নায়ু → অপটিক স্নায়ু
চতুর্থ করোটিক স্নায়ু → ট্রকলিয়ার স্নায়ু
দশম করোটিক স্নায়ু → ভেগাস স্নায়ু"
804,MAT 2024-2025,এনজিওপ্লাস্টি করলে কি হয়?,হৃদস্পন্দন বৃদ্ধি পায়,সরু ধমনী প্রশস্ত হয়,হৃদস্পন্দনের গতি ধীর হয়,রক্ত সঞ্চালনের গতি বৃদ্ধি পায়,B,বড় ধরণের অস্ত্রোপচার না করে সংকীর্ণ লুমেনযুক্ত বা রুদ্ধ হয়ে যাওয়া করোনারি ধমনি পুনরায় প্রশস্ত লুমেনযুক্ত করা বা উন্মুক্ত করার পদ্ধতিকে এনজিওপ্লাস্টি বলে। এনজিওপ্লাস্টির উদ্দেশ্য হচ্ছে সরু বা বন্ধ হয়ে যাওয়া লুমেনের ভিতর দিয়ে হৃৎপিন্ডে পর্যাপ্ত O₂ সরবরাহ নিশ্চিত করে হৃৎপিন্ড ও দেহকে সচল রাখা।
805,MAT 2024-2025,কোন কোষ হেপারিন তৈরী ও নিঃসরণ করে?,নিউট্রোফিল,লিম্ফোসাইট,মোনোসাইট,বেসোফিল,D,"বেসোফিল → হেপারিন উৎপন্ন ও নিঃসরণ করে যা রক্তনালির অভ্যন্তরে রক্তজমাট রোধ করে।
ইওসিনোফিল → রক্তে প্রবেশকৃত কৃমির লার্ভা ধ্বংস করে এবং অ্যালার্জিতে সাড়া দেয়।"
806,MAT 2024-2025,ডাক্টাস ক্যুভেইরি রুই মাছের কোন তন্ত্রের অংশ?,শ্বসনতন্ত্র,শিরাতন্ত্র,রেচনতন্ত্র,ধমনিতন্ত্র,B,রুইমাছের দেহের সামনের অংশ থেকে সম্মুখ কার্ডিনাল শিরা ও জুগুলার শিরা রক্ত সংগ্রহ করে ডাক্টাস ক্যুভিয়েরি (ductus cuvieris) তে উন্মুক্ত হয়।
807,MAT 2024-2025,পেসমেকারের কাজ কি?,রক্তকে তরল রাখে,রক্ত সঞ্চালন বৃদ্ধি করে,হৃদরোগ প্রতিরোধ করে,হৃদস্পন্দনের ধীরগতি নিয়ন্ত্রণ করে,D,হার্ট এটাক ঘটতে পারে এমন ধীর হৃৎস্পন্দন কিংবা হার্ট সার্জারির সময় জরুরী ভিত্তিতে অস্থায়ী পেসমেকার ব্যবহার করা হয়। পেসমেকার ব্যবহারে সব ধরণের অ্যারিথমিয়ার হাত থেকে রক্ষা পাওয়া যায়।
808,MAT 2024-2025,"পূর্ণবয়স্ক সুস্থ মানুষের দুই বৃক্কে প্রতি মিনিটে মোট রক্ত সঞ্চালনের
পরিমাণ-",২৫০ মিঃ লিঃ,১২৫ মিঃ লিঃ,৩৭৫ মিঃ লিঃ,১২০০ মিঃ লিঃ,D,মানবদেহে দুটি বৃক্কের মাধ্যমে প্রতি মিনিটে প্রায় 1200 ml রক্ত প্রবাহিত হয়। এ রক্ত থেকে প্রায় 125 ml গ্লোমেরুলার ফিলট্রেট উৎপন্ন হয়ে বোম্যানস ক্যাপসুলে জমা হয় এবং মাত্র 1 ml মূত্র সৃষ্টি হয়।
809,MAT 2024-2025,কোনটির উপস্থিতিতে স্নেহ পদার্থের ইমালসিফিকেশন হয়?,বাইল সল্ট,এনজাইম,ভিটামিন,হরমোন,A,"পিত্তরসে অবস্থিত পিত্তলবণ (bile salt) যেমন- সোডিয়াম dm গ্লাইকোকোলেট, সোডিয়াম টরোকোলেট, পটাসিয়াম গ্লাইকোকোলেট ও পটাশিয়াম টারোকোলেট স্নেহজাতীয় খাদ্যকে ভেঙ্গে ক্ষুদ্র ক্ষুদ্র কণায় পরিণত করে। এ প্রক্রিয়াকে অবদ্রবণ বা ইমাসিফিকেশন বলে।"
810,MAT 2024-2025,নিচের কোনটি নাইট্রোজেনবিহীন পদার্থ?,ল্যাকটিক এসিড,ক্রিয়েটিনিন,এমোনিয়া,ইউরিয়া,A,"প্রোটিনবিহীন নাইট্রোজেনঘটিত রেচন পদার্থ ইউরিয়া, ইউরিক এসিড, ক্রিয়েটিনিন, জ্যানথিন, হাইপোজ্যানথিন, অ্যামোনিয়া।"
811,MAT 2022-2023,মুখে খাওয়ার পোলিও ভ্যাকসিনটি কোন ধরনের ভ্যাকসিন?,নিষ্ক্রিয় টিকা,জীবনস্মৃত জীবন্ত টিকা,উপএকক টিকা,অনুবন্ধী টিকা,B,"মৃত বা নিষ্ক্রিয় ভ্যাক্সিনের উদাহরণ: ইনফ্লুয়েঞ্জা, কলেরা, পোলিও (IPV Inactivated Polio Vaccine যেটি injectable), হেপাটাইটিস-এ।
জীবনমৃত জীবন্ত টিকা (Live Attenuated Vaccine) এর উদাহরণ: মুখে খাওয়ার পোলিও ভ্যাক্সিন, (OPV→Oral Polio Vaccine), মাম্পস, জলাতঙ্ক, যক্ষ্মা, প্লেগ, টাইফয়েড।"
812,MAT 2022-2023,নিচের কোনটি ম্যাক্রোফেজের কাজ নয়?,বিভিন্ন ধরনের কোষবিষ তৈরি করা,বিভিন্ন ধরনের এন্টিবডি তৈরি করা,জীর্ণ কোষকে অপসারন করা,রিঅ্যাকটিভ অক্সিজেন ইন্টারমিডিয়েট তৈরি করা,B,অ্যান্টিবডি তৈরি করা লিম্ফোসাইটের কাজ।
813,MAT 2022-2023,অন্তঃশ্বসন-,কোষ ও রক্তে সংঘটিত হয়,নির্দিষ্ট পরিমাণ শক্তি উৎপন্ন করে,এনজাইম দ্বারা প্রভাবিত হয় না,একটি ভৌত রাসায়নিক প্রক্রিয়া,"A,B","অন্তঃশ্বসন দেহকোষ ও রক্তে সংগঠিত হয়, নির্দিষ্ট পরিমাণ শক্তি উৎপন্ন করে, এনজাইম দ্বারা প্রভাবিত হয়। এবংএটি একটি জৈব রাসায়নিক প্রক্রিয়া"
814,MAT 2022-2023,Mollusca এর ক্ষেত্রে কোনটি সঠিক?,নরম কিউটিকুলার এপিডার্মিস দ্বারা আবৃত,নরম ও অখন্ডায়িত,প্রতি খন্ডে নেফ্রিডিয়া বিদ্যমান থাকে,দেহাভ্যন্তরে কেন্দ্রীয় গহ্বর বিদ্যমান,B,"Mollusca নরম মাংসল, অখন্ডকায়িত Annelida নরম কিউটিকলে আবৃত এবং এর প্রতিটি খণ্ডে নেফ্রিডিয়া থাকে।"
815,MAT 2022-2023,গ্লুকাগন-,রক্তে সুগার কমায়,অগ্ন্যাশয়ের ডেলটা কোষ থেকে নিঃসৃত হয়,একটি পলিপেপটাইড এনজাইম,ইনসুলিনের সাথে বিপরীতভাবে সম্পর্কিত,D,"গ্লুকাগন একটি পলিপেপটাইড হরমোন, অগ্ন্যাশয়ের a কোষ থেকে নিঃসৃত হয়, রক্তে সুগার বৃদ্ধি করে।"
816,MAT 2022-2023,মানবদেহে কোনটি লুপ্তপ্রায় অংগ?,থাইরয়েড গ্ল্যান্ড,থাইমাস,স্ক্যাপুলা,ক্যানাইন দাঁত,B,"মানবদেহের লুপ্তপ্রায় অঙ্গগুলো হলো থাইমাস গ্রন্থি, আক্কেল দাঁত, কর্তন দাঁত, পুচ্ছাস্থি, গায়ের লোম, উপপল্লব ইত্যাদি।"
817,MAT 2022-2023,কোন উদ্দীপনা অ্যানিমোট্যাক্সিসকে প্রভাবিত করে?,বায়ুপ্রবাহ,আর্দ্রতা,মাধ্যাকর্ষণ,তাপ,A,বায়ু প্রবাহের প্রতি প্রাণীর সাড়া অ্যানিমোট্যাক্সিস
818,MAT 2022-2023,মায়োফাইব্রিলে কি ধরনের আমিষ থাকে?,অ্যাকটিন এবং মায়োসিন,অ্যাকটিন এবং জিলাটিন,মায়োসিন এবং ইলাস্টিন,কোলাজেন এবং মায়োসিন,A,মায়োফাইব্রিলে গুলো অ্যাকটিন ও মায়োসিন নামক প্রোটিন দিয়ে নির্মিত।
819,MAT 2022-2023,অন্ত্রের প্রথম প্রতিরক্ষার স্তর কোনটি?,"পাকস্থলির অ্যাসিড, মাইক্রোবায়োম ও মলত্যাগ","সিলিয়া, কমপ্লিমেন্ট তন্ত্র ও সাইটোকাইনস","ত্বক, ফ্যাগোসাইটস ও কমপ্লিমেন্ট তন্ত্র","লালা, পাকস্থলির এনজাইম ও ফ্যাগোসাইটস",A,"অস্ত্রের প্রথম প্রতিরক্ষা স্তর এর উপাদান পাকস্থলির অ্যাসিড ও এনজাইম, মাইক্রোবায়োম, মলত্যাগ ও বমি।"
820,MAT 2022-2023,বুকের দুধের কোন উপাদানটি নবজাতকের প্রতিরক্ষায় কার্যকর?,সহজপাচ্য আমিষ,ইমিউনোগ্লোবুলিন-এ,পলিআনস্যাচুরেটেড ফ্যাটি অ্যাসিড,গ্যালাকটোজ,B,ইমিউনোগ্লোবুলিন-এ মায়ের দুধের মাধ্যমে শিশুদেহে প্রবেশ করে এবং প্রাকৃতিক অক্রিয় প্রতিরক্ষা দান করে।
821,DAT 2021-2022,নিচের কোন স্তন্যপায়ী প্রাণী ডিম পাড়ে?,বাদুর (Bat),ক্যাঙ্গারু (Kangaroo),প্লাটিপাস (Platypus),সীল (Seal),C,প্লাটিপাস স্তন্যপায়ী প্রাণীর Prototheria উপশ্রেণীভুক্ত। এরা ডিম পাড়ে এবং ডিম থেকে অপরিণত নবজাতকের জন্ম হয়।
823,DAT 2021-2022,নিচের চার প্রকোষ্ঠ বিশিষ্ট হৃদপিন্ড কোন প্রাণীতে দেখা যায়?,কুমীর,কচ্ছপ,টিকটিকি,সাপ,A,"কচ্ছপ, টিকটিকি (উভচর) → হৃৎপিণ্ড তিন প্রকোষ্ঠবিশিষ্ট,
সাপ (সরীসৃপ) → হৃৎপিণ্ড অসম্পূর্ণভাবে চার প্রকোষ্ঠবিশিষ্ট,
সরীসৃপে ব্যতিক্রম কুমীর → হৃৎপিণ্ড সম্পূর্ণভাবে চার প্রকোষ্ঠবিশিষ্ট।"
824,DAT 2021-2022,কোন hormone পাকস্থলির এসিড নিঃসরণ নিয়ন্ত্রণ করে?,কোলোসিস্টোকাইনিন,সিক্রেটিন,এন্টেরোকাইনিন,গ্যাস্ট্রিন,D,গ্যাস্ট্রিন হরমোন পাকস্থলি থেকে নিঃসৃত HCI এসিডের নিঃসরণ নিয়ন্ত্রণ করে।
825,DAT 2021-2022,কোন কোষ বিভাজন পদ্ধতিতে RBC তৈরি হয়?,synopsis,mitosis,meiosis,amitiosis,B,মাইটোসিস পদ্ধতিতে লোহিত রক্তকণিকা তৈরী হয়।
826,DAT 2021-2022,কোন hormone রক্তে Na+ এবং K+ এর সমতা রক্ষা করে?,ইনসুলিন,থাইরোক্সিন,এলডোস্টেরন,এড্রেনালিন,C,অ্যাড্রেনাল কর্টেক্স থেকে ক্ষরিত অ্যালডোস্টেরন হরমোন Na+ ও K+ আয়নের সমতা রক্ষা করে।
827,DAT 2021-2022,স্বাভাবিক অবস্থায় হৃদপিন্ডের পেসমেকার কোনটি?,Bundle of His,SA node,AV node,Purkinje fiber,B,"স্বাভাবিক অবস্থায় হৃৎপিণ্ডের পেসমেকার → SA node,
সংরক্ষিত বা রিজার্ভ পেসমেকার → AV node."
828,DAT 2021-2022,নিচের কোন রক্তকণিকাটি স্মৃতিকোষ?,বেসোফিল,মনোসাইট,নিউট্রোফিল,লিম্ফোসাইট,D,স্মৃতিকোষ হলো লিম্ফোসাইট নামক অদানাদার শ্বেত রক্তকণিকা। এগুলো অ্যান্টিজেনকে চিহ্নিত ও মোকাবেলা করে।
829,DAT 2021-2022,যকৃতে অবস্থিত ম্যাক্রোফেজকে কি কোষ বলে?,অস্টিওব্লাস্ট,কুফার কোষ,মাইক্রোগ্লিয়া,ডেনড্রাইটিক কোষ,B,"ম্যাক্রোফেজ:
কুফার কোষ → যকৃত,
অস্টিওব্লাস্ট → অস্থি,
মাইক্রোগ্লিয়া → মস্তিষ্ক"
830,DAT 2021-2022,পূর্ণবয়স্ক সুস্থ মানুষের দেহের ওজনের কত শতাংশ রক্ত থাকে?,৭-৮%,১৫-১৯%,১৯-২০%,১০-১৫%,A,পূর্ণবয়স্ক সুস্থ মানবদেহে প্রায় ৫-৬ লিটার রক্ত থাকে যা দেহের মোট ওজনের ৭-৮%
831,MAT 2024-2025,নিচের কোনটিতে হাইড্রার বহিঃকোষীয় পরিপাক সংঘটিত হয়?,গ্যাসট্রোডার্মিস,হাইপোস্টোম,সিলেন্টেরন,কর্ষিকা,C,সিলেন্টেরন / পরিপাক-সংবহন গহ্বর / গ্যাস্ট্রোভাস্কুলার গহ্বর / ব্লাইন্ড গাট/ব্লাইন্ড স্যাক → এর মধ্যে খাদ্যবস্তু ফ্লাজেলীয় কোষের ক্রিয়ায় ক্ষুদ্র কণায় পরিণত হয় এবং পরে বহিঃকোষীয় পরিপাক ঘটে।
832,DAT 2021-2022,ব্লাড গ্রুপ AB তে প্লাজমায়-,কোন antibody থাকে না,A antibody থাকে,A ও B antibody থাকে,B antibody থাকে,A,A ব্লাড গ্রুপবিশিষ্ট ব্যক্তির রক্তরসে কোন অ্যান্টিবডি থাকে না কিন্তু লোহিত রক্তকণিকার ঝিল্লিতে অ্যান্টিজেন A ও B উভয়ই থাকে।
833,DAT 2021-2022,কোনটি প্লাজমা প্রোটিন নয়?,ক্রিয়েটিনিন,ফাইব্রিনোজেন,অ্যালবুমিন,গ্লোবুলিন,A,"ক্রিয়েটিনিন → নাইট্রোজেনঘটিত রেচন পদার্থ,
ফাইব্রিনোজেন, অ্যালবুমিন, গ্লোবুলিন → প্লাজমা প্রোটিন।"
834,DAT 2021-2022,কোন রক্তকণিকা দেহে antibody তৈরি করে?,নিউট্রোফিল,বেসোফিল,অনুচক্রিকা,বি-লিম্ফোসাইট,D,B-লিম্ফোসাইট দেহে অ্যান্টিবডি তৈরি করে। অ্যান্টিবডি রক্তে প্রবাহিত অ্যান্টিজেনকে ঘিরে ফেলে এবং ধ্বংশ করে।
835,DAT 2021-2022,কোনটি Live attenuated ভ্যাক্সিন?,হাম,হেপাটাইটিস বি,টিটেনাস,ইনফ্লুয়েঞ্জা,A,"মিজলজ (হাম) → Live attenuated vaccine,
হেপাটাইটিস বি → Subunut vaccine,
টিটেনাস → Toxoid vaccine,
ইনফ্লুয়েঞ্জা → Killed or Inactivated vaccine."
836,DAT 2021-2022,আমাদের জাতীয় পাখির বৈজ্ঞানিক নাম কি?,Gracula religiosa,Copsychus saularis,Passer domesticus,Columba livia,B,আমাদের জাতীয় পাখি দোয়েলের বৈজ্ঞানিক নাম Copsychus saularis
837,MAT 2021-2022,মানবদেহের কোন অঙ্গে সবচেয়ে বেশি মাত্রায় রক্ত প্রবাহিত হয়?,বৃক্ক,মস্তিষ্ক,যকৃত,অস্ত্র,C,দেহে রক্ত প্রবাহের মাত্রা বিভিন্ন কলায় ভিন্ন রকম হয়। যকৃতে সবচেয়ে বেশি মাত্রায় (1350 ml/min) রক্ত প্রবাহিত হয়। বৃক্কে (1100 ml/min) রক্ত প্রবাহিত হয়। মস্তিষ্কে (700 ml/min) রক্ত প্রবাহিত হয়।
838,MAT 2021-2022,ক্ষুদ্রান্ত্রের কোন স্তরে গবলেট কোষ থাকে?,সেরোসা,মিউকোসা,মাসকুলারিস মিউকোসা,সাবমিউকোসা,B,ক্ষুদ্রান্ত্রের মিউকোসা স্তরে গবলেট কোষ থাকে।
839,MAT 2021-2022,ভ্রুণ অবস্থায় মাতৃগর্ভে কখন প্রথম হৃদস্পন্দন শুরু হয়?,দশম সপ্তাহ,অষ্টম সপ্তাহ,ষষ্ঠ সপ্তাহ,দ্বাদশ সপ্তাহ,C,ভ্রুণ অবস্থায় মাতৃগর্ভে ষষ্ঠ সপ্তাহে প্রথম হৃদস্পন্দন শুরু হয়।
840,MAT 2021-2022,মাতৃদুগ্ধে কোন ধরনের immunoglobulin থাকে?,IgM,IgE,IgD,IgA,D,মাতৃদুগ্ধে IgA immunoglobulin থাকে।
841,MAT 2021-2022,মানুষের হৃদপিন্ডের কোন প্রকোষ্ঠের প্রাচীর সবচেয়ে পুরু?,বাম অলিন্দ,ডান নিলয়,ডান অলিন্দ,বাম নিলয়,D,মানুষের হৃদপিন্ডের বাম নিলয়ের প্রাচীর সবচেয়ে পুরু।
842,MAT 2021-2022,প্রজাপতি' এর প্রতিসাম্যতা কোন ধরনের?,অরীয়,দ্বি-অরীয়,দ্বিপার্শ্বীয়,অপ্রতিসাম্য,C,প্রজাপতি' এর প্রতিসাম্যতা 'দ্বিপার্শ্বীয়' ধরনের।
843,MAT 2021-2022,ঘাসফড়িং এর কোন গ্রন্থি থেকে জুভেনাইল হরমোন ক্ষরিত হয়?,প্রোথোরাসিক গ্রন্থি,কর্পোরা কার্ডিয়াকা,ইন্ট্রাসেরিব্রাল গ্রন্থিকোষ,কর্পোরা অ্যালাটা,D,ঘাসফড়িং এর কর্পোরা অ্যালাটা গ্রন্থি থেকে জুভেনাইল হরমোন ক্ষরিত হয়।
844,MAT 2021-2022,রক্তে অক্সিজেনের মাত্রা (O₂ saturation) ও হৃদস্পন্দন পরিমাপক যন্ত্রের নাম হল-,পালস অক্সিমিটার,থার্মোমিটার,স্ফিগমোম্যানোমিটার,ব্যারোমিটার,A,"থার্মোমিটার তাপমাত্রা পরিমাপক যন্ত্র, ব্যারোমিটার বায়ুচাপ পরিমাপক যন্ত্র, স্ফিগমোম্যানোমিটার রক্তচাপ পরিমাপক যন্ত্র, রক্তে অক্সিজেনের মাত্রা (O2 saturation) ও হৃদস্পন্দন পরিমাপক যন্ত্রের নাম পালস অক্সিমিটার।"
845,MAT 2021-2022,কেঁচো কোন অঙ্গের মাধ্যমে শ্বাসপ্রশ্বাস নেয়?,হৃদপিন্ড,ফুলকা,ত্বক,ফুসফুস,C,Annelida (কেঁচো)- সিক্ত দেহত্বক দ্বারা শ্বসন সম্পন্ন হয়।
846,MAT 2021-2022,কোন এনজাইম লালা গ্রন্থিতে পাওয়া যায়?,ট্রিপসিন,অ্যামাইলেজ,পেপসিন,টায়ালিন,D,"ট্রিপসিন এবং অ্যামাইলেজ অগ্ন্যাশয় গ্রন্থিতে পাওয়া যায়, পেপসিন গ্যাস্ট্রিক গ্রন্থিতে পাওয়া যায়, টায়ালিন এনজাইম লালা গ্রন্থিতে পাওয়া যায়।"
847,MAT 2021-2022,"কোন রক্ত কনিকা ""cell-mediated immunity” এর সাথে সম্পৃক্ত?",ইওসিনোফিল (Eosinophil),টি-লিম্ফোসাইট (T-lymphocyte),নিউট্রোফিল (Neutrophil),বেসোফিল (Basophil),B,T-lymphocyte cell mediated immunity প্রদান করে।
848,MAT 2021-2022,কোনটি autosomal recessive disorder?,থ্যালাসেমিয়া,লাল-সবুজ বর্ণান্ধতা,রাতকানা,হিমোফিলিয়া,A,"লাল-সবুজ বর্ণান্ধতা, রাতকানা, হিমোফিলিয়া- Sex-linked disorder. থ্যালাসেমিয়া- autosomal recessive disorder."
849,MAT 2021-2022,কোন এনজাইম আমিষ পরিপাকে সাহায্য করে?,ল্যাকটেজ,ট্রিপসিন,অ্যামাইলেজ,লাইপেজ,B,"ট্রিপসিন এনজাইম আমিষ পরিপাকে সাহায্য করে। ল্যাকটেজ, অ্যামাইলেজ এনজাইম শর্করা পরিপাকে সাহায্যে করে। লাইপেজ ফ্যাট পরিপাকে সাহায্য করে।"
850,MAT 2021-2022,কোন পদ্ধতিতে কোভিড ১৯ ভ্যাক্সিন প্রস্তুত করা হয় না?,উপএকক (Subunit vaccine),নিষ্ক্রিয় (Inactivated),এমআরএনএ (mRNA),বিষভিত্তিক (Toxoid),D,"উপএকক, নিষ্ক্রিয়, এমআরএনএ, প্রতিলিপিহীন ভাইরাল ভেক্টর, প্রোটিনের অংশ, ডিএনএ, ভাইরাসের ন্যায় বস্তু, প্রতিলিপি সক্ষম ভাইরাল ভেক্টর, অবনমিত ভাইরাস পদ্ধতিতে কোভিড ১৯ ভ্যাক্সিন প্রস্তুত করা হয়। বিষভিত্তিক (Toxoid) পদ্ধতিতে - Diptheria, Pertusis, Tetanus (DPT) ভ্যাক্সিন প্রস্তুত করা হয়।"
851,MAT 2020-2021,কোনটি ভাইরাস বৃদ্ধিতে বাঁধা দেয়?,Interferon,Lactorine,Lysozyme,Defensin,A,ইন্টারফেরন হলো প্রতিরক্ষামূলক প্রোটিন যা ভাইরাস আক্রান্ত কোষে উৎপন্ন হয়ে ভাইরাসের সংখ্যাবৃদ্ধিতে বাঁধা দেয়। এটি ক্যান্সার আক্রান্ত কোষের বৃদ্ধিতেও বাঁধা দিয়ে থাকে।
852,MAT 2020-2021,Alveolus থেকে অক্সিজেন রক্তে কিভাবে প্রবেশ করে?,Osmosis,Respiration,Transpiration,Diffusion,D,Diffusion বা ব্যাপন প্রক্রিয়ায় Alveolus এ ০₂ ও CO₂ গ্যাসের বিনিময় ঘটে।
853,MAT 2020-2021,কোনটি Exocrine গ্রন্থি নয়?,Thyroid gland,Pancreas,Liver,Salivary gland,A,"Thyroid gland থেকে শুধুমাত্র হরমোন (T3, T4 & Calcitonin) নিঃসৃত হয়। তাই এটি Endocrine gland."
854,MAT 2020-2021,কোনটি হাড়ের সাথে পেশি সংযুক্ত করে?,Myofibril,Ligament,Synovium,Tendon,D,"কন্ডরা/টেনডন (Tendon) - অস্থি ও পেশির মধ্যে সংযোগ স্থাপন করে।
লিগামেন্ট (Ligament) - দুটি অস্থিকে সংযুক্ত করে।
মায়োফাইব্রিল (Myofibril) - পেশি কোষের অভ্যন্তরে বিদ্যমান অতি সূক্ষ্ম তন্তু।
সাইনোভিয়াম (Synovium) - সাইনোভিয়াল অস্থিসন্ধির একটি আবরণী।"
855,MAT 2020-2021,মানবদেহের রক্তে কোন বাফার দ্রবণ (buffer solution) থাকে?,NaHCO3 and H2CO3,NH4Cl and NH4OH,CH3COONa and CH3COOH,Na2HPO4 and H3PO4,A,"মানবদেহের রক্তে তিন ধরনের বাফার সিস্টেম থাকে। যথা- বাইকার্বোনেট বাফার, ফসফেট বাফার ও
প্রোটিন বাফার। হিমোগ্লোবিন উৎকৃষ্ট বাফাররূপে রক্তের 'বাইকার্বনেট-কার্বনিক এসিড বাফার'-এর সামান্য (2%) নিয়ন্ত্রণ করে। ফসফেট বাফার সিস্টেম হলো আন্তঃকোষীয় বাফার। আর, প্রোটিন বাফার সিস্টেমটি প্লাজমা প্রোটিন ও হিমোগ্লোবিন প্রোটিন সমন্বয়ে গঠিত।"
856,MAT 2020-2021,কোনটি আমিষ পরিপাককারী (digesting) এনজাইম?,Lipase,Pepsin,Lactase,Isomaltase,B,"Lipase → স্নেহ পরিপাককারী এনজাইম।
Isomaltase, Lactase → শর্করা পরিপাককারী এনজাইম।
Pepsin, Trypsin, Chymotrypsin, Aminopeptidase, Carboxypeptidase, Tri/Di-peptidase প্রভৃতি → আমিষ পরিপাককারী এনজাইম।"
857,MAT 2020-2021,নেমাটোসিস্টের (Nematocyst) ভিতরে বিষাক্ত তরল পদার্থের নাম কী?,Hypnotoxin,Toxin,Hemocyanin,Hemozoin,A,নেমাটোসিস্টের ভেতর হিপনোটক্সিন (Hypnotoxin) নামক বিষাক্ত তরল থাকে যা প্রোটিন ও ফেনল দ্বারা গঠিত।
858,MAT 2020-2021,ঘাসফড়িং এর রক্ত কণিকার নাম কী?,Leukocyte,Erythrocyte,Thrombocyte,Hemocyte,D,"মানুষ - Leukocyte, Erythrocyte,Thrombocyte
রুইমাছ - Leukocyte, Erythrocyte
ঘাসফড়িং - Hemocyte"
859,MAT 2020-2021,ক্ষুদ্রান্ত্রের কোন স্তরে পানপাত্র সেল (Goblet cell) পাওয়া যায়?,Serosa,Muscularis mucosa,Mucosa,Submucosa,C,"ক্ষুদ্রান্ত্রে ৫টি স্তর বিদ্যমান। যথা- সেরোসা, পেশিস্তর, সাবমিউকোসা, মাসকিউলারিস মিউকোসা ও মিউকোসা। সাবমিউকোসা অ্যারিওলার যোজক টিস্যুতে নির্মিত এবং রক্তনালি ও স্নায়ু সমৃদ্ধ। আর, মিউকোসাতে গবলেট কোষ ও শোষণক্ষম কোষ রয়েছে।"
860,MAT 2020-2021,মাথার খুলিতে কয়টি হাড় রয়েছে?,23,33,29,17,C,
861,MAT 2020-2021,কোনটি attenuated টিকা?,Diphtheria vaccine,BCG vaccine,Hepatitis B vaccine,Tetanus vaccine,B,"Diphtheria - টক্সোয়ড (Toxoid)
BCG - শক্তি হ্রাস (Attenuated)
Hepatitis B - উপএকক (Sub-unit)
Tetanus - টক্সোয়ড (Toxoid)"
862,MAT 2020-2021,কোন কোষ ম্যাক্রোফেজে (macrophages) রূপান্তরিত হয়?,Eosinophil,Monocyte,Basophil,Lymphocyte,B,পরিণত মনোসাইটকে ম্যাক্রোফেজ বলে যা ফ্যাগোসাইটোসিস এ সহায়তা করে।
863,MAT 2020-2021,কোন পদ্ধতিতে Hydra লম্বা দূরত্ব অতিক্রম করে?,ডিগবাজি (somersaulting),হামাগুড়ি (looping),সাঁতার,গ্লাইডিং (gliding),B,"ডিগবাজি (Somersaulting): এটি Hydra -এর সাধারণ ও দ্রুত চলন প্রক্রিয়া।
হামাগুড়ি (Looping): এটি জোঁকা চলন বা শুঁয়াপোকা চলন নামে পরিচিত। এ পদ্ধতিতে হাইড্রা লম্বা দূরত্ব অতিক্রম করে।"
864,MAT 2020-2021,কোষের কোথায় ক্রেবস চক্র (Krebs cycle) সংঘটিত হয়?,Cytoplasm,Ribosome,Mitochondria,Chloroplast,C,"ক্রেবস চক্র সবাত শ্বসনের একটি ধাপ যা মাইটোকন্ড্রিয়ার ম্যাট্রিক্সে সংঘটিত হয়। Sir Hans Adolf
Krebs এটি আবিষ্কার করেন। গ্লাইকোলাইসিস ছাড়া শ্বসনের সবকটি বিক্রিয়া (ক্রেবস চক্র, ETS/ অক্সিডেটিভ ফসফোরাইলেশন) মাইটোকন্ড্রিয়ায় ঘটে থাকে।"
865,MAT 2020-2021,কোন এনজাইম অগ্ন্যাশয়ে নাই?,Ptyalin,Maltase,Trypsin,Amylase,A,"Ptyalin এনজাইম লালায় পাওয়া যায়। অপরদিকে অগ্ন্যাশয়ে যে সব enzyme পাওয়া যায় সেগুলো হলো-
প্রোটিন পরিপাককারী - ১. ট্রিপসিন, ২. কাইমোট্রিপসিন, ৩. কার্বোক্সিপেপটাইডেজ, ৪. অ্যামিনোপেপটাইডেজ, ৫. ট্রাইপেপটাইডেজ, ৬.ডাইপেপটাইডেজ, ৭. কোলাজিনেজ
শর্করা পরিপাককারী - ১. অ্যামাইলেজ ২. মল্টেজ
লিপিড পরিপাককারী - ১. লাইপেজ ২. ফসফোলাইপেজ ৩. কোলেস্টেরল এস্টারেজ"
866,MAT 2020-2021,ভ্রূণে লোহিত কণিকাসমূহ নিম্নের কোথায় তৈরি হয়?,থাইমাস,অগ্ন্যাশয়,প্লীহা,অস্থি মজ্জা,"A,C","ভ্রূণীয় জীবনে লোহিত কণিকাসমূহ কুসুম থলি (৩ সপ্তাহ বয়সে) যকৃত, প্লীহা ও থাইমাস (৬ মাস বয়স পর্যন্ত) থেকে উৎপন্ন হয়। আর, ভূমিষ্ট হওয়ার সময় থেকে পশুকা, কশেরুকা, স্টার্নাম ও শ্রোণিচক্রের লাল অস্থিমজ্জায় অবস্থিত বড় নিউক্লিয়াসযুক্ত এরিথ্রোব্লাস্ট নামক স্টেমকোষ থেকে অবিরাম লোহিত কণিকা সৃষ্টি হয়।"
867,MAT 2020-2021,প্রাণিজগতের বৃহত্তম Phylum কোনটি?,Arthropoda,Porifera,Mollusca,Annelida,A,"প্রাণিজগতের বৃহত্তম পর্ব Arthropoda। এ পর্বে 12,57,040 প্রজাতির প্রাণী রয়েছে। আর দ্বিতীয় বৃহত্তম পর্ব হলো মলাস্কা। এ পর্বে 84,977 প্রজাতির প্রাণী রয়েছে।"
868,MAT 2020-2021,লিভারের কোন লোবটি পিত্তথলির সাথে সংযুক্ত থাকে?,Right lobe,Quadrate lobe,Left lobe,Caudate lobe,A,
869,MAT 2020-2021,মানুষের সোমাটিক কোষে কয়টি অটোসোম থাকে?,23,22,44,46,C,"সোমাটিক কোষ - 44
জনন কোষ - 22"
870,MAT 2020-2021,গ্রোথ হরমোন কোথায় তৈরি হয়?,Thalamus,Hypothalamus,Adrenal gland,Pituitary gland,D,"অগ্র পিটুইটারি গ্রন্থি থেকে বৃদ্ধিপোষক হরমোন (STH) বা Growth hormone তৈরি ও নিঃসৃত হয়। অগ্র পিটুইটারি গ্রন্থি থেকে আর যে সব হরমোন নিঃসৃত হয়- Prolactin, LH, ACTH, TSH, FSH ।"
871,MAT 2020-2021,Golgi complex কোনটি সংশ্লেষ (synthesis) করে না?,Sperm,Ribosome,Lysosome,Enzyme,B,"Golgi complex থেকে যা যা তৈরি বা সংশ্লেষিত (synthesis) হয়-
i. লাইসোসোম ও ভিটামিন
ii. অ-প্রোটিন জাতীয় পদার্থ
iii. প্রোটিন, হেমিসেলুলোেজ, মাইক্রোফাইব্রিল
iv. কোষপ্লেট
v. শুক্রাণু (Sperm) এর অ্যাক্রোসোম
vi. এনজাইম ও হরমোন/প্রাণরস (ক্ষরণ)"
872,AFMC 2019-2020,পেসমেকারে কোন ব্যাটারি ব্যবহৃত হয়?,লিথিয়াম,লেড,পটাশিয়াম,কার্বনিয়াম,A,"একটি লিথিয়াম ব্যাটারি, কম্পিউটারাইজড জেনারেটর ও শীর্ষেসেন্সরযুক্ত কতগুলো তার নিয়ে একটি পেসমেকার গঠিত হয়।"
873,AFMC 2019-2020,দ্বিপদ নামকরণের জনক কে?,ক্যারোলাস লিনিয়াস,বেন্থাম হুকার,থিওফ্রাস্টাস,মেন্ডেল,A,"দ্বি-পদ নামকরণের জনক: ১৭৫৮ সালে সুইডিস বিজ্ঞানী ক্যারোলাস লিনিয়াস
প্রাণিদের দ্বিপদ নামকরণের নীতি প্রবর্তন করেন। এ জন্য তাকে দ্বি-পদ নামকরনের
জনক বলা হয়।"
874,AFMC 2019-2020,অন্তঃশ্বসন প্রধানত কোষের কোথায় সংঘটিত হয়?,রাইবোজোম,মাইটোকন্ড্রিয়া,প্রোটপ্লাজম,প্লাস্টিক,B,সবাত শ্বসনের দ্বিতীয় পর্যায় ক্রেবস চক্র ও ইলেক্ট্রন ট্রান্সপোর্টচেইনের বিক্রিয়া সমূহ মাইটোকন্ড্রিয়াতে সংঘটিত হয়। এর মাধ্যমে ATP(Adenosine Triphosphate) অণুসংশ্লেষ করে যা সকল শক্তির উৎস বলে মাইটোকন্ড্রিয়াকে Powerhouse of Cell বা কোষের শক্তিঘর বলে।
875,AFMC 2019-2020,নিচের কোনটি হিমোসিলোমেট?,কর্ডাটা,অ্যানিলিডা,আর্থ্রোপোডা,কোনটিই নয়,C,"আবার যখন প্রাণীদেহের প্রকৃত সিলোমটি প্রবাহমান তরল পূর্ণথাকে,তখন তাকে হিমোসিল বলে। এ ধরনের প্রাণীদের হিমোসিলোমেট বলা হয়। যেমন-তেলাপোকা,শামুক ইত্যাদি। অপ্রতিসমতা বা
অপ্রতিসাম্য[Asymmetry] যখন কোন প্রাণীদেহকে দুই বা ততোধিক সদৃশ অংশে ভাগ করা যায় না,তখন তাকে অপ্রতিসাম্য বলে।"
876,AFMC 2019-2020,কোনটির 6 টি কোডন আছে?,লিউসিন,পাইসিন,GCU,অ্যাডেনিন,A,লিউসিনে ৬ টি কোডন আছে।
877,AFMC 2019-2020,অত্যাবশ্যকীয় অ্যামিনো এসিড নয় কোনটি?,হিস্টিডিন,আইসোলিউসিন,লাইসিন,অ্যালানিন,C,"খাদ্যে উপস্থিতির প্রয়োজনীয়তার ভিত্তিতে অ্যামিনো অ্যাসিড দুই ভাগে বিভক্ত। যথা-
১। অত্যাবশ্যকীয় অ্যামিনো অ্যাসিড। এরা দেহাভ্যন্তরে সংশ্লেষিত হয় না। উদাহরণ- লিউসিন, আইসোলিউসিন, লাইসিন, থ্রিওনিন, ভ্যালিন, মেথিওনিন, ফিনাইল অ্যালানিন এবং ট্রিপটোফ্যান (৮টি)। শিশুদের জন্য অত্যাবশ্যকীয় অ্যামিনো অ্যাসিড ১০টি। অতিরিক্ত- আরজিনিন ও হিস্টিডিন।
২। অনাত্যাবশ্যকীয় অ্যামিনো অ্যাসিড: এরা দেহাভ্যন্তরে সংশ্লেষিত হতে পারে। সংখ্যায় ১২টি এবং শিশুদের ক্ষেত্রে ১০টি।"
878,AFMC 2019-2020,ইনসুলিন কোথা থেকে নিঃসৃত হয়?,বিটা কোষ থেকে,আলফা কোষ থেকে,লিভার হতে,পিটুইটারী গ্ল্যান্ড হতে,A,ইনসুলিন অগ্ন্যাশয়ের ইনসুলিন নিঃসরণকারী কোষগুলো (আইল্যেটস অব ল্যাঙ্গারহেন্স-এর বিটা কোষ) থেকে নিঃসৃত হয়।
879,AFMC 2019-2020,মৎস্যখনি বলা হয়?,পালা,হালদা,পেরেক,কালামা,B,"হালদা নদী বাংলাদেশের পূর্ব-পাহাড়ি অঞ্চলের খাগড়াছড়ি ও চট্টগ্রাম জেলার একটি নদী। নদীটির দৈর্ঘ্য ১০৬ কিলোমিটার, গড় প্রস্থ ১৩৪ মিটার এবং নদীটির প্রকৃতি সর্পিলাকার। বাংলাদেশ পানি উন্নয়ন বোর্ডবা ""পাউবো"" কর্তৃক হালদা নদীর প্রদত্ত পরিচিতি নম্বর পূর্ব-পাহাড়ি অঞ্চলের নদী নং ১৬।এক মৎস্যখনি বলা হয়।"
880,AFMC 2019-2020,অ্যাপেন্ডিক্স কোথায় থাকে?,ক্ষুদ্রান্ত্র,সিকোমে,পাকস্থলি,লিভার,B,বৃহদান্ত্র ও ক্ষুদ্রান্ত্রের সংযোগস্থলে বৃহদান্ত্রের সঙ্গে যুক্ত একটি ছোট থলির মতো অঙ্গ থাকে। যাকে অ্যাপেন্ডিক্স বলা হয়। আমাদের দেহে এই অঙ্গের তেমন কোনো কাজ নেই। তবে বিশ্বের প্রায় ৫ শতাংশ মানুষের ক্ষেত্রে এই অঙ্গটি প্রাণঘাতী।
881,AFMC 2019-2020,পিত্তথলি কোথায় উন্মুক্ত হয়?,ক্ষুদ্রান্ত্রে,বৃহদ্রান্ত্রে,ডিওডেনামে,অগ্নাশয়ে,C,যকৃতের নিচের অংশে পিত্তথলি সংযুক্ত থাকে। এখানে পিত্তরস জমা হয়। পিত্তরস গাঢ় সবুজ বর্ণের এবং তিক্ত স্বাদ বিশিষ্ট। পিত্তরস প্রয়োজনে ডিউডেনামে এসে পরোক্ষভাবে পরিপাকে অংশ নেয়।
882,AFMC 2019-2020,কত BMI কে স্বাভাবিক ওজন হিসেবে ধরা হয়?,25.2-29.1,21.5-23.9,18.5-24.9,10.1-14.8,C,"ওজন (কি.গ্রা.) / উচ্চতা (মিটার) → শ্রেনী
< ১৮.৫০→ওজনহীনতা
১৮.৫০ – ২৪.৯ → স্বাভাবিক
২৫.০০ – ২৯.৯ → ওজনাধিক্য
৩০.০০ – ৩৪.৯ → গ্রেড-১ স্থুলতা
৩৫.০০ – ৩৯.৯→ গ্রেড-২ স্থুলতা
> ৪০.০০ →গ্রেড-৩ স্থুলতা/ রোগ গ্রস্থ চূড়ান্ত পর্যায়ের স্থুলতা"
883,AFMC 2019-2020,লোহিত রক্তকণিকার সাথে সম্পৃক্ত নয় কোনটি?,অক্সিজেন পরিবহন,কার্বন ডাই-অক্সাইড পরিবহন,ফ্যাগোসাইটোসিস,রক্তের সান্দ্রতা রক্ষা,C,"লোহিত কণিকার কাজ: (i) হিমোগ্লোবিনের মাধ্যমে ফুসফুস থেকে দেহকোষে অধিকাংশ O₂, ও সামান্য পরিমাণ CO₂, সরবরাহ করে। (ii) রক্তের ঘনত্ব ও আঠালো ভাব রক্ষা করে। (iii) হিমোগ্লোবিন বাফার হিসেবে রক্তে অম্ল-ক্ষারের সমতা রক্ষা করে এবং রক্তের সাধারণ ক্রিয়া বজায় রাখতে সাহায্য করে। (iv) রক্তের আয়নিক ভারসাম্য অব্যাহত রাখে। (v) রক্তরসের সাথে অভিস্রবণিক সম্পর্ক রক্ষা করে। (vi) প্লাজমাঝিল্লিতে সংযুক্ত অ্যান্টিজেন রক্তের গ্রুপিংয়ে সাহায্য করে। (vii) এসব কণিকা রক্তে বিলিভার্ডিন ও বিলিরুবিন উৎপন্ন করে।"
884,AFMC 2019-2020,কোনটি O₂ যুক্ত রক্ত পরিবহন করে?,পালমোনারি শিরা,পালমোনারি ধমনী,ফুসফুসীয় শিরা,ফুসফুসীয় ধমনী,A,সাধারনত শিরা অপরিশোধিত রক্ত (অক্সিজেন বিহীন বা ডিঅক্সিজিনেটেড রক্ত) বহন করে। ব্যতিক্রম ফুসফুসীয় শিরা যা অক্সিজেন যুক্ত রক্ত বা অক্সিজিনেটেড রক্ত বহন করে।
885,AFMC 2019-2020,কোনটি লালাগ্রন্থি নয়?,প্যারোটিড,সাবিন্ডিবুলার,সিবলিংউয়াল,ম্যাক্সিলারি,D,"স্তন্যপায়ী প্রাণীগুলির মধ্যে লালা গ্রন্থিগুলি এক্সোক্রাইন গ্রন্থি যা নলগুলির একটি সিস্টেমের মাধ্যমে লালা তৈরি করে। মানুষের তিনটি প্রধান প্রধান লালাগ্রন্থি (প্যারোটিড, সাবিন্ডিবুলার, এবং সিবলিংউয়াল) পাশাপাশি শত শত ক্ষতিকারক লালা গ্রন্থিও রয়েছে"
886,AFMC 2019-2020,স্বরযন্ত্রের তরুণাস্থি নয় কোনটি?,হাইওয়েড,থাইরয়েড,এরিটিনয়েড,এপিগ্লটিস,A,"হাইওয়েড হাড় একটি মাঝারি টুকরা, কর্পাস ওসিস হায়োইডি এবং চারটি তথাকথিত হাইয়েড হাড়ের শিং দিয়েগঠিত। দুটি শিং, মেডিক্যালি কর্নু মজুস , পিছনের দিকে নির্দেশ করে এবং একটি ছোট ঘন হওয়ার সাথে শেষ হয়।এটা স্বরযন্ত্রের নয়।"
887,AFMC 2019-2020,শ্রোণী অস্থি নয় কোনটি?,ইলিয়াম,ইশ্চিয়াম,পিউবিস,ভোমার,D,"নিতম্বাস্থি (ইনোমিনেট অস্থি, পেলভিক অস্থি) একটি বড় সমতল অস্থি,যা দেহের কেন্দ্রে থাকে এবং উপর ও নিচের দিকে প্রসারিত। এটি তিনটি অংশ নিয়ে গঠিতঃ ইলিয়াম,ইশ্চিয়াম ও পিউবিস।"
888,AFMC 2019-2020,দেহের ভারসাম্য রক্ষা করে কোনটি?,বহিঃকর্ণ,অন্তঃকর্ণ,মধ্যাকর্ণ,কোনটিই নয়,B,
889,AFMC 2019-2020,বয়ঃসন্ধিকালে জরায়ু বৃদ্ধি নিয়ন্ত্রণে ভূমিকা নেই কার?,কাইনিন,থাইরক্সিন,অক্সিন,টেস্টোস্টেরন,D,"টেস্টোস্টেরন পুরুষত্বের জন্য দায়ী প্রধান স্টেরয়েড হরমোন যা এন্ড্রোজেন গ্রুপের। মানুষ সহ সকল স্তন্যপায়ী,পাখি সরীসৃপ প্রাণীর শুক্রাশয়ে এটি উৎপন্ন হয়। স্তন্যপায়ী প্রাণীর ক্ষেত্রে পুরুষের শুক্রাশয় এবং নারীর ডিম্বাশয় থেকে উৎপন্ন হয়,যদিও স্বল্প পরিমাণ অ্যাড্রেনাল গ্রন্থি থেকে ক্ষরিত হয়।"
890,AFMC 2019-2020,গ্রন্থিরাজ বলা হয় কোনটিকে?,শুক্রাশয়,অগ্নাশয়,পিটুইটারি,লালা,C,"পিটুইটারি গ্রন্থি মস্তিষ্কের নিচের অংশে অবস্থিত। দেহের সবচেয়ে বেশি গুরুত্বপূর্ণনালিবিহীন গ্রন্থি হলেও এটি আকারে সবচেয়ে ক্ষুদ্র। এই গ্রন্থি থেকে গোনাডোট্রপিক, সোমাটোট্রপিক, থাইরয়েড উদ্দীপকে হরমোন, এডরেনোকর্টিকোট্রপিন ইত্যাদি হরমোন নিঃসৃতসৃ হয়। এই গ্রন্থি থেকে নিঃসৃতসৃ হরমোন সংখ্যায় যেমন বেশি, অপরদিকে অন্যান্য গ্রন্থির ওপর এসব হরমোনের প্রভাবও বেশি। এজন্য পিটুইটারি গ্রন্থিকে প্রধান/প্রভু গ্রন্থি বলা হয়।"
891,AFMC 2019-2020,মানবদেহে কোন ইউমিউনোগ্লোবিউলিন অনুপস্থিত?,IgB,IgM,IgD,IgA,A,"ইংরেজি শব্দ ইমিউনোগ্লোবিন (Immunoglobulin)-এর সংক্ষিপ্ত রূপ Ig-এর সাথে একটি ইংরেজি বর্ণযোগ করে একেকটি শ্রেণীকে নির্দেশ করা হয়। এই ৫টি শ্রেণী হল IgG, IgM, IgA, IgD, এবং IgE। এই পাঁচ শ্রেণীর প্রতিরক্ষিকা কেবল এদের কাঠামোর অপরিবর্তনশীল অঞ্চলের গঠনেই নয়, বরং কর্মস্থল অনুযায়ীও ভিন্ন হয়।"
892,AFMC 2019-2020,সেক্স লিঙ্কড জিন নয় কোনটি?,XY,ডাইবেটিস মেলাইটাস,XX,XYY,B,সেক্স লিঙ্কড জিনের ইনহেরিট্যান্স বা বংশগতি হলো এক ধরনের বিশেষ পদ্ধতি যার মাধ্যমে সেক্স লিঙ্কড জিন বা সেক্স ক্রোমোজোমাল বৈশিষ্ট্য সর্বদা পিতা হতে কন্যা এবং মাতা হতে পুত্রে সঞ্চারিত হয়। সকল একলিঙ্গিক প্রাণীতে দুই প্রকার ক্রোমোজোম দেখা যায়। অটোসোমাল ক্রোমোসোম বা অটোসোম ও সেক্স ক্রোমোসোম বা হেটারোসোম। প্রাণির লিঙ্গ নির্ধারণের ক্ষেত্রে অটোসোমগুলোর কোন ভুমিকা থাকে না। কিন্তু সেক্স ক্রোমোসোম লিঙ্গ নির্ধারণে সুস্পষ্ট ভূমিকা পালন করে। জীববিজ্ঞানীরা সেক্স ক্রোমোসোমকে X ক্রোমোসোম নামে অভিহিত করেন। এই X ক্রোমোসোমে অবস্থিত জিনগুলোকে সেক্স লিঙ্কড জিন বলে।
893,AFMC 2019-2020,রক্ত জমাট বাধার ফ্যাক্টর নয় কোনটি?,ফাইব্রিনোজেন,ফাইব্রিন,K,থ্রম্বিন,C,
894,AFMC 2018-2019,নিচের কোন প্রাণীটি ত্রিস্তরী?,অ্যামিবা,কেঁচো,হাইড্রা,ম্যালেরিয়া জীবাণু,B,"ত্রিস্তরী প্রাণীর উদাহরণ: কৃমি, শামুক, অক্টোপাস, কেঁচো,
জোঁক, চিংড়ি, মৌমাছি, ব্যাঙ, হাতি, মানুষ সবাই ত্রিস্তরী প্রাণী।"
895,MAT 2024-2025,মস্তিষ্কের কোন অংশ মানুষের ক্ষুধা নিয়ন্ত্রণ করে?,মেডুলা অবলংগাটা,সেরিবেলাম,হাইপোথ্যালামাস,সেরিব্রাম,C,"হাইপোথ্যালামাস → ক্ষুধা, তৃষ্ণা, ঘাম, ঘুম, রাগ, পীড়ন, ভালোলাগা, ঘৃণা, উদ্বেগ প্রভৃতির কেন্দ্র হিসেবে কাজ করে; স্বয়ংক্রিয় স্নায়ুকেন্দ্রের কেন্দ্র হিসেবে কাজ করে; দেহতাপ নিয়ন্ত্রণ করে; অন্তঃক্ষরা গ্রন্থির ক্ষরণ এবং রক্তচাপ নিয়ন্ত্রণ করে।"
896,MAT 2024-2025,ডেলটয়েড টিউবারসিটি কোন অস্থির অংশ?,আলনা,স্ক্যাপুলা,রেডিয়াস,হিউমেরাস,D,"হিউমেরাস → ঊর্ধ্ববাহুর প্রথম অস্থি, টিউবার্কলের নিচে সার্জিকাল গ্রীবা থেকে মূল দেহ গঠিত হয়, মূল দেহের মধ্যভাগে পেশি সংযুক্তির জন্য খসখসে ডেলটয়েড রিজ রয়েছে।"
897,MAT 2024-2025,ফুসফুসের আবরণকে কি বলে?,গ্লিসন ক্যাপসুল,পেরিকার্ডিয়াম,ডায়াফ্রাম,প্লিওরা,D,ফুসফুসের আবরণ → প্লিউরা; হৃৎপিন্ডের আবরণ → পেরিকার্ডিয়াম; যকৃতের আবরণ→ গ্লিসন'স ক্যাপসুল।
898,MAT 2024-2025,নিচের কোনটি মানুষের দ্বিতীয় মস্তিষ্ক হিসাবে পরিচিত?,সুষুম্না কাণ্ড,এন্টেরিক স্নায়ুতন্ত্র,এক্সট্রিনসিক স্নায়ুতন্ত্র,মেডুলা অবলংগাটা,B,"দুটি ভিন্ন ধরনের স্নায়ুজালক মানুষের খাদ্য পরিপাক নিয়ন্ত্রণ করে-
(i) এক্সট্রিনসিক প্লেক্সাস
(ii) ইনট্রিনসিক প্রেক্সাস / অন্ত্রীয় (Enteric) স্নায়ুতন্ত্রঃ বিজ্ঞানীরা মানুষের দ্বিতীয় মস্তিষ্ক হিসেবে আখ্যায়িত করেছেন।"
899,MAT 2024-2025,কানের কোন অংশ ভারসাম্য রক্ষায় কাজ করে?,কর্ণাস্থি,ভেস্টিবুলার যন্ত্র,টিমপেনিক পর্দা,ককলিয়ার বডি,B,"মানুষের ভারসাম্যের অঙ্গকে ভেস্টিবুলার অ্যাপারেটাস / ভেস্টিবুলার যন্ত্র বলে। ইউট্রিকুলাস, স্যাকুলাস ও অর্ধবৃত্তাকার নালিগুলো ভেস্টিবুলার যন্ত্র গঠন করে।"
900,MAT 2024-2025,নিচের কোন হরমোনটি মানুষের ডিম্বাশয় থেকে নিঃসৃত হয়??,অক্সিটোসিন,প্রোল্যাকটিন,প্রজেস্টেরন,থাইরোনিন,C,"ডিম্বাশয় নিঃসৃত হরমোন → ইস্ট্রোজেন ও প্রজেস্টেরন;
থাইরোনিন → থাইরয়েড নিঃসৃত হরমোন;
প্রোল্যাকটিন → অগ্র পিটুইটারি নিঃসৃত হরমোন;
অক্সিটোসিন → পশ্চাৎ পিটুইটারি নিঃসৃত হরমোন।"
901,MAT 2024-2025,কোন চক্রের মাধ্যমে যকৃতে ইউরিয়া তৈরী হয়?,কার্বন চক্র,অরনিথিন চক্র,ক্রেবস চক্র,নাইট্রোজেন চক্র,B,"অরনিথিন চক্র এ প্রক্রিয়ায় যকৃত অত্যন্ত বিষাক্ত NH3 কে শর্করা বিপাকে সৃষ্ট CO2 এর সাথে যুক্ত করে ইউরিয়া তৈরি করে, যা মূত্ররূপে দেহ হতে নিষ্কাশিত হয়। NH3 + CO2 → ইউরিয়া।"
902,MAT 2024-2025,কোন এন্টিবডি প্রধানত এলার্জির সাথে সংশ্লিষ্ট?,IgA,IgM,IgG,IgE,D,"IgE → এটি দুর্লভ Ig, প্রদাহ সাড়া সক্রিয় করে, অ্যালার্জিক সাড়াদানে নেতিবাচক ভূমিকা রাখে।
IgG → গর্ভাবস্থায় অমরা অতিক্রম করে।
IgA → মায়ের বুকের দুধের মাধ্যমে শিশুতে স্থানান্তরিত হয়।"
903,MAT 2024-2025,মানবদেহে সপ্তম করোটিক স্নায়ুর নাম কি?,ট্রকলিয়ার স্নায়ু,ফেসিয়াল স্নায়ু,ভেগাস স্নায়ু,অপটিক স্নায়ু,B,"সপ্তম করোটিক স্নায়ু → ফেসিয়াল স্নায়ু
দ্বিতীয় করোটিক স্নায়ু → অপটিক স্নায়ু
চতুর্থ করোটিক স্নায়ু → ট্রকলিয়ার স্নায়ু
দশম করোটিক স্নায়ু → ভেগাস স্নায়ু"
904,MAT 2024-2025,এনজিওপ্লাস্টি করলে কি হয়?,হৃদস্পন্দন বৃদ্ধি পায়,সরু ধমনী প্রশস্ত হয়,হৃদস্পন্দনের গতি ধীর হয়,রক্ত সঞ্চালনের গতি বৃদ্ধি পায়,B,বড় ধরণের অস্ত্রোপচার না করে সংকীর্ণ লুমেনযুক্ত বা রুদ্ধ হয়ে যাওয়া করোনারি ধমনি পুনরায় প্রশস্ত লুমেনযুক্ত করা বা উন্মুক্ত করার পদ্ধতিকে এনজিওপ্লাস্টি বলে। এনজিওপ্লাস্টির উদ্দেশ্য হচ্ছে সরু বা বন্ধ হয়ে যাওয়া লুমেনের ভিতর দিয়ে হৃৎপিন্ডে পর্যাপ্ত O₂ সরবরাহ নিশ্চিত করে হৃৎপিন্ড ও দেহকে সচল রাখা।
905,MAT 2024-2025,কোন কোষ হেপারিন তৈরী ও নিঃসরণ করে?,নিউট্রোফিল,লিম্ফোসাইট,মোনোসাইট,বেসোফিল,D,"বেসোফিল → হেপারিন উৎপন্ন ও নিঃসরণ করে যা রক্তনালির অভ্যন্তরে রক্তজমাট রোধ করে।
ইওসিনোফিল → রক্তে প্রবেশকৃত কৃমির লার্ভা ধ্বংস করে এবং অ্যালার্জিতে সাড়া দেয়।"
906,MAT 2024-2025,ডাক্টাস ক্যুভেইরি রুই মাছের কোন তন্ত্রের অংশ?,শ্বসনতন্ত্র,শিরাতন্ত্র,রেচনতন্ত্র,ধমনিতন্ত্র,B,রুইমাছের দেহের সামনের অংশ থেকে সম্মুখ কার্ডিনাল শিরা ও জুগুলার শিরা রক্ত সংগ্রহ করে ডাক্টাস ক্যুভিয়েরি (ductus cuvieris) তে উন্মুক্ত হয়।
907,MAT 2024-2025,পেসমেকারের কাজ কি?,রক্তকে তরল রাখে,রক্ত সঞ্চালন বৃদ্ধি করে,হৃদরোগ প্রতিরোধ করে,হৃদস্পন্দনের ধীরগতি নিয়ন্ত্রণ করে,D,হার্ট এটাক ঘটতে পারে এমন ধীর হৃৎস্পন্দন কিংবা হার্ট সার্জারির সময় জরুরী ভিত্তিতে অস্থায়ী পেসমেকার ব্যবহার করা হয়। পেসমেকার ব্যবহারে সব ধরণের অ্যারিথমিয়ার হাত থেকে রক্ষা পাওয়া যায়।
908,MAT 2024-2025,"পূর্ণবয়স্ক সুস্থ মানুষের দুই বৃক্কে প্রতি মিনিটে মোট রক্ত সঞ্চালনের
পরিমাণ-",২৫০ মিঃ লিঃ,১২৫ মিঃ লিঃ,৩৭৫ মিঃ লিঃ,১২০০ মিঃ লিঃ,D,মানবদেহে দুটি বৃক্কের মাধ্যমে প্রতি মিনিটে প্রায় 1200 ml রক্ত প্রবাহিত হয়। এ রক্ত থেকে প্রায় 125 ml গ্লোমেরুলার ফিলট্রেট উৎপন্ন হয়ে বোম্যানস ক্যাপসুলে জমা হয় এবং মাত্র 1 ml মূত্র সৃষ্টি হয়।
909,MAT 2024-2025,কোনটির উপস্থিতিতে স্নেহ পদার্থের ইমালসিফিকেশন হয়?,বাইল সল্ট,এনজাইম,ভিটামিন,হরমোন,A,"পিত্তরসে অবস্থিত পিত্তলবণ (bile salt) যেমন- সোডিয়াম dm গ্লাইকোকোলেট, সোডিয়াম টরোকোলেট, পটাসিয়াম গ্লাইকোকোলেট ও পটাশিয়াম টারোকোলেট স্নেহজাতীয় খাদ্যকে ভেঙ্গে ক্ষুদ্র ক্ষুদ্র কণায় পরিণত করে। এ প্রক্রিয়াকে অবদ্রবণ বা ইমাসিফিকেশন বলে।"
910,MAT 2024-2025,নিচের কোনটি নাইট্রোজেনবিহীন পদার্থ?,ল্যাকটিক এসিড,ক্রিয়েটিনিন,এমোনিয়া,ইউরিয়া,A,"প্রোটিনবিহীন নাইট্রোজেনঘটিত রেচন পদার্থ ইউরিয়া, ইউরিক এসিড, ক্রিয়েটিনিন, জ্যানথিন, হাইপোজ্যানথিন, অ্যামোনিয়া।"
911,MAT 2022-2023,মুখে খাওয়ার পোলিও ভ্যাকসিনটি কোন ধরনের ভ্যাকসিন?,নিষ্ক্রিয় টিকা,জীবনস্মৃত জীবন্ত টিকা,উপএকক টিকা,অনুবন্ধী টিকা,B,"মৃত বা নিষ্ক্রিয় ভ্যাক্সিনের উদাহরণ: ইনফ্লুয়েঞ্জা, কলেরা, পোলিও (IPV Inactivated Polio Vaccine যেটি injectable), হেপাটাইটিস-এ।
জীবনমৃত জীবন্ত টিকা (Live Attenuated Vaccine) এর উদাহরণ: মুখে খাওয়ার পোলিও ভ্যাক্সিন, (OPV→Oral Polio Vaccine), মাম্পস, জলাতঙ্ক, যক্ষ্মা, প্লেগ, টাইফয়েড।"
912,MAT 2022-2023,নিচের কোনটি ম্যাক্রোফেজের কাজ নয়?,বিভিন্ন ধরনের কোষবিষ তৈরি করা,বিভিন্ন ধরনের এন্টিবডি তৈরি করা,জীর্ণ কোষকে অপসারন করা,রিঅ্যাকটিভ অক্সিজেন ইন্টারমিডিয়েট তৈরি করা,B,অ্যান্টিবডি তৈরি করা লিম্ফোসাইটের কাজ।
913,MAT 2022-2023,অন্তঃশ্বসন-,কোষ ও রক্তে সংঘটিত হয়,নির্দিষ্ট পরিমাণ শক্তি উৎপন্ন করে,এনজাইম দ্বারা প্রভাবিত হয় না,একটি ভৌত রাসায়নিক প্রক্রিয়া,"A,B","অন্তঃশ্বসন দেহকোষ ও রক্তে সংগঠিত হয়, নির্দিষ্ট পরিমাণ শক্তি উৎপন্ন করে, এনজাইম দ্বারা প্রভাবিত হয়। এবংএটি একটি জৈব রাসায়নিক প্রক্রিয়া"
914,MAT 2022-2023,Mollusca এর ক্ষেত্রে কোনটি সঠিক?,নরম কিউটিকুলার এপিডার্মিস দ্বারা আবৃত,নরম ও অখন্ডায়িত,প্রতি খন্ডে নেফ্রিডিয়া বিদ্যমান থাকে,দেহাভ্যন্তরে কেন্দ্রীয় গহ্বর বিদ্যমান,B,"Mollusca নরম মাংসল, অখন্ডকায়িত Annelida নরম কিউটিকলে আবৃত এবং এর প্রতিটি খণ্ডে নেফ্রিডিয়া থাকে।"
915,MAT 2022-2023,গ্লুকাগন-,রক্তে সুগার কমায়,অগ্ন্যাশয়ের ডেলটা কোষ থেকে নিঃসৃত হয়,একটি পলিপেপটাইড এনজাইম,ইনসুলিনের সাথে বিপরীতভাবে সম্পর্কিত,D,"গ্লুকাগন একটি পলিপেপটাইড হরমোন, অগ্ন্যাশয়ের a কোষ থেকে নিঃসৃত হয়, রক্তে সুগার বৃদ্ধি করে।"
916,MAT 2022-2023,মানবদেহে কোনটি লুপ্তপ্রায় অংগ?,থাইরয়েড গ্ল্যান্ড,থাইমাস,স্ক্যাপুলা,ক্যানাইন দাঁত,B,"মানবদেহের লুপ্তপ্রায় অঙ্গগুলো হলো থাইমাস গ্রন্থি, আক্কেল দাঁত, কর্তন দাঁত, পুচ্ছাস্থি, গায়ের লোম, উপপল্লব ইত্যাদি।"
917,MAT 2022-2023,কোন উদ্দীপনা অ্যানিমোট্যাক্সিসকে প্রভাবিত করে?,বায়ুপ্রবাহ,আর্দ্রতা,মাধ্যাকর্ষণ,তাপ,A,বায়ু প্রবাহের প্রতি প্রাণীর সাড়া অ্যানিমোট্যাক্সিস
918,MAT 2022-2023,মায়োফাইব্রিলে কি ধরনের আমিষ থাকে?,অ্যাকটিন এবং মায়োসিন,অ্যাকটিন এবং জিলাটিন,মায়োসিন এবং ইলাস্টিন,কোলাজেন এবং মায়োসিন,A,মায়োফাইব্রিলে গুলো অ্যাকটিন ও মায়োসিন নামক প্রোটিন দিয়ে নির্মিত।
919,MAT 2022-2023,অন্ত্রের প্রথম প্রতিরক্ষার স্তর কোনটি?,"পাকস্থলির অ্যাসিড, মাইক্রোবায়োম ও মলত্যাগ","সিলিয়া, কমপ্লিমেন্ট তন্ত্র ও সাইটোকাইনস","ত্বক, ফ্যাগোসাইটস ও কমপ্লিমেন্ট তন্ত্র","লালা, পাকস্থলির এনজাইম ও ফ্যাগোসাইটস",A,"অস্ত্রের প্রথম প্রতিরক্ষা স্তর এর উপাদান পাকস্থলির অ্যাসিড ও এনজাইম, মাইক্রোবায়োম, মলত্যাগ ও বমি।"
920,MAT 2022-2023,বুকের দুধের কোন উপাদানটি নবজাতকের প্রতিরক্ষায় কার্যকর?,সহজপাচ্য আমিষ,ইমিউনোগ্লোবুলিন-এ,পলিআনস্যাচুরেটেড ফ্যাটি অ্যাসিড,গ্যালাকটোজ,B,ইমিউনোগ্লোবুলিন-এ মায়ের দুধের মাধ্যমে শিশুদেহে প্রবেশ করে এবং প্রাকৃতিক অক্রিয় প্রতিরক্ষা দান করে।
921,DAT 2021-2022,নিচের কোন স্তন্যপায়ী প্রাণী ডিম পাড়ে?,বাদুর (Bat),ক্যাঙ্গারু (Kangaroo),প্লাটিপাস (Platypus),সীল (Seal),C,প্লাটিপাস স্তন্যপায়ী প্রাণীর Prototheria উপশ্রেণীভুক্ত। এরা ডিম পাড়ে এবং ডিম থেকে অপরিণত নবজাতকের জন্ম হয়।
923,DAT 2021-2022,নিচের চার প্রকোষ্ঠ বিশিষ্ট হৃদপিন্ড কোন প্রাণীতে দেখা যায়?,কুমীর,কচ্ছপ,টিকটিকি,সাপ,A,"কচ্ছপ, টিকটিকি (উভচর) → হৃৎপিণ্ড তিন প্রকোষ্ঠবিশিষ্ট,
সাপ (সরীসৃপ) → হৃৎপিণ্ড অসম্পূর্ণভাবে চার প্রকোষ্ঠবিশিষ্ট,
সরীসৃপে ব্যতিক্রম কুমীর → হৃৎপিণ্ড সম্পূর্ণভাবে চার প্রকোষ্ঠবিশিষ্ট।"
924,DAT 2021-2022,কোন hormone পাকস্থলির এসিড নিঃসরণ নিয়ন্ত্রণ করে?,কোলোসিস্টোকাইনিন,সিক্রেটিন,এন্টেরোকাইনিন,গ্যাস্ট্রিন,D,গ্যাস্ট্রিন হরমোন পাকস্থলি থেকে নিঃসৃত HCI এসিডের নিঃসরণ নিয়ন্ত্রণ করে।
925,DAT 2021-2022,কোন কোষ বিভাজন পদ্ধতিতে RBC তৈরি হয়?,synopsis,mitosis,meiosis,amitiosis,B,মাইটোসিস পদ্ধতিতে লোহিত রক্তকণিকা তৈরী হয়।
926,DAT 2021-2022,কোন hormone রক্তে Na+ এবং K+ এর সমতা রক্ষা করে?,ইনসুলিন,থাইরোক্সিন,এলডোস্টেরন,এড্রেনালিন,C,অ্যাড্রেনাল কর্টেক্স থেকে ক্ষরিত অ্যালডোস্টেরন হরমোন Na+ ও K+ আয়নের সমতা রক্ষা করে।
927,DAT 2021-2022,স্বাভাবিক অবস্থায় হৃদপিন্ডের পেসমেকার কোনটি?,Bundle of His,SA node,AV node,Purkinje fiber,B,"স্বাভাবিক অবস্থায় হৃৎপিণ্ডের পেসমেকার → SA node,
সংরক্ষিত বা রিজার্ভ পেসমেকার → AV node."
928,DAT 2021-2022,নিচের কোন রক্তকণিকাটি স্মৃতিকোষ?,বেসোফিল,মনোসাইট,নিউট্রোফিল,লিম্ফোসাইট,D,স্মৃতিকোষ হলো লিম্ফোসাইট নামক অদানাদার শ্বেত রক্তকণিকা। এগুলো অ্যান্টিজেনকে চিহ্নিত ও মোকাবেলা করে।
929,DAT 2021-2022,যকৃতে অবস্থিত ম্যাক্রোফেজকে কি কোষ বলে?,অস্টিওব্লাস্ট,কুফার কোষ,মাইক্রোগ্লিয়া,ডেনড্রাইটিক কোষ,B,"ম্যাক্রোফেজ:
কুফার কোষ → যকৃত,
অস্টিওব্লাস্ট → অস্থি,
মাইক্রোগ্লিয়া → মস্তিষ্ক"
930,DAT 2021-2022,পূর্ণবয়স্ক সুস্থ মানুষের দেহের ওজনের কত শতাংশ রক্ত থাকে?,৭-৮%,১৫-১৯%,১৯-২০%,১০-১৫%,A,পূর্ণবয়স্ক সুস্থ মানবদেহে প্রায় ৫-৬ লিটার রক্ত থাকে যা দেহের মোট ওজনের ৭-৮%
931,MAT 2024-2025,নিচের কোনটিতে হাইড্রার বহিঃকোষীয় পরিপাক সংঘটিত হয়?,গ্যাসট্রোডার্মিস,হাইপোস্টোম,সিলেন্টেরন,কর্ষিকা,C,সিলেন্টেরন / পরিপাক-সংবহন গহ্বর / গ্যাস্ট্রোভাস্কুলার গহ্বর / ব্লাইন্ড গাট/ব্লাইন্ড স্যাক →  এর মধ্যে খাদ্যবস্তু ফ্লাজেলীয় কোষের ক্রিয়ায় ক্ষুদ্র কণায় পরিণত হয় এবং পরে বহিঃকোষীয় পরিপাক ঘটে।
932,DAT 2021-2022,ব্লাড গ্রুপ AB তে প্লাজমায়-,কোন antibody থাকে না,A antibody থাকে,A ও B antibody থাকে,B antibody থাকে,A,A ব্লাড গ্রুপবিশিষ্ট ব্যক্তির রক্তরসে কোন অ্যান্টিবডি থাকে না কিন্তু লোহিত রক্তকণিকার ঝিল্লিতে অ্যান্টিজেন A ও B উভয়ই থাকে।
933,DAT 2021-2022,কোনটি প্লাজমা প্রোটিন নয়?,ক্রিয়েটিনিন,ফাইব্রিনোজেন,অ্যালবুমিন,গ্লোবুলিন,A,"ক্রিয়েটিনিন → নাইট্রোজেনঘটিত রেচন পদার্থ,
ফাইব্রিনোজেন, অ্যালবুমিন, গ্লোবুলিন → প্লাজমা প্রোটিন।"
934,DAT 2021-2022,কোন রক্তকণিকা দেহে antibody তৈরি করে?,নিউট্রোফিল,বেসোফিল,অনুচক্রিকা,বি-লিম্ফোসাইট,D,B-লিম্ফোসাইট দেহে অ্যান্টিবডি তৈরি করে। অ্যান্টিবডি রক্তে প্রবাহিত অ্যান্টিজেনকে ঘিরে ফেলে এবং ধ্বংশ করে।
935,DAT 2021-2022,কোনটি Live attenuated ভ্যাক্সিন?,হাম,হেপাটাইটিস বি,টিটেনাস,ইনফ্লুয়েঞ্জা,A,"মিজলজ (হাম) → Live attenuated vaccine,
হেপাটাইটিস বি → Subunut vaccine,
টিটেনাস → Toxoid vaccine,
ইনফ্লুয়েঞ্জা → Killed or Inactivated vaccine."
936,DAT 2021-2022,আমাদের জাতীয় পাখির বৈজ্ঞানিক নাম কি?,Gracula religiosa,Copsychus saularis,Passer domesticus,Columba livia,B,আমাদের জাতীয় পাখি দোয়েলের বৈজ্ঞানিক নাম Copsychus saularis
937,MAT 2021-2022,মানবদেহের কোন অঙ্গে সবচেয়ে বেশি মাত্রায় রক্ত প্রবাহিত হয়?,বৃক্ক,মস্তিষ্ক,যকৃত,অস্ত্র,C,দেহে রক্ত প্রবাহের মাত্রা বিভিন্ন কলায় ভিন্ন রকম হয়। যকৃতে সবচেয়ে বেশি মাত্রায় (1350 ml/min) রক্ত প্রবাহিত হয়। বৃক্কে (1100 ml/min) রক্ত প্রবাহিত হয়। মস্তিষ্কে (700 ml/min) রক্ত প্রবাহিত হয়।
938,MAT 2021-2022,ক্ষুদ্রান্ত্রের কোন স্তরে গবলেট কোষ থাকে?,সেরোসা,মিউকোসা,মাসকুলারিস মিউকোসা,সাবমিউকোসা,B,ক্ষুদ্রান্ত্রের মিউকোসা স্তরে গবলেট কোষ থাকে।
939,MAT 2021-2022,ভ্রুণ অবস্থায় মাতৃগর্ভে কখন প্রথম হৃদস্পন্দন শুরু হয়?,দশম সপ্তাহ,অষ্টম সপ্তাহ,ষষ্ঠ সপ্তাহ,দ্বাদশ সপ্তাহ,C,ভ্রুণ অবস্থায় মাতৃগর্ভে ষষ্ঠ সপ্তাহে প্রথম হৃদস্পন্দন শুরু হয়।
940,MAT 2021-2022,মাতৃদুগ্ধে কোন ধরনের immunoglobulin থাকে?,IgM,IgE,IgD,IgA,D,মাতৃদুগ্ধে IgA immunoglobulin থাকে।
941,MAT 2021-2022,মানুষের হৃদপিন্ডের কোন প্রকোষ্ঠের প্রাচীর সবচেয়ে পুরু?,বাম অলিন্দ,ডান নিলয়,ডান অলিন্দ,বাম নিলয়,D,মানুষের হৃদপিন্ডের বাম নিলয়ের প্রাচীর সবচেয়ে পুরু।
942,MAT 2021-2022,প্রজাপতি' এর প্রতিসাম্যতা কোন ধরনের?,অরীয়,দ্বি-অরীয়,দ্বিপার্শ্বীয়,অপ্রতিসাম্য,C,প্রজাপতি' এর প্রতিসাম্যতা 'দ্বিপার্শ্বীয়' ধরনের।
943,MAT 2021-2022,ঘাসফড়িং এর কোন গ্রন্থি থেকে জুভেনাইল হরমোন ক্ষরিত হয়?,প্রোথোরাসিক গ্রন্থি,কর্পোরা কার্ডিয়াকা,ইন্ট্রাসেরিব্রাল গ্রন্থিকোষ,কর্পোরা অ্যালাটা,D,ঘাসফড়িং এর কর্পোরা অ্যালাটা গ্রন্থি থেকে জুভেনাইল হরমোন ক্ষরিত হয়।
944,MAT 2021-2022,রক্তে অক্সিজেনের মাত্রা (O₂ saturation) ও হৃদস্পন্দন পরিমাপক যন্ত্রের নাম হল-,পালস অক্সিমিটার,থার্মোমিটার,স্ফিগমোম্যানোমিটার,ব্যারোমিটার,A,"থার্মোমিটার তাপমাত্রা পরিমাপক যন্ত্র, ব্যারোমিটার বায়ুচাপ পরিমাপক যন্ত্র, স্ফিগমোম্যানোমিটার রক্তচাপ পরিমাপক যন্ত্র, রক্তে অক্সিজেনের মাত্রা (O2 saturation) ও হৃদস্পন্দন পরিমাপক যন্ত্রের নাম পালস অক্সিমিটার।"
945,MAT 2021-2022,কেঁচো কোন অঙ্গের মাধ্যমে শ্বাসপ্রশ্বাস নেয়?,হৃদপিন্ড,ফুলকা,ত্বক,ফুসফুস,C,Annelida (কেঁচো)- সিক্ত দেহত্বক দ্বারা শ্বসন সম্পন্ন হয়।
946,MAT 2021-2022,কোন এনজাইম লালা গ্রন্থিতে পাওয়া যায়?,ট্রিপসিন,অ্যামাইলেজ,পেপসিন,টায়ালিন,D,"ট্রিপসিন এবং অ্যামাইলেজ অগ্ন্যাশয় গ্রন্থিতে পাওয়া যায়, পেপসিন গ্যাস্ট্রিক গ্রন্থিতে পাওয়া যায়, টায়ালিন এনজাইম লালা গ্রন্থিতে পাওয়া যায়।"
947,MAT 2021-2022,"কোন রক্ত কনিকা ""cell-mediated immunity” এর সাথে সম্পৃক্ত?",ইওসিনোফিল (Eosinophil),টি-লিম্ফোসাইট (T-lymphocyte),নিউট্রোফিল (Neutrophil),বেসোফিল (Basophil),B,T-lymphocyte cell mediated immunity প্রদান করে।
948,MAT 2021-2022,কোনটি autosomal recessive disorder?,থ্যালাসেমিয়া,লাল-সবুজ বর্ণান্ধতা,রাতকানা,হিমোফিলিয়া,A,"লাল-সবুজ বর্ণান্ধতা, রাতকানা, হিমোফিলিয়া- Sex-linked disorder. থ্যালাসেমিয়া- autosomal recessive disorder."
949,MAT 2021-2022,কোন এনজাইম আমিষ পরিপাকে সাহায্য করে?,ল্যাকটেজ,ট্রিপসিন,অ্যামাইলেজ,লাইপেজ,B,"ট্রিপসিন এনজাইম আমিষ পরিপাকে সাহায্য করে। ল্যাকটেজ, অ্যামাইলেজ এনজাইম শর্করা পরিপাকে সাহায্যে করে। লাইপেজ ফ্যাট পরিপাকে সাহায্য করে।"
950,MAT 2021-2022,কোন পদ্ধতিতে কোভিড ১৯ ভ্যাক্সিন প্রস্তুত করা হয় না?,উপএকক (Subunit vaccine),নিষ্ক্রিয় (Inactivated),এমআরএনএ (mRNA),বিষভিত্তিক (Toxoid),D,"উপএকক, নিষ্ক্রিয়, এমআরএনএ, প্রতিলিপিহীন ভাইরাল ভেক্টর, প্রোটিনের অংশ, ডিএনএ, ভাইরাসের ন্যায় বস্তু, প্রতিলিপি সক্ষম ভাইরাল ভেক্টর, অবনমিত ভাইরাস পদ্ধতিতে কোভিড ১৯ ভ্যাক্সিন প্রস্তুত করা হয়। বিষভিত্তিক (Toxoid) পদ্ধতিতে - Diptheria, Pertusis, Tetanus (DPT) ভ্যাক্সিন প্রস্তুত করা হয়।"
951,MAT 2020-2021,কোনটি ভাইরাস বৃদ্ধিতে বাঁধা দেয়?,Interferon,Lactorine,Lysozyme,Defensin,A,ইন্টারফেরন হলো প্রতিরক্ষামূলক প্রোটিন যা ভাইরাস আক্রান্ত কোষে উৎপন্ন হয়ে ভাইরাসের সংখ্যাবৃদ্ধিতে বাঁধা দেয়। এটি ক্যান্সার আক্রান্ত কোষের বৃদ্ধিতেও বাঁধা দিয়ে থাকে।
952,MAT 2020-2021,Alveolus থেকে অক্সিজেন রক্তে কিভাবে প্রবেশ করে?,Osmosis,Respiration,Transpiration,Diffusion,D,Diffusion বা ব্যাপন প্রক্রিয়ায় Alveolus এ ০₂ ও CO₂ গ্যাসের বিনিময় ঘটে।
953,MAT 2020-2021,কোনটি Exocrine গ্রন্থি নয়?,Thyroid gland,Pancreas,Liver,Salivary gland,A,"Thyroid gland থেকে শুধুমাত্র হরমোন (T3, T4 & Calcitonin) নিঃসৃত হয়। তাই এটি Endocrine gland."
954,MAT 2020-2021,কোনটি হাড়ের সাথে পেশি সংযুক্ত করে?,Myofibril,Ligament,Synovium,Tendon,D,"কন্ডরা/টেনডন (Tendon) - অস্থি ও পেশির মধ্যে সংযোগ স্থাপন করে।
লিগামেন্ট (Ligament) - দুটি অস্থিকে সংযুক্ত করে।
মায়োফাইব্রিল (Myofibril) - পেশি কোষের অভ্যন্তরে বিদ্যমান অতি সূক্ষ্ম তন্তু।
সাইনোভিয়াম (Synovium) - সাইনোভিয়াল অস্থিসন্ধির একটি আবরণী।"
955,MAT 2020-2021,মানবদেহের রক্তে কোন বাফার দ্রবণ (buffer solution) থাকে?,NaHCO3 and H2CO3,NH4Cl and NH4OH,CH3COONa and CH3COOH,Na2HPO4 and H3PO4,A,"মানবদেহের রক্তে তিন ধরনের বাফার সিস্টেম থাকে। যথা- বাইকার্বোনেট বাফার, ফসফেট বাফার ও
প্রোটিন বাফার। হিমোগ্লোবিন উৎকৃষ্ট বাফাররূপে রক্তের 'বাইকার্বনেট-কার্বনিক এসিড বাফার'-এর সামান্য (2%) নিয়ন্ত্রণ করে। ফসফেট বাফার সিস্টেম হলো আন্তঃকোষীয় বাফার। আর, প্রোটিন বাফার সিস্টেমটি প্লাজমা প্রোটিন ও হিমোগ্লোবিন প্রোটিন সমন্বয়ে গঠিত।"
956,MAT 2020-2021,কোনটি আমিষ পরিপাককারী (digesting) এনজাইম?,Lipase,Pepsin,Lactase,Isomaltase,B,"Lipase → স্নেহ পরিপাককারী এনজাইম।
Isomaltase, Lactase → শর্করা পরিপাককারী এনজাইম।
Pepsin, Trypsin, Chymotrypsin, Aminopeptidase, Carboxypeptidase, Tri/Di-peptidase প্রভৃতি → আমিষ পরিপাককারী এনজাইম।"
957,MAT 2020-2021,নেমাটোসিস্টের (Nematocyst) ভিতরে বিষাক্ত তরল পদার্থের নাম কী?,Hypnotoxin,Toxin,Hemocyanin,Hemozoin,A,নেমাটোসিস্টের ভেতর হিপনোটক্সিন (Hypnotoxin) নামক বিষাক্ত তরল থাকে যা প্রোটিন ও ফেনল দ্বারা গঠিত।
958,MAT 2020-2021,ঘাসফড়িং এর রক্ত কণিকার নাম কী?,Leukocyte,Erythrocyte,Thrombocyte,Hemocyte,D,"মানুষ - Leukocyte, Erythrocyte,Thrombocyte
রুইমাছ - Leukocyte, Erythrocyte
ঘাসফড়িং - Hemocyte"
959,MAT 2020-2021,ক্ষুদ্রান্ত্রের কোন স্তরে পানপাত্র সেল (Goblet cell) পাওয়া যায়?,Serosa,Muscularis mucosa,Mucosa,Submucosa,C,"ক্ষুদ্রান্ত্রে ৫টি স্তর বিদ্যমান। যথা- সেরোসা, পেশিস্তর, সাবমিউকোসা, মাসকিউলারিস মিউকোসা ও মিউকোসা। সাবমিউকোসা অ্যারিওলার যোজক টিস্যুতে নির্মিত এবং রক্তনালি ও স্নায়ু সমৃদ্ধ। আর, মিউকোসাতে গবলেট কোষ ও শোষণক্ষম কোষ রয়েছে।"
960,MAT 2020-2021,মাথার খুলিতে কয়টি হাড় রয়েছে?,23,33,29,17,C,
961,MAT 2020-2021,কোনটি attenuated টিকা?,Diphtheria vaccine,BCG vaccine,Hepatitis B vaccine,Tetanus vaccine,B,"Diphtheria -  টক্সোয়ড (Toxoid)
BCG - শক্তি হ্রাস (Attenuated)
Hepatitis B - উপএকক (Sub-unit)
Tetanus - টক্সোয়ড (Toxoid)"
962,MAT 2020-2021,কোন কোষ ম্যাক্রোফেজে (macrophages) রূপান্তরিত হয়?,Eosinophil,Monocyte,Basophil,Lymphocyte,B,পরিণত মনোসাইটকে ম্যাক্রোফেজ বলে যা ফ্যাগোসাইটোসিস এ সহায়তা করে।
963,MAT 2020-2021,কোন পদ্ধতিতে Hydra লম্বা দূরত্ব অতিক্রম করে?,ডিগবাজি (somersaulting),হামাগুড়ি (looping),সাঁতার,গ্লাইডিং (gliding),B,"ডিগবাজি (Somersaulting): এটি Hydra -এর সাধারণ ও দ্রুত চলন প্রক্রিয়া।
হামাগুড়ি (Looping): এটি জোঁকা চলন বা শুঁয়াপোকা চলন নামে পরিচিত। এ পদ্ধতিতে হাইড্রা লম্বা দূরত্ব অতিক্রম করে।"
964,MAT 2020-2021,কোষের কোথায় ক্রেবস চক্র (Krebs cycle) সংঘটিত হয়?,Cytoplasm,Ribosome,Mitochondria,Chloroplast,C,"ক্রেবস চক্র সবাত শ্বসনের একটি ধাপ যা মাইটোকন্ড্রিয়ার ম্যাট্রিক্সে সংঘটিত হয়। Sir Hans Adolf
Krebs এটি আবিষ্কার করেন। গ্লাইকোলাইসিস ছাড়া শ্বসনের সবকটি বিক্রিয়া (ক্রেবস চক্র, ETS/ অক্সিডেটিভ ফসফোরাইলেশন) মাইটোকন্ড্রিয়ায় ঘটে থাকে।"
965,MAT 2020-2021,কোন এনজাইম অগ্ন্যাশয়ে নাই?,Ptyalin,Maltase,Trypsin,Amylase,A,"Ptyalin এনজাইম লালায় পাওয়া যায়। অপরদিকে অগ্ন্যাশয়ে যে সব enzyme পাওয়া যায় সেগুলো হলো-
প্রোটিন পরিপাককারী -  ১. ট্রিপসিন, ২. কাইমোট্রিপসিন, ৩. কার্বোক্সিপেপটাইডেজ, ৪. অ্যামিনোপেপটাইডেজ, ৫. ট্রাইপেপটাইডেজ, ৬.ডাইপেপটাইডেজ, ৭. কোলাজিনেজ
শর্করা পরিপাককারী - ১. অ্যামাইলেজ ২. মল্টেজ
লিপিড পরিপাককারী -  ১. লাইপেজ ২. ফসফোলাইপেজ ৩. কোলেস্টেরল এস্টারেজ"
966,MAT 2020-2021,ভ্রূণে লোহিত কণিকাসমূহ নিম্নের কোথায় তৈরি হয়?,থাইমাস,অগ্ন্যাশয়,প্লীহা,অস্থি মজ্জা,"A,C","ভ্রূণীয় জীবনে লোহিত কণিকাসমূহ কুসুম থলি (৩ সপ্তাহ বয়সে) যকৃত, প্লীহা ও থাইমাস (৬ মাস বয়স পর্যন্ত) থেকে উৎপন্ন হয়। আর, ভূমিষ্ট হওয়ার সময় থেকে পশুকা, কশেরুকা, স্টার্নাম ও শ্রোণিচক্রের লাল অস্থিমজ্জায় অবস্থিত বড় নিউক্লিয়াসযুক্ত এরিথ্রোব্লাস্ট নামক স্টেমকোষ থেকে অবিরাম লোহিত কণিকা সৃষ্টি হয়।"
967,MAT 2020-2021,প্রাণিজগতের বৃহত্তম Phylum কোনটি?,Arthropoda,Porifera,Mollusca,Annelida,A,"প্রাণিজগতের বৃহত্তম পর্ব Arthropoda। এ পর্বে 12,57,040 প্রজাতির প্রাণী রয়েছে। আর দ্বিতীয় বৃহত্তম পর্ব হলো মলাস্কা। এ পর্বে 84,977 প্রজাতির প্রাণী রয়েছে।"
968,MAT 2020-2021,লিভারের কোন লোবটি পিত্তথলির সাথে সংযুক্ত থাকে?,Right lobe,Quadrate lobe,Left lobe,Caudate lobe,A,
969,MAT 2020-2021,মানুষের সোমাটিক কোষে কয়টি অটোসোম থাকে?,23,22,44,46,C,"সোমাটিক কোষ - 44
জনন কোষ - 22"
970,MAT 2020-2021,গ্রোথ হরমোন কোথায় তৈরি হয়?,Thalamus,Hypothalamus,Adrenal gland,Pituitary gland,D,"অগ্র পিটুইটারি গ্রন্থি থেকে বৃদ্ধিপোষক হরমোন (STH) বা Growth hormone তৈরি ও নিঃসৃত হয়। অগ্র পিটুইটারি গ্রন্থি থেকে আর যে সব হরমোন নিঃসৃত হয়- Prolactin, LH, ACTH, TSH, FSH ।"
971,MAT 2020-2021,Golgi complex কোনটি সংশ্লেষ (synthesis) করে না?,Sperm,Ribosome,Lysosome,Enzyme,B,"Golgi complex থেকে যা যা তৈরি বা সংশ্লেষিত (synthesis) হয়-
i. লাইসোসোম ও ভিটামিন
ii. অ-প্রোটিন জাতীয় পদার্থ
iii. প্রোটিন, হেমিসেলুলোেজ, মাইক্রোফাইব্রিল
iv. কোষপ্লেট
v. শুক্রাণু (Sperm) এর অ্যাক্রোসোম
vi. এনজাইম ও হরমোন/প্রাণরস (ক্ষরণ)"
972,AFMC 2019-2020,পেসমেকারে কোন ব্যাটারি ব্যবহৃত হয়?,লিথিয়াম,লেড,পটাশিয়াম,কার্বনিয়াম,A,"একটি লিথিয়াম ব্যাটারি, কম্পিউটারাইজড জেনারেটর ও শীর্ষেসেন্সরযুক্ত কতগুলো তার নিয়ে একটি পেসমেকার গঠিত হয়।"
973,AFMC 2019-2020,দ্বিপদ নামকরণের জনক কে?,ক্যারোলাস লিনিয়াস,বেন্থাম হুকার,থিওফ্রাস্টাস,মেন্ডেল,A,"দ্বি-পদ নামকরণের জনক: ১৭৫৮ সালে সুইডিস বিজ্ঞানী ক্যারোলাস লিনিয়াস
প্রাণিদের দ্বিপদ নামকরণের নীতি প্রবর্তন করেন। এ জন্য তাকে দ্বি-পদ নামকরনের
জনক বলা হয়।"
974,AFMC 2019-2020,অন্তঃশ্বসন প্রধানত কোষের কোথায় সংঘটিত হয়?,রাইবোজোম,মাইটোকন্ড্রিয়া,প্রোটপ্লাজম,প্লাস্টিক,B,সবাত শ্বসনের দ্বিতীয় পর্যায় ক্রেবস চক্র ও ইলেক্ট্রন ট্রান্সপোর্টচেইনের বিক্রিয়া সমূহ মাইটোকন্ড্রিয়াতে সংঘটিত হয়। এর মাধ্যমে ATP(Adenosine Triphosphate) অণুসংশ্লেষ করে যা সকল শক্তির উৎস বলে  মাইটোকন্ড্রিয়াকে Powerhouse of Cell বা কোষের শক্তিঘর বলে।
975,AFMC 2019-2020,নিচের কোনটি হিমোসিলোমেট?,কর্ডাটা,অ্যানিলিডা,আর্থ্রোপোডা,কোনটিই নয়,C,"আবার যখন প্রাণীদেহের প্রকৃত সিলোমটি প্রবাহমান তরল পূর্ণথাকে,তখন তাকে হিমোসিল বলে। এ ধরনের প্রাণীদের হিমোসিলোমেট বলা হয়। যেমন-তেলাপোকা,শামুক ইত্যাদি। অপ্রতিসমতা বা
অপ্রতিসাম্য[Asymmetry]  যখন কোন প্রাণীদেহকে দুই বা ততোধিক সদৃশ অংশে ভাগ করা যায় না,তখন তাকে অপ্রতিসাম্য বলে।"
976,AFMC 2019-2020,কোনটির 6 টি কোডন আছে?,লিউসিন,পাইসিন,GCU,অ্যাডেনিন,A,লিউসিনে ৬ টি কোডন আছে।
977,AFMC 2019-2020,অত্যাবশ্যকীয় অ্যামিনো এসিড নয় কোনটি?,হিস্টিডিন,আইসোলিউসিন,লাইসিন,অ্যালানিন,C,"খাদ্যে উপস্থিতির প্রয়োজনীয়তার ভিত্তিতে অ্যামিনো অ্যাসিড দুই ভাগে বিভক্ত। যথা-
১। অত্যাবশ্যকীয় অ্যামিনো অ্যাসিড। এরা দেহাভ্যন্তরে সংশ্লেষিত হয় না। উদাহরণ- লিউসিন, আইসোলিউসিন, লাইসিন, থ্রিওনিন, ভ্যালিন, মেথিওনিন, ফিনাইল অ্যালানিন এবং ট্রিপটোফ্যান (৮টি)। শিশুদের জন্য অত্যাবশ্যকীয় অ্যামিনো অ্যাসিড ১০টি। অতিরিক্ত- আরজিনিন ও হিস্টিডিন।
২। অনাত্যাবশ্যকীয় অ্যামিনো অ্যাসিড: এরা দেহাভ্যন্তরে সংশ্লেষিত হতে পারে। সংখ্যায় ১২টি এবং শিশুদের ক্ষেত্রে ১০টি।"
978,AFMC 2019-2020,ইনসুলিন কোথা থেকে নিঃসৃত হয়?,বিটা কোষ থেকে,আলফা কোষ থেকে,লিভার হতে,পিটুইটারী গ্ল্যান্ড হতে,A,ইনসুলিন অগ্ন্যাশয়ের ইনসুলিন নিঃসরণকারী কোষগুলো (আইল্যেটস অব ল্যাঙ্গারহেন্স-এর বিটা কোষ) থেকে নিঃসৃত হয়।
979,AFMC 2019-2020,মৎস্যখনি বলা হয়?,পালা,হালদা,পেরেক,কালামা,B,"হালদা নদী বাংলাদেশের পূর্ব-পাহাড়ি অঞ্চলের খাগড়াছড়ি ও চট্টগ্রাম জেলার একটি নদী। নদীটির দৈর্ঘ্য ১০৬ কিলোমিটার, গড় প্রস্থ ১৩৪ মিটার এবং নদীটির প্রকৃতি সর্পিলাকার। বাংলাদেশ পানি উন্নয়ন বোর্ডবা ""পাউবো"" কর্তৃক হালদা নদীর প্রদত্ত পরিচিতি নম্বর পূর্ব-পাহাড়ি অঞ্চলের নদী নং ১৬।এক মৎস্যখনি বলা হয়।"
980,AFMC 2019-2020,অ্যাপেন্ডিক্স কোথায় থাকে?,ক্ষুদ্রান্ত্র,সিকোমে,পাকস্থলি,লিভার,B,বৃহদান্ত্র ও ক্ষুদ্রান্ত্রের সংযোগস্থলে বৃহদান্ত্রের সঙ্গে যুক্ত একটি ছোট থলির মতো অঙ্গ থাকে। যাকে অ্যাপেন্ডিক্স বলা হয়। আমাদের দেহে এই অঙ্গের তেমন কোনো কাজ নেই। তবে বিশ্বের প্রায় ৫ শতাংশ মানুষের ক্ষেত্রে এই অঙ্গটি প্রাণঘাতী।
981,AFMC 2019-2020,পিত্তথলি কোথায় উন্মুক্ত হয়?,ক্ষুদ্রান্ত্রে,বৃহদ্রান্ত্রে,ডিওডেনামে,অগ্নাশয়ে,C,যকৃতের নিচের অংশে পিত্তথলি সংযুক্ত থাকে। এখানে পিত্তরস জমা হয়। পিত্তরস গাঢ় সবুজ বর্ণের এবং তিক্ত স্বাদ বিশিষ্ট। পিত্তরস প্রয়োজনে ডিউডেনামে এসে পরোক্ষভাবে পরিপাকে অংশ নেয়।
982,AFMC 2019-2020,কত BMI কে স্বাভাবিক ওজন হিসেবে ধরা হয়?,25.2-29.1,21.5-23.9,18.5-24.9,10.1-14.8,C,"ওজন (কি.গ্রা.) / উচ্চতা (মিটার) → শ্রেনী
< ১৮.৫০→ওজনহীনতা
১৮.৫০ – ২৪.৯ → স্বাভাবিক
২৫.০০ – ২৯.৯ → ওজনাধিক্য
৩০.০০ – ৩৪.৯ → গ্রেড-১ স্থুলতা
৩৫.০০ – ৩৯.৯→ গ্রেড-২ স্থুলতা
> ৪০.০০ →গ্রেড-৩ স্থুলতা/ রোগ গ্রস্থ চূড়ান্ত পর্যায়ের স্থুলতা"
983,AFMC 2019-2020,লোহিত রক্তকণিকার সাথে সম্পৃক্ত নয় কোনটি?,অক্সিজেন পরিবহন,কার্বন ডাই-অক্সাইড পরিবহন,ফ্যাগোসাইটোসিস,রক্তের সান্দ্রতা রক্ষা,C,"লোহিত কণিকার কাজ: (i) হিমোগ্লোবিনের মাধ্যমে ফুসফুস থেকে দেহকোষে অধিকাংশ O₂, ও সামান্য পরিমাণ CO₂, সরবরাহ করে। (ii) রক্তের ঘনত্ব ও আঠালো ভাব রক্ষা করে। (iii) হিমোগ্লোবিন বাফার হিসেবে রক্তে অম্ল-ক্ষারের সমতা রক্ষা করে এবং রক্তের সাধারণ ক্রিয়া বজায় রাখতে সাহায্য করে। (iv) রক্তের আয়নিক ভারসাম্য অব্যাহত রাখে। (v) রক্তরসের সাথে অভিস্রবণিক সম্পর্ক রক্ষা করে। (vi) প্লাজমাঝিল্লিতে সংযুক্ত অ্যান্টিজেন রক্তের গ্রুপিংয়ে সাহায্য করে। (vii) এসব কণিকা রক্তে বিলিভার্ডিন ও বিলিরুবিন উৎপন্ন করে।"
984,AFMC 2019-2020,কোনটি O₂ যুক্ত রক্ত পরিবহন করে?,পালমোনারি শিরা,পালমোনারি ধমনী,ফুসফুসীয় শিরা,ফুসফুসীয় ধমনী,A,সাধারনত শিরা অপরিশোধিত রক্ত (অক্সিজেন বিহীন বা ডিঅক্সিজিনেটেড রক্ত) বহন করে। ব্যতিক্রম ফুসফুসীয় শিরা যা অক্সিজেন যুক্ত রক্ত বা অক্সিজিনেটেড রক্ত বহন করে।
985,AFMC 2019-2020,কোনটি লালাগ্রন্থি নয়?,প্যারোটিড,সাবিন্ডিবুলার,সিবলিংউয়াল,ম্যাক্সিলারি,D,"স্তন্যপায়ী প্রাণীগুলির মধ্যে লালা গ্রন্থিগুলি এক্সোক্রাইন গ্রন্থি যা নলগুলির একটি সিস্টেমের মাধ্যমে লালা তৈরি করে। মানুষের তিনটি প্রধান প্রধান লালাগ্রন্থি (প্যারোটিড, সাবিন্ডিবুলার, এবং সিবলিংউয়াল) পাশাপাশি শত শত ক্ষতিকারক লালা গ্রন্থিও রয়েছে"
986,AFMC 2019-2020,স্বরযন্ত্রের তরুণাস্থি নয় কোনটি?,হাইওয়েড,থাইরয়েড,এরিটিনয়েড,এপিগ্লটিস,A,"হাইওয়েড হাড় একটি মাঝারি টুকরা, কর্পাস ওসিস হায়োইডি এবং চারটি তথাকথিত হাইয়েড হাড়ের শিং দিয়েগঠিত। দুটি শিং, মেডিক্যালি কর্নু মজুস , পিছনের দিকে নির্দেশ করে এবং একটি ছোট ঘন হওয়ার সাথে শেষ হয়।এটা স্বরযন্ত্রের নয়।"
987,AFMC 2019-2020,শ্রোণী অস্থি নয় কোনটি?,ইলিয়াম,ইশ্চিয়াম,পিউবিস,ভোমার,D,"নিতম্বাস্থি (ইনোমিনেট অস্থি, পেলভিক অস্থি) একটি বড় সমতল অস্থি,যা দেহের কেন্দ্রে থাকে এবং উপর ও নিচের দিকে প্রসারিত। এটি তিনটি অংশ নিয়ে গঠিতঃ ইলিয়াম,ইশ্চিয়াম ও পিউবিস।"
988,AFMC 2019-2020,দেহের ভারসাম্য রক্ষা করে কোনটি?,বহিঃকর্ণ,অন্তঃকর্ণ,মধ্যাকর্ণ,কোনটিই নয়,B,
989,AFMC 2019-2020,বয়ঃসন্ধিকালে জরায়ু বৃদ্ধি নিয়ন্ত্রণে ভূমিকা নেই কার?,কাইনিন,থাইরক্সিন,অক্সিন,টেস্টোস্টেরন,D,"টেস্টোস্টেরন পুরুষত্বের জন্য দায়ী প্রধান স্টেরয়েড হরমোন যা এন্ড্রোজেন গ্রুপের। মানুষ সহ সকল স্তন্যপায়ী,পাখি সরীসৃপ প্রাণীর শুক্রাশয়ে এটি উৎপন্ন হয়। স্তন্যপায়ী প্রাণীর ক্ষেত্রে পুরুষের শুক্রাশয় এবং নারীর ডিম্বাশয় থেকে উৎপন্ন হয়,যদিও স্বল্প পরিমাণ অ্যাড্রেনাল গ্রন্থি থেকে ক্ষরিত হয়।"
990,AFMC 2019-2020,গ্রন্থিরাজ বলা হয় কোনটিকে?,শুক্রাশয়,অগ্নাশয়,পিটুইটারি,লালা,C,"পিটুইটারি গ্রন্থি মস্তিষ্কের নিচের অংশে অবস্থিত। দেহের সবচেয়ে বেশি গুরুত্বপূর্ণনালিবিহীন গ্রন্থি হলেও এটি আকারে সবচেয়ে ক্ষুদ্র। এই গ্রন্থি থেকে গোনাডোট্রপিক, সোমাটোট্রপিক, থাইরয়েড উদ্দীপকে হরমোন, এডরেনোকর্টিকোট্রপিন ইত্যাদি হরমোন নিঃসৃতসৃ হয়। এই গ্রন্থি থেকে নিঃসৃতসৃ হরমোন সংখ্যায় যেমন বেশি, অপরদিকে অন্যান্য গ্রন্থির ওপর এসব হরমোনের প্রভাবও বেশি। এজন্য পিটুইটারি গ্রন্থিকে প্রধান/প্রভু গ্রন্থি বলা হয়।"
991,AFMC 2019-2020,মানবদেহে কোন ইউমিউনোগ্লোবিউলিন অনুপস্থিত?,IgB,IgM,IgD,IgA,A,"ইংরেজি শব্দ ইমিউনোগ্লোবিন (Immunoglobulin)-এর সংক্ষিপ্ত রূপ Ig-এর সাথে একটি ইংরেজি বর্ণযোগ করে একেকটি শ্রেণীকে নির্দেশ করা হয়। এই ৫টি শ্রেণী হল IgG, IgM, IgA, IgD, এবং IgE। এই পাঁচ শ্রেণীর প্রতিরক্ষিকা কেবল এদের কাঠামোর অপরিবর্তনশীল অঞ্চলের গঠনেই নয়, বরং কর্মস্থল অনুযায়ীও ভিন্ন হয়।"
992,AFMC 2019-2020,সেক্স লিঙ্কড জিন নয় কোনটি?,XY,ডাইবেটিস মেলাইটাস,XX,XYY,B,সেক্স লিঙ্কড জিনের ইনহেরিট্যান্স বা বংশগতি হলো এক ধরনের বিশেষ পদ্ধতি যার মাধ্যমে সেক্স লিঙ্কড জিন বা সেক্স ক্রোমোজোমাল বৈশিষ্ট্য সর্বদা পিতা হতে কন্যা এবং মাতা হতে পুত্রে সঞ্চারিত হয়। সকল একলিঙ্গিক প্রাণীতে দুই প্রকার ক্রোমোজোম দেখা যায়। অটোসোমাল ক্রোমোসোম বা অটোসোম ও সেক্স ক্রোমোসোম বা হেটারোসোম। প্রাণির লিঙ্গ নির্ধারণের ক্ষেত্রে অটোসোমগুলোর কোন ভুমিকা থাকে না। কিন্তু সেক্স ক্রোমোসোম লিঙ্গ নির্ধারণে সুস্পষ্ট ভূমিকা পালন করে। জীববিজ্ঞানীরা সেক্স ক্রোমোসোমকে X ক্রোমোসোম নামে অভিহিত করেন। এই X ক্রোমোসোমে অবস্থিত জিনগুলোকে সেক্স লিঙ্কড জিন বলে।
993,AFMC 2019-2020,রক্ত জমাট বাধার ফ্যাক্টর নয় কোনটি?,ফাইব্রিনোজেন,ফাইব্রিন,K,থ্রম্বিন,C,
994,AFMC 2018-2019,নিচের কোন প্রাণীটি ত্রিস্তরী?,অ্যামিবা,কেঁচো,হাইড্রা,ম্যালেরিয়া জীবাণু,B,"ত্রিস্তরী প্রাণীর উদাহরণ: কৃমি, শামুক, অক্টোপাস, কেঁচো,
জোঁক, চিংড়ি, মৌমাছি, ব্যাঙ, হাতি, মানুষ সবাই ত্রিস্তরী প্রাণী।"
995,DAT 2021-2022,কোন hormone পাকস্থলির এসিড নিঃসরণ নিয়ন্ত্রণ করে?,কোলোসিস্টোকাইনিন,সিক্রেটিন,এন্টেরোকাইনিন,গ্যাস্ট্রিন,D,গ্যাস্ট্রিন হরমোন পাকস্থলি থেকে নিঃসৃত HCI এসিডের নিঃসরণ নিয়ন্ত্রণ করে।
996,DAT 2021-2022,কোন কোষ বিভাজন পদ্ধতিতে RBC তৈরি হয়?,synopsis,mitosis,meiosis,amitiosis,B,মাইটোসিস পদ্ধতিতে লোহিত রক্তকণিকা তৈরী হয়।
997,DAT 2021-2022,কোন hormone রক্তে Na+ এবং K+ এর সমতা রক্ষা করে?,ইনসুলিন,থাইরোক্সিন,এলডোস্টেরন,এড্রেনালিন,C,অ্যাড্রেনাল কর্টেক্স থেকে ক্ষরিত অ্যালডোস্টেরন হরমোন Na+ ও K+ আয়নের সমতা রক্ষা করে।
998,DAT 2021-2022,স্বাভাবিক অবস্থায় হৃদপিন্ডের পেসমেকার কোনটি?,Bundle of His,SA node,AV node,Purkinje fiber,B,"স্বাভাবিক অবস্থায় হৃৎপিণ্ডের পেসমেকার → SA node,
সংরক্ষিত বা রিজার্ভ পেসমেকার → AV node."
999,DAT 2021-2022,নিচের কোন রক্তকণিকাটি স্মৃতিকোষ?,বেসোফিল,মনোসাইট,নিউট্রোফিল,লিম্ফোসাইট,D,স্মৃতিকোষ হলো লিম্ফোসাইট নামক অদানাদার শ্বেত রক্তকণিকা। এগুলো অ্যান্টিজেনকে চিহ্নিত ও মোকাবেলা করে।
1000,DAT 2021-2022,যকৃতে অবস্থিত ম্যাক্রোফেজকে কি কোষ বলে?,অস্টিওব্লাস্ট,কুফার কোষ,মাইক্রোগ্লিয়া,ডেনড্রাইটিক কোষ,B,"ম্যাক্রোফেজ:
কুফার কোষ → যকৃত,
অস্টিওব্লাস্ট → অস্থি,
মাইক্রোগ্লিয়া → মস্তিষ্ক"
